ts,rg1,rg2,rg1tt,rg2tt,rg1tp,rg2tp,temp_bmx,press_bmx,temp_mcp,temp_sht,humidity_sht,si1145_vis,si1145_ir,si1145_uv,wind_spd,wind_dir,wind_gust,wind_gust_dir,heat_idx,wet_bulb_temp,wet_bulb_globe_temp
2026-04-22T00:00:55Z,0,0,4.2,0,7.2,0,16,847.8,16.2,16.4,96.6,260,254,0,0,127,0,0,16.5,16,12.3
2026-04-22T00:16:18Z,0,0,4.2,0,7.2,0,16.3,847.7,16.4,16.6,96.6,262,254,0,0,127,0,0,16.8,16.2,12.5
2026-04-22T00:31:25Z,0,0,4.2,0,7.2,0,16.5,847.7,16.6,16.9,96.7,262,254,0,0,127,0,0,17,16.5,12.8
2026-04-22T00:46:32Z,0,0,4.2,0,7.2,0,16.8,847.4,16.8,17.1,96.8,260,254,0,0.1,127,0.7,0.7,17.3,16.7,13
2026-04-22T01:01:39Z,0,0,4.2,0,7.2,0,17,847.4,17.1,17.3,96.8,260,253,0,0,127,0,0,17.5,17,13.2
2026-04-22T01:16:46Z,0,0,4.2,0,7.2,0,17.1,847.5,17.2,17.5,96.8,261,255,0,0.1,127,0.4,0.4,17.6,17.1,13.4
2026-04-22T01:31:53Z,0,0,4.2,0,7.2,0,17.2,847.5,17.3,17.5,96.7,259,253,0,0,127,0,0,17.6,17.1,13.4
2026-04-22T01:47:00Z,0,0,4.2,0,7.2,0,17.3,847.4,17.4,17.5,96.2,259,253,0,0,142,0.2,0.2,17.7,17.1,13.4
2026-04-22T02:02:21Z,0,0,4.2,0,7.2,0,17.2,847.6,17.2,17.5,95.3,261,253,0,0.2,142,1.1,1.1,17.6,16.9,13.4
2026-04-22T02:17:26Z,0,0,4.2,0,7.2,0,17.3,847.7,17.4,17.5,95,260,254,0,0,142,0,0,17.7,16.9,13.4
2026-04-22T02:32:33Z,0,0,4.2,0,7.2,0,17.2,847.7,17.4,17.6,94.9,261,254,0,0,142,0,0,17.7,17,13.5
2026-04-22T02:47:40Z,0,0,4.2,0,7.2,0,17.2,847.9,17.4,17.6,94.9,258,254,0,0,142,0,0,17.7,17,13.5
2026-04-22T03:02:47Z,0,0,4.2,0,7.2,0,17.3,847.9,17.4,17.6,95,260,255,0,0,142,0,0,17.7,17,13.5
2026-04-22T03:17:54Z,0,0,4.2,0,7.2,0,17.3,847.8,17.5,17.6,95.1,260,258,0,0,142,0,0,17.8,17.1,13.5
2026-04-22T03:33:01Z,0,0,4.2,0,7.2,0,17.3,847.8,17.4,17.7,95.1,263,281,0,0,142,0,0,17.8,17.1,13.6
2026-04-22T03:48:25Z,0,0,4.2,0.1,7.2,0,17.4,847.7,17.6,17.8,95,282,492,0,0.1,142,0.4,0.4,17.9,17.2,13.7
2026-04-22T04:03:32Z,0,0,4.2,0.2,7.2,0,17.7,848,17.9,18.1,94.4,304,736,0,0.2,142,0.4,0.4,18.3,17.4,14
2026-04-22T04:18:39Z,0,0,4.2,0.3,7.2,0,18.1,848.1,18.2,18.3,91.9,314,759,0,0.1,142,0.7,0.7,18.4,17.3,14.1
2026-04-22T04:33:46Z,0,0,4.2,0.5,7.2,0,18.4,848.2,18.6,18.7,91.2,350,1200,0,0,142,0,0,18.8,17.6,14.5
2026-04-22T04:48:53Z,0,0,4.2,0.4,7.2,0,19.6,848.3,19.7,19.4,89.2,340,1097,0,0.1,142,0.4,0.4,19.6,18.1,15.2
2026-04-22T05:04:00Z,0,0,4.2,0.1,7.2,0,19.1,848.5,19.2,19.4,88.4,283,510,0,0,142,0,0,19.6,18,15.2
2026-04-22T05:19:07Z,0,0,4.2,0.3,7.2,0,18.6,848.6,18.8,19,87.4,313,830,0,0,142,0,0,19.2,17.5,14.8
2026-04-22T05:34:33Z,0,0,4.2,0.9,7.2,0,18.9,848.8,19,19.2,87.8,428,2046,0,0.3,139,0.9,0.9,19.3,17.7,14.9
2026-04-22T05:49:40Z,0,0,4.2,0.5,7.2,0,19.9,849,20,20.2,83.8,356,1168,0,0,125,0.4,0.4,20.4,18.2,15.9
2026-04-22T06:04:40Z,0,0,0,1.6,4.2,0,19.6,849.2,19.9,20,83.6,564,3479,0,0.4,162,1.5,1.5,20.1,18,15.7
2026-04-22T06:21:31Z,0,0,0,3.2,4.2,0,20.5,849.3,20.9,20.8,81,855,6848,0,0,200,0,0,20.9,18.4,16.4
2026-04-22T06:36:40Z,0,0,0,1.6,4.2,0,21.1,849.4,21.5,21.5,76.7,557,3311,0,0.4,147,1.5,1.5,21.6,18.6,17
2026-04-22T06:52:09Z,0,0,0,1.2,4.2,0,21.4,849.6,22.3,22,73.8,484,2510,0,0.5,184,2,2,22,18.6,17.3
2026-04-22T07:07:15Z,0,0,0,1.6,4.2,0,22.5,849.6,23.1,23,71.2,549,3100,0,0.1,133,0.4,0.4,23.1,19.2,18.2
2026-04-22T07:22:22Z,0,0,0,3.9,4.2,0,22.8,849.6,23,22.9,69.5,986,7948,0,0.4,48,0.7,0.7,23,18.9,18.1
2026-04-22T07:37:28Z,0,0,0,1.3,4.2,0,22.3,849.5,22.5,22.9,72.2,502,2737,0,0.1,124,0.4,0.4,23,19.3,18.2
2026-04-22T07:53:14Z,0,0,0,1.1,4.2,0,22.4,849.5,22.6,22.9,71.2,469,2472,0,0.3,186,0.9,0.9,23,19.2,18.2
2026-04-22T08:08:21Z,0,0,0,0.9,4.2,0,22,849.4,22.4,22.7,71.7,418,1944,0,0.1,134,0.4,0.4,22.8,19,18
2026-04-22T08:23:27Z,0,0,0,0.6,4.2,0,21.5,849.4,22,22,74.3,361,1343,0,0,153,0.2,0.2,22.1,18.7,17.4
2026-04-22T08:38:34Z,0,0,0,1,4.2,0,21.3,849.2,21.6,21.9,75.4,439,2172,0,0.4,167,1.3,1.3,22,18.7,17.3
2026-04-22T08:54:19Z,0,0,0,3.1,4.2,0,22.8,849,23.4,23.3,70,835,6257,0,0.3,174,0.9,0.9,23.4,19.4,18.5
2026-04-22T09:10:16Z,0,0,0,1.4,4.2,0,22.1,848.9,22.6,22.8,71.7,518,2972,0,0.6,133,1.7,1.7,22.9,19.1,18.1
2026-04-22T09:25:23Z,0,0,0,1.8,4.2,0,22.5,848.7,22.9,23.2,71.4,585,3583,0,0.1,68,0.4,0.4,23.3,19.4,18.4
2026-04-22T09:40:29Z,0,0,0,0.9,4.2,0,23.1,848.3,23.6,23.7,69.7,428,1744,0,0.6,66,1.5,1.5,23.8,19.7,18.8
2026-04-22T09:56:21Z,0,0,0,4.2,4.2,0,23.8,848,24.3,24.4,64.9,1036,8312,0,0.7,127,1.3,1.3,24.5,19.7,19.4
2026-04-22T10:11:27Z,0,0,0,3.7,4.2,0,24.7,847.8,25,25.3,60.1,940,7219,0,0.6,85,1.3,1.3,25.3,19.7,20
2026-04-22T10:27:21Z,0,0,0,1.3,4.2,0,24.1,847.7,24.8,24.6,62.9,503,2695,0,0,168,0.2,0.2,24.7,19.6,19.5
2026-04-22T10:42:28Z,0,0,0,4.6,4.2,0,24.1,847.4,24.8,24.6,63.3,1110,9264,0,0.4,165,1.5,1.5,24.7,19.7,19.6
2026-04-22T10:57:35Z,0,0,0,2.6,4.2,0,25.3,847.2,25.8,26,58.1,734,5055,0,0.7,110,1.3,1.3,26.1,20.1,20.6
2026-04-22T11:12:42Z,0,0,0,1.5,4.2,0,26.4,846.9,26.9,27.2,55.6,536,3084,0,0.3,132,0.7,0.7,28,20.8,22
2026-04-22T11:27:49Z,0,0,0,4.2,4.2,0,26.1,846.7,26.7,27,59.3,1049,8512,0,0.7,127,2.4,2.4,28,21.1,22
2026-04-22T11:43:28Z,0,0,0,1.4,4.2,0,26.2,846.7,26.6,27.2,56.1,508,2699,0,1,176,2.8,2.8,28,20.8,22
2026-04-22T11:58:35Z,0,0,0,3.2,4.2,0,25.3,846.4,25.9,26.1,59.2,859,6586,0,0.6,140,1.5,1.5,26.2,20.4,20.7
2026-04-22T12:14:24Z,0,0,0,0.7,4.2,0,25.5,846.2,26.1,26.4,56.8,392,1506,0,0.7,123,2,2,26.5,20.2,20.9
2026-04-22T12:30:24Z,0,0,0,0.7,4.2,0,24.7,846.1,25.1,25.5,59.3,393,1500,0,0.2,142,0.7,0.7,25.5,19.8,20.2
2026-04-22T12:45:30Z,0,0,0,0.8,4.2,0,25.3,846,25.9,26,58.1,410,1763,0,0.1,165,0.6,0.6,26.1,20.1,20.6
2026-04-22T13:01:28Z,0,0,0,2,4.2,0,25.2,845.9,25.7,25.9,59.8,639,4231,0,0.4,165,2,2,26,20.3,20.6
2026-04-22T13:17:26Z,0,0,0,0.5,4.2,0,24.4,845.9,24.9,25.2,60.4,345,1064,0,0.7,188,2.2,2.2,25.3,19.7,20
2026-04-22T13:32:33Z,0,0,0,0.4,4.2,0,23.7,846,24,24.3,63,328,846,0,0.5,117,2.2,2.2,24.3,19.3,19.2
2026-04-22T13:48:30Z,0,0,0,1,4.2,0,24.3,845.9,24.7,25.1,58.5,454,2249,0,1.2,123,3.1,3.1,25.1,19.4,19.9
2026-04-22T14:03:36Z,0,0,0,0.9,4.2,0,24.5,845.8,25,25.5,57.2,415,1877,0,0.7,121,2.8,2.8,25.6,19.6,20.2
2026-04-22T14:19:25Z,0,0,0,0.6,4.2,0,24.2,845.8,24.6,24.9,59.5,375,1441,0,0.7,151,2.4,2.4,24.9,19.3,19.7
2026-04-22T14:34:30Z,0,0,0,0.3,4.2,0,23.8,846,24.1,24.3,63,322,839,0,0.1,123,0.9,0.9,24.4,19.3,19.3
2026-04-22T14:49:37Z,0,0,0,0.2,4.2,0,23.2,846.2,23.4,23.5,64.7,294,519,0,0.6,160,2,2,23.6,18.9,18.6
2026-04-22T15:05:28Z,0,0,0,0.1,4.2,0,22.6,846.3,22.9,23,68,283,459,0,0.1,160,0.9,0.9,23.1,18.8,18.2
2026-04-22T15:21:28Z,0,0,0,0.1,4.2,0,22.1,846.4,22.3,22.5,70.2,269,346,0,0.7,160,2,2,22.5,18.6,17.8
2026-04-22T15:36:35Z,0,0,0,0,4.2,0,21.6,846.6,21.8,22,73.8,261,260,0,0.2,160,1.1,1.1,22.1,18.6,17.4
2026-04-22T15:52:32Z,0,0,0,0,4.2,0,21.2,846.7,21.2,21.5,76.3,261,254,0,0,160,0,0,21.6,18.5,17
2026-04-22T16:07:39Z,0,0,0,0,4.2,0,20.7,846.8,20.9,21.1,78.7,259,253,0,0,160,0,0,21.2,18.4,16.6
2026-04-22T16:23:38Z,0,0,0,0,4.2,0,20.4,846.8,20.5,20.8,79.5,262,253,0,0,160,0,0,20.9,18.2,16.3
2026-04-22T16:38:45Z,0,0,0,0,4.2,0,20.1,846.9,20.2,20.4,80.9,262,252,0,0,160,0,0,20.5,18,16
2026-04-22T16:53:52Z,0,0,0,0,4.2,0,19.9,847.2,20,20.1,83.6,261,254,0,0,160,0,0,20.2,18.1,15.7
2026-04-22T17:09:44Z,0,0,0,0,4.2,0,19.4,847.3,19.5,19.7,84.1,260,253,0,0,160,0,0,19.8,17.8,15.4
2026-04-22T17:24:51Z,0,0,0,0,4.2,0,19.3,847.5,19.4,19.6,84.6,260,252,0,0,160,0,0,19.7,17.7,15.3
2026-04-22T17:40:34Z,0,0,0,0,4.2,0,19.3,847.8,19.5,19.6,84.4,260,253,0,0,160,0,0,19.7,17.7,15.3
2026-04-22T17:55:40Z,0,0,0,0,4.2,0,19.5,848,19.7,19.8,84.3,261,254,0,0,160,0,0,19.9,17.8,15.4
2026-04-22T18:10:47Z,0,0,0,0,4.2,0,19.3,848.1,19.4,19.6,85.4,261,253,0,0,160,0,0,19.7,17.8,15.3
2026-04-22T18:25:55Z,0,0,0,0,4.2,0,18.9,848.2,19,19.2,86.9,261,254,0,0,160,0,0,19.3,17.6,14.9
2026-04-22T18:41:02Z,0,0,0,0,4.2,0,18.4,848.2,18.4,18.7,89,260,254,0,0,160,0,0,18.8,17.4,14.5
2026-04-22T18:56:38Z,0,0,0,0,4.2,0,18.1,848.6,18.1,18.4,90.4,260,252,0,0,160,0,0,18.5,17.2,14.2
2026-04-22T19:11:45Z,0,0,0,0,4.2,0,17.9,848.8,18,18.2,91.2,260,252,0,0,160,0,0,18.3,17.1,14
2026-04-22T19:26:52Z,0,0,0,0,4.2,0,17.9,848.9,18,18.2,91.6,259,253,0,0,160,0,0,18.3,17.2,14
2026-04-22T19:41:59Z,0,0,0,0,4.2,0,17.8,848.9,17.9,18.1,91.8,259,254,0,0,160,0,0,18.3,17.1,14
2026-04-22T19:57:06Z,0,0,0,0,4.2,0,17.7,848.9,17.9,18.1,92.9,260,253,0,0,160,0.2,0.2,18.2,17.2,13.9
2026-04-22T20:12:12Z,0,0,0,0,4.2,0,17.7,848.8,17.8,18,93.4,260,253,0,0,160,0,0,18.1,17.2,13.8
2026-04-22T20:27:35Z,0,0,0,0,4.2,0,17.5,848.7,17.6,17.8,93.8,259,253,0,0,160,0,0,18,17.1,13.7
2026-04-22T20:42:53Z,0,0,0,0,4.2,0,17.6,848.7,17.7,17.9,94.6,261,252,0,0,160,0,0,18,17.2,13.7
2026-04-22T20:57:59Z,0,0,0,0,4.2,0,17.6,848.6,17.8,17.9,94.8,261,254,0,0,160,0,0,18.1,17.3,13.8
2026-04-22T21:13:06Z,0,0,0,0,4.2,0,17.8,848.5,17.9,18.1,95.2,260,252,0,0,160,0.2,0.2,18.3,17.5,14
2026-04-22T21:28:13Z,0,0,0,0,4.2,0,17.9,848.5,18,18.2,94.7,259,254,0,0.7,160,2.2,2.2,18.4,17.6,14.1
2026-04-22T21:43:40Z,0,0,0,0,4.2,0,17.8,848.2,17.9,18.2,93.8,261,253,0,0,160,0,0,18.3,17.4,14
2026-04-22T21:58:46Z,0,0,0,0,4.2,0,17.6,848.1,17.7,17.9,93.5,261,253,0,0,160,0,0,18.1,17.1,13.8
2026-04-22T22:13:53Z,0,0,0,0,4.2,0,17.4,848,17.4,17.6,94.1,260,253,0,0,160,0,0,17.8,16.9,13.5
2026-04-22T22:29:00Z,0,0,0,0,4.2,0,17.3,847.6,17.2,17.5,94.9,261,253,0,0,160,0,0,17.7,16.9,13.4
2026-04-22T22:44:07Z,0,0,0,0,4.2,0,17.2,847.3,17.3,17.5,95.2,260,253,0,0,160,0.2,0.2,17.7,17,13.4
2026-04-22T22:59:14Z,0,0,0,0,4.2,0,17.4,847.3,17.4,17.7,95.4,261,254,0,0.2,160,0.8,0.8,17.8,17.1,13.6
2026-04-22T23:14:20Z,0,0,0,0,4.2,0,17.3,847.3,17.4,17.6,95.3,261,254,0,0,160,0,0,17.8,17.1,13.5
2026-04-22T23:29:42Z,0,0,0,0,4.2,0,17.3,847.1,17.4,17.6,95.3,260,255,0,0,160,0,0,17.8,17.1,13.5
2026-04-22T23:44:49Z,0,0,0,0,4.2,0,17.3,847,17.5,17.7,95.2,259,254,0,0.1,160,0.4,0.4,17.8,17.1,13.6
2026-04-23T00:00:56Z,0,0,0,0,4.2,0,17.3,847,17.4,17.6,94.8,260,254,0,0.2,160,0.7,0.7,17.8,17,13.5
2026-04-23T00:16:03Z,0,0,0,0,4.2,0,17.4,847.1,17.5,17.7,94.3,260,254,0,0.1,160,0.7,0.7,17.8,17,13.6
2026-04-23T00:31:10Z,0,0,0,0,4.2,0,17.3,847.1,17.4,17.7,94.1,259,253,0,0.2,160,0.9,0.9,17.8,17,13.6
2026-04-23T00:46:17Z,0,0,0,0,4.2,0,17.3,847,17.4,17.7,94.4,261,255,0,0.5,160,1.3,1.3,17.8,17,13.5
2026-04-23T01:01:24Z,0,0,0,0,4.2,0,17.3,847,17.4,17.6,94.4,260,255,0,0.6,160,1.7,1.7,17.8,16.9,13.5
2026-04-23T01:16:47Z,0,0,0,0,4.2,0,17.2,847.3,17.4,17.5,94.5,260,252,0,0.3,160,0.9,0.9,17.7,16.9,13.4
2026-04-23T01:31:54Z,0,0,0,0,4.2,0,17.3,847.4,17.4,17.6,94.4,260,253,0,0.1,160,0.7,0.7,17.8,16.9,13.5
2026-04-23T01:47:01Z,0,0,0,0,4.2,0,17.2,847.4,17.3,17.5,94.1,260,253,0,0,160,0,0,17.7,16.8,13.4
2026-04-23T02:02:08Z,0,0,0,0,4.2,0,17.2,847.6,17.3,17.5,94.1,260,252,0,0,160,0.2,0.2,17.7,16.8,13.4
2026-04-23T02:17:15Z,0,0,0,0,4.2,0,17,847.6,17.1,17.4,93.5,262,252,0,0.1,160,0.4,0.4,17.5,16.6,13.3
2026-04-23T02:32:22Z,0,0,0,0,4.2,0,17,847.8,17.1,17.4,93.6,260,254,0,0,160,0,0,17.5,16.6,13.2
2026-04-23T02:47:44Z,0,0,0,0,4.2,0,17,847.9,17.1,17.4,93.8,260,254,0,0.2,160,0.4,0.4,17.5,16.6,13.2
2026-04-23T03:02:51Z,0,0,0,0,4.2,0,17,848.2,17.1,17.3,93.9,259,253,0,0.5,160,1.1,1.1,17.4,16.6,13.2
2026-04-23T03:18:51Z,0,0,0,0,4.2,0,16.9,848.6,17.1,17.3,94.1,259,255,0,0.4,160,1.3,1.3,17.4,16.6,13.2
2026-04-23T03:33:58Z,0,0,0,0,4.2,0,16.9,848.8,17,17.3,94.4,261,269,0,0,160,0,0,17.4,16.6,13.1
2026-04-23T03:49:05Z,0,0,0,0,4.2,0,16.8,849,16.9,17.2,94.3,263,289,0,0,160,0.2,0.2,17.3,16.5,13.1
2026-04-23T04:04:12Z,0,0,0,0.1,4.2,0,16.9,849.2,17.1,17.3,94.5,275,407,0,0,160,0,0,17.4,16.6,13.1
2026-04-23T04:19:19Z,0,0,0,0.3,4.2,0,17.1,849.3,17.2,17.4,94.3,305,727,0,0,160,0,0,17.6,16.8,13.3
2026-04-23T04:34:26Z,0,0,0,0.4,4.2,0,17.4,849.6,17.6,17.7,93.1,325,944,0,0,160,0,0,17.9,16.9,13.6
2026-04-23T04:49:48Z,0,0,0,0.3,4.2,0,17.7,849.9,17.9,18,91.5,322,919,0,0,160,0,0,18.1,17,13.8
2026-04-23T05:04:54Z,0,0,0,0.4,4.2,0,18,850,18.2,18.3,90.5,338,1096,0,0,160,0.2,0.2,18.4,17.2,14.1
2026-04-23T05:20:02Z,0,0,0,0.7,4.2,0,18.7,850,18.9,19,88.9,387,1626,0,0.4,160,0.9,0.9,19.1,17.6,14.7
2026-04-23T05:35:09Z,0,0,0,0.9,4.2,0,19,850.1,19.2,19.1,86.8,420,1921,0,0.5,160,1.1,1.1,19.2,17.5,14.9
2026-04-23T05:50:40Z,0,0,0,1.4,4.2,0,19.3,850.1,19.6,19.5,86,511,2898,0,0.3,160,0.9,0.9,19.6,17.8,15.2
2026-04-23T06:06:06Z,0,0,0,1,0,0,19.7,850.1,20.1,19.8,83.9,453,2280,0,0.7,160,1.3,1.3,19.9,17.8,15.5
2026-04-23T06:21:12Z,0,0,0,2.7,0,0,20.3,850.1,20.7,20.5,80.3,754,5470,0,0.3,160,0.9,0.9,20.6,18,16.1
2026-04-23T06:36:23Z,0,0,0,1.8,0,0,21,850.2,21.6,21.4,76.3,592,3733,0,1,149,2,2,21.5,18.4,16.9
2026-04-23T06:52:10Z,0,0,0,0.9,0,0,20.1,850.3,20.6,20.6,76.9,422,1992,0,0.5,189,1.1,1.1,20.6,17.7,16.1
2026-04-23T07:07:18Z,0,0,0,1.6,0,0,21.9,850.3,22.5,22,71.9,549,3290,0,1.1,156,1.5,1.5,22.1,18.4,17.4
2026-04-23T07:22:24Z,0,0,0,2.7,0,0,23.4,850.2,24.4,23.6,64.8,768,5537,0,0.8,156,2,2,23.7,19,18.7
2026-04-23T07:37:31Z,0,0,0,1.7,0,0,23.6,850,24.1,24.1,62.8,567,3396,0,0.5,156,0.9,0.9,24.1,19.1,19.1
2026-04-23T07:53:17Z,0,0,0,1.3,0,0,23.4,850.1,23.8,23.8,64.9,501,2817,0,0,156,0.2,0.2,23.9,19.1,18.9
2026-04-23T08:09:17Z,0,0,0,1.4,0,0,22.9,850,23.4,23.4,66.4,522,3059,0,0.1,156,0.7,0.7,23.5,19,18.5
2026-04-23T08:24:23Z,0,0,0,3,0,0,25,849.8,25.2,24.9,64.2,826,6043,0,0.2,156,0.9,0.9,25,20,19.7
2026-04-23T08:39:30Z,0,0,0,3.5,0,0,24.1,849.5,24.7,24.8,57.5,918,7030,0,1,156,2,2,24.8,19,19.6
2026-04-23T08:55:20Z,0,0,0,4.1,0,0,25.1,849.4,25.9,25.8,56.2,1028,8182,0,0.5,108,1.5,1.5,25.8,19.6,20.4
2026-04-23T09:10:27Z,0,0,0,2.4,0,0,25,849.1,25.6,25.8,57.1,711,4969,0,0.4,143,1.5,1.5,25.8,19.8,20.4
2026-04-23T09:25:34Z,0,0,0,2.1,0,0,24.9,849,25.6,25.5,59.9,650,4305,0,0,143,0.2,0.2,25.6,19.9,20.2
2026-04-23T09:40:41Z,0,0,0,0.9,0,0,23.8,848.8,24.1,24,63.5,434,2142,0,0.3,224,0.9,0.9,24,19.1,19
2026-04-23T09:55:47Z,0,0,0,0.9,0,0,23.1,848.6,23.8,23.7,64.1,420,1996,0,0.9,165,2.2,2.2,23.7,18.9,18.7
2026-04-23T10:11:18Z,0,0,0,1.6,0,0,23.3,848.4,23.8,23.6,64.4,565,3415,0,0.2,165,1.1,1.1,23.7,18.9,18.7
2026-04-23T10:26:20Z,0,0,0,2.3,0,0,24.9,848,25.4,25.5,60.6,689,4720,0,0.3,164,0.8,0.8,25.6,20,20.2
2026-04-23T10:42:19Z,0,0,0,1,0,0,23.1,847.7,23.7,23.6,65.7,440,2129,0,0.4,161,1.5,1.5,23.7,19,18.7
2026-04-23T10:57:25Z,0,0,0,4.7,0,0,24.6,847.3,25.2,25.1,65.7,1135,9429,0,0,161,0,0,25.2,20.4,19.9
2026-04-23T11:14:17Z,0,0,0,4.4,0,0,25.9,847.1,26.2,26.4,61,1074,8821,0,0.1,168,0.7,0.7,26.5,20.9,20.9
2026-04-23T11:29:23Z,0,0,0,1.1,0,0,25.1,846.9,25.7,26,59.6,457,2324,0,0.4,125,1.1,1.1,26.1,20.4,20.6
2026-04-23T11:45:23Z,0,0,0,1.8,0,0,23,846.9,23.3,23.6,68.5,588,3617,0,0.8,133,1.7,1.7,23.7,19.4,18.7
2026-04-23T12:00:30Z,0,0,0,0.6,0,0,22.8,846.8,23,23.2,68.7,362,1333,0,0.5,157,2.2,2.2,23.3,19.1,18.4
2026-04-23T12:16:16Z,0,0,0,0.7,0,0,22.3,846.6,22.6,22.7,70.6,392,1564,0,2,171,5.2,5.2,22.8,18.9,18
2026-04-23T12:31:23Z,0,0,0,0.4,0,0,22.2,846.4,22.4,22.5,71.2,337,966,0,0.7,161,1.5,1.5,22.6,18.8,17.8
2026-04-23T12:46:30Z,0,0,0,2.9,0,0,22.7,846.2,22.9,23,69.4,799,6076,0,0.1,177,0.7,0.7,23.1,19,18.3
2026-04-23T13:01:36Z,0,0,0,1.1,0,0,23.1,846.1,23.4,23.5,68,452,2290,0,0.5,164,1.5,1.5,23.6,19.3,18.7
2026-04-23T13:16:43Z,0,0,0,0.4,0,0,22.8,845.9,23.2,23.2,69.7,339,1068,0,0.4,164,1.3,1.3,23.3,19.2,18.4
2026-04-23T13:32:24Z,0,0,0,0.2,0,0,22,845.8,22.2,22.3,71.8,303,589,0,0.2,216,0.9,0.9,22.4,18.7,17.6
2026-04-23T13:47:33Z,0,0,0,1.3,0,0,22.1,845.8,22.4,22.5,71.6,492,2725,0,0.5,187,1.1,1.1,22.6,18.8,17.8
2026-04-23T14:02:40Z,0,0,0,0.5,0,0,23.5,846,24.2,24.4,63.1,352,1186,0,1.4,154,3.1,3.1,24.5,19.4,19.3
2026-04-23T14:17:46Z,0,0,0,0.2,0,0,22.5,846,22.9,23,67.7,290,452,0,0,167,0.2,0.2,23.1,18.8,18.2
2026-04-23T14:32:53Z,0,0,0,0.1,0,0,21.8,846.1,22.1,22.3,71,282,386,0,0,167,0,0,22.4,18.6,17.7
2026-04-23T14:48:20Z,0,0,0,0.1,0,0,21.3,846.3,21.6,21.7,71.3,277,371,0,0.2,167,0.7,0.7,21.8,18.1,17.1
2026-04-23T15:03:28Z,0,0,0,0.1,0,0,21,846.3,21.2,21.4,70.1,275,364,0,0.2,123,1,1,21.4,17.6,16.8
2026-04-23T15:18:36Z,0,0,0,0.1,0,0,20.7,846.4,20.9,21.1,71.8,271,336,0,0.1,168,0.9,0.9,21.1,17.5,16.5
2026-04-23T15:34:34Z,0,0,0,0,0,0,20.4,846.5,20.5,20.7,73.3,261,260,0,0,188,0,0,20.8,17.4,16.2
2026-04-23T15:50:28Z,0,0,0,0,0,0,20.2,846.7,20.3,20.5,74.8,261,253,0,0.1,115,1.1,1.1,20.5,17.3,16
2026-04-23T16:05:35Z,0,0,0,0,0,0,20.1,846.8,20.2,20.5,76,260,254,0,0,115,0,0,20.5,17.5,16
2026-04-23T16:20:42Z,0,0,0,0,0,0,19.9,847,20.1,20.2,77.2,261,252,0,0,121,0,0,20.3,17.4,15.8
2026-04-23T16:36:33Z,0,0,0,0,0,0,19.5,847.1,19.7,19.9,79.3,258,253,0,0.1,109,0.4,0.4,20,17.4,15.6
2026-04-23T16:51:40Z,0,0,0,0,0,0,19.3,847.2,19.4,19.6,80.8,260,254,0,0.4,101,1.1,1.1,19.7,17.2,15.3
2026-04-23T17:06:48Z,0,0,0,0,0,0,19,847.4,19.1,19.4,82.4,261,253,0,0.1,122,0.7,0.7,19.4,17.2,15
2026-04-23T17:22:42Z,0,0,0,0,0,0,18.8,847.6,18.9,19.1,83.9,259,254,0,0.1,123,0.4,0.4,19.2,17.1,14.8
2026-04-23T17:38:38Z,0,0,0,0,0,0,18.6,847.7,18.8,19,84.7,260,254,0,0.2,123,0.9,0.9,19.1,17.1,14.7
2026-04-23T17:53:44Z,0,0,0,0,0,0,18.5,847.9,18.6,18.8,85.7,260,253,0,0,123,0,0,18.9,17.1,14.6
2026-04-23T18:08:51Z,0,0,0,0,0,0,18.3,848,18.5,18.7,86.3,260,255,0,0.3,111,1.3,1.3,18.7,17,14.4
2026-04-23T18:23:58Z,0,0,0,0,0,0,18.5,848.1,18.6,18.8,85.9,262,253,0,0,119,0,0,18.8,17,14.5
2026-04-23T18:39:37Z,0,0,0,0,0,0,18.5,848.5,18.6,18.8,85.6,262,253,0,0.7,119,1.7,1.7,18.9,17.1,14.6
2026-04-23T18:54:44Z,0,0,0,0,0,0,18.6,848.6,18.8,18.9,85.3,260,254,0,0.1,189,0.4,0.4,19,17.1,14.6
2026-04-23T19:09:50Z,0,0,0,0,0,0,18.5,848.7,18.6,18.9,86,259,254,0,0.1,189,0.4,0.4,19,17.2,14.6
2026-04-23T19:24:57Z,0,0,0,0,0,0,18.4,848.8,18.6,18.8,86.3,259,253,0,0.2,165,0.4,0.4,18.9,17.1,14.6
2026-04-23T19:40:04Z,0,0,0,0,0,0,18.4,848.7,18.6,18.8,86.2,259,253,0,0.2,125,0.7,0.7,18.9,17.2,14.6
2026-04-23T19:55:11Z,0,0,0,0,0,0,18.4,848.8,18.6,18.8,86.7,261,254,0,0,103,0,0,18.9,17.2,14.6
2026-04-23T20:10:34Z,0,0,0,0,0,0,18.5,848.8,18.6,18.8,86.6,260,254,0,0,113,0,0,18.9,17.2,14.6
2026-04-23T20:25:41Z,0,0,0,0,0,0,18.5,848.7,18.6,18.8,86.9,259,253,0,0,113,0.2,0.2,18.9,17.2,14.6
2026-04-23T20:40:48Z,0.2,0,2.4,0,0,0,17.8,848.9,17.8,18,92.2,260,255,0,1.3,184,2.9,2.9,18.2,17.1,13.9
2026-04-23T20:55:55Z,0,0,5,0,0,0,17.3,848.7,17.5,17.7,93.8,259,253,0,0,186,0,0,17.9,17,13.6
2026-04-23T21:11:02Z,0,0,5.4,0,0,0,17.4,848.4,17.5,17.7,94.6,261,254,0,0,186,0,0,17.9,17.1,13.6
2026-04-23T21:26:09Z,0,0,5.6,0,0,0,17.3,848.2,17.4,17.7,94.9,259,253,0,0,186,0,0,17.8,17.1,13.6
2026-04-23T21:41:16Z,0,0,5.6,0,0,0,17.4,847.9,17.5,17.8,95.3,260,253,0,0,186,0,0,17.9,17.2,13.6
2026-04-23T21:56:38Z,0,0,5.6,0,0,0,17.4,847.9,17.4,17.7,95.6,260,253,0,0,186,0,0,17.9,17.2,13.6
2026-04-23T22:11:45Z,0,0,5.6,0,0,0,17.2,847.7,17.3,17.6,95.5,260,254,0,0,186,0,0,17.7,17,13.5
2026-04-23T22:26:52Z,0,0,5.6,0,0,0,17.1,847.8,17.2,17.5,95.6,260,253,0,0,186,0,0,17.7,17,13.4
2026-04-23T22:41:59Z,0,0,5.6,0,0,0,17.2,847.6,17.3,17.5,95.7,259,253,0,0,186,0,0,17.7,17,13.4
2026-04-23T22:57:48Z,0,0,5.6,0,0,0,17.1,847.3,17.2,17.4,95.8,261,254,0,0,186,0,0,17.6,16.9,13.3
2026-04-23T23:12:55Z,0,0,5.6,0,0,0,17.2,847.2,17.4,17.6,96,262,254,0,0,186,0,0,17.8,17.1,13.5
2026-04-23T23:28:02Z,0,0,5.6,0,0,0,17.4,847.1,17.4,17.7,96.1,260,253,0,0,187,0.2,0.2,17.9,17.3,13.6
2026-04-23T23:43:09Z,0,0,5.8,0,0,0,17.3,847.1,17.4,17.6,96.2,260,254,0,0,186,0,0,17.8,17.2,13.5
2026-04-23T23:58:15Z,0,0,5.8,0,0,0,17.1,847,17.2,17.5,96.2,261,254,0,0,186,0,0,17.7,17,13.4
2026-04-24T00:00:17Z,0,0,5.8,0,0,0,17.1,847.1,17.2,17.5,96.2,260,253,0,0,186,0,0,17.6,17,13.4
2026-04-24T00:15:38Z,0,0,5.8,0,0,0,17,847.2,17.1,17.4,96.3,260,254,0,0,186,0,0,17.5,16.9,13.3
2026-04-24T00:30:45Z,0,0,5.8,0,0,0,16.9,847.1,17.1,17.3,96.3,260,253,0,0,186,0,0,17.4,16.8,13.2
2026-04-24T00:45:47Z,0,0,5.8,0,0,0,16.9,847.2,17.1,17.3,96.4,260,254,0,0,186,0,0,17.5,16.9,13.2
2026-04-24T01:00:55Z,0,0,5.8,0,0,0,17,847.2,17.1,17.3,96.4,259,253,0,0,186,0,0,17.5,16.9,13.2
2026-04-24T01:16:02Z,0,0,5.8,0,0,0,17,847.2,17,17.3,96.5,260,253,0,0,186,0,0,17.5,16.9,13.2
2026-04-24T01:31:09Z,0,0,5.8,0,0,0,17,847.1,17.1,17.4,96.6,261,254,0,0,186,0,0,17.5,17,13.3
2026-04-24T01:46:15Z,0,0,5.8,0,0,0,17,847.2,17.1,17.3,96.6,260,253,0,0,186,0,0,17.5,16.9,13.2
2026-04-24T02:01:42Z,0,0,5.8,0,0,0,16.7,847.2,16.8,17.1,96.7,260,255,0,0,186,0,0,17.2,16.7,13
2026-04-24T02:16:49Z,0,0,5.8,0,0,0,16.5,847.3,16.6,16.9,96.7,259,253,0,0,186,0,0,17,16.5,12.8
2026-04-24T02:31:55Z,0,0,5.8,0,0,0,16.5,847.4,16.6,16.9,96.8,261,254,0,0,186,0,0,17,16.5,12.8
2026-04-24T02:47:01Z,0,0,5.8,0,0,0,16.7,847.5,16.8,17.1,96.9,260,253,0,0,186,0,0,17.2,16.7,13
2026-04-24T03:02:08Z,0,0,5.8,0,0,0,16.8,847.5,16.9,17.1,97,259,253,0,0,186,0,0,17.3,16.8,13.1
2026-04-24T03:17:15Z,0,0,5.8,0,0,0,16.7,847.8,16.8,17.1,97.1,262,262,0,0,186,0,0,17.3,16.8,13
2026-04-24T03:32:21Z,0,0,5.8,0,0,0,16.7,847.9,16.8,17.1,97.1,265,304,0,0,186,0,0,17.3,16.7,13
2026-04-24T03:47:45Z,0,0,5.8,0.1,0,0,16.8,847.7,16.9,17.2,97.1,273,381,0,0,186,0,0,17.3,16.8,13.1
2026-04-24T04:02:52Z,0,0,5.8,0.1,0,0,16.9,848,17,17.2,97.1,279,400,0,0,186,0,0,17.3,16.8,13.1
2026-04-24T04:17:58Z,0,0,5.8,0.3,0,0,16.8,848.2,16.8,17.1,97.2,307,753,0,0,186,0,0,17.3,16.8,13
2026-04-24T04:33:05Z,0,0,5.8,0.4,0,0,17.2,848.1,17.2,17.5,97.2,324,887,0,0,186,0,0,17.7,17.2,13.5
2026-04-24T04:48:11Z,0,0,5.8,0.3,0,0,17.4,848.2,17.6,17.8,97.1,305,616,0,0,186,0,0,17.9,17.4,13.7
2026-04-24T05:03:45Z,0,0,5.8,1.4,0,0,17.6,848.5,17.8,17.8,97.1,526,3264,0,0.2,187,0.7,0.7,18,17.4,13.7
2026-04-24T05:19:09Z,0,0,5.8,0.8,0,0,17.9,848.8,18.1,18.1,93.3,402,1733,0,0.6,187,1.1,1.1,18.2,17.3,13.9
2026-04-24T05:34:15Z,0,0,5.8,0.8,0,0,18.5,848.6,18.7,18.5,89.8,412,1801,0,0.4,262,1.5,1.5,18.6,17.3,14.3
2026-04-24T05:49:21Z,0,0,5.8,0.6,0,0,18.6,848.5,18.9,18.6,85.6,370,1307,0,0,262,0.2,0.2,18.7,16.9,14.4
2026-04-24T06:04:27Z,0,0,0,0.6,5.8,0,20.6,848.6,20.8,20.2,84.4,375,1433,0,0,262,0.2,0.2,20.4,18.3,15.9
2026-04-24T06:19:33Z,0,0,0,0.4,5.8,0,19.8,848.6,20.1,19.8,82.7,339,999,0,0,262,0.2,0.2,19.8,17.6,15.4
2026-04-24T06:35:20Z,0,0,0,2.7,5.8,0,21.4,848.6,21.8,21.1,75.2,752,5522,0,0.6,171,1.4,1.4,21.2,18,16.6
2026-04-24T06:50:26Z,0,0,0,3.1,5.8,0,23.2,848.6,23.7,22.8,65.8,829,6319,0,1.2,251,2.2,2.2,22.8,18.3,18
2026-04-24T07:06:25Z,0,0,0,2.1,5.8,0,22.8,848.5,23.8,22.9,66.2,647,4207,0,0.6,168,1.3,1.3,22.9,18.5,18.1
2026-04-24T07:22:21Z,0,0,0,1,5.8,0,23.2,848.4,23.9,22.6,66.4,437,2034,0,0.4,259,0.9,0.9,22.7,18.2,17.9
2026-04-24T07:38:19Z,0,0,0,0.8,5.8,0,21.3,848.4,21.7,21.2,70.8,413,1753,0,0.2,158,1,1,21.2,17.5,16.6
2026-04-24T07:53:25Z,0,0,0,4,5.8,0,22.8,848.4,23.2,23.1,68,996,7984,0,0.3,103,1.3,1.3,23.2,18.9,18.3
2026-04-24T08:08:31Z,0,0,0,4,5.8,0,22.4,848.2,23.1,22.6,62.4,1006,8069,0,0.7,200,1.3,1.3,22.6,17.7,17.8
2026-04-24T08:24:23Z,0,0,0,3.4,5.8,0,23,848,24,23.2,61.1,898,7079,0,0.9,173,1.3,1.3,23.2,18.1,18.3
2026-04-24T08:39:29Z,0,0,0,4.2,5.8,0,23.6,847.8,24.7,24,63.1,1048,8476,0,0,173,0.4,0.4,24.1,19.1,19
2026-04-24T08:55:24Z,0,0,0,0.6,5.8,0,23.9,847.6,24.4,24,58,377,1334,0,0.1,264,0.4,0.4,24,18.3,18.9
2026-04-24T09:10:29Z,0,0,0,4.5,5.8,0,24.3,847.4,24.9,24.9,56.4,1092,9001,0,0.5,164,1.1,1.1,24.9,18.8,19.6
2026-04-24T09:25:35Z,0,0,0,1,5.8,0,24.5,847.2,25.2,24.9,55.9,444,2025,0,0.5,165,0.9,0.9,24.9,18.8,19.7
2026-04-24T09:41:25Z,0,0,0,1.1,5.8,0,24.1,847.1,24.6,24.2,59.3,471,2385,0,0.5,166,1.5,1.5,24.3,18.7,19.2
2026-04-24T09:56:34Z,0,0,0,3.6,5.8,0,24.5,846.9,24.9,24.7,60.3,934,7183,0,0.3,166,1.1,1.1,24.8,19.3,19.6
2026-04-24T10:11:41Z,0,0,0,1.3,5.8,0,24.3,846.6,24.5,24.8,55.8,498,2715,0,0.2,166,0.7,0.7,24.8,18.7,19.6
2026-04-24T10:26:47Z,0,0,0,1.2,5.8,0,24.5,846.5,24.9,25.2,54.9,488,2655,0,0.2,74,1.1,1.1,25.2,18.9,19.9
2026-04-24T10:41:54Z,0,0,0,1.9,5.8,0,25.3,846.3,25.6,25.9,55.1,611,3911,0,0.5,75,1.7,1.7,25.9,19.6,20.5
2026-04-24T10:58:25Z,0,0,0,2.6,5.8,0,25.7,846.2,26,26.5,50.3,738,5190,0,0.8,118,3.5,3.5,26.5,19.3,20.9
2026-04-24T11:13:31Z,0,0,0,2.3,5.8,0,25,845.9,25.6,25.9,51,682,4453,0,1.1,81,1.7,1.7,25.9,18.9,20.4
2026-04-24T11:29:25Z,0,0,0,1.9,5.8,0,24.9,845.9,25.4,25.5,54.8,605,3758,0,0.4,127,2.2,2.2,25.6,19.2,20.2
2026-04-24T11:45:25Z,0,0,0,4.2,5.8,0,25.5,845.6,26.1,26.3,55.6,1041,8515,0,0.3,77,0.9,0.9,26.3,20,20.8
2026-04-24T12:00:42Z,0,0,0,1.5,5.8,0,24.9,845.5,25.2,26,53.8,532,2964,0,1.5,117,3.1,3.1,26,19.5,20.6
2026-04-24T12:16:27Z,0,0,0,2.7,5.8,0,25.3,845.3,25.9,26.2,52.2,768,5540,0,0.1,77,1.5,1.5,26.3,19.4,20.7
2026-04-24T12:31:33Z,0,0,0,2.9,5.8,0,26.7,845.1,27.4,27.9,49.1,799,5934,0,0,75,0.2,0.2,28.3,20.4,22.2
2026-04-24T12:46:39Z,0,0,0,1.2,5.8,0,26.7,845,27.4,28,46.7,478,2551,0,0.3,75,2,2,28.1,20,22.1
2026-04-24T13:02:32Z,0,0,0,0.9,5.8,0,25.2,845.1,25.7,26.2,53.5,426,1996,0,0.2,75,1.1,1.1,26.3,19.6,20.7
2026-04-24T13:18:30Z,0,0,0,0.9,5.8,0,24.1,845.1,24.4,25,56.4,417,1868,0,0.3,106,0.9,0.9,25,18.9,19.7
2026-04-24T13:33:32Z,0,0,0,0.9,5.8,0,24.3,845,24.7,25,57.6,432,2051,0,0.2,81,0.9,0.9,25.1,19.2,19.8
2026-04-24T13:48:38Z,0,0,0,1.6,5.8,0,24.4,845.1,24.8,25.3,56.4,565,3590,0,0.6,108,1.7,1.7,25.4,19.3,20.1
2026-04-24T14:04:36Z,0,0,0,0.6,5.8,0,24.6,845.2,25.3,25.8,57.2,366,1288,0,0,82,0.2,0.2,25.8,19.8,20.4
2026-04-24T14:20:33Z,0,0,0,0.3,5.8,0,23.9,845.4,24.4,24.8,60.1,323,814,0,0.3,86,0.8,0.8,24.8,19.3,19.6
2026-04-24T14:35:50Z,0,0,0,0.3,5.8,0,22.7,845.5,23.1,23.3,66.1,313,742,0,0.4,175,1.5,1.5,23.3,18.8,18.4
2026-04-24T14:50:56Z,0,0,0,0.2,5.8,0,22.2,845.6,22.4,22.7,67.9,297,583,0,0.3,88,0.9,0.9,22.7,18.5,17.9
2026-04-24T15:06:40Z,0,0,0,0.1,5.8,0,21.9,845.8,22.1,22.2,69.1,279,433,0,0,73,0.2,0.2,22.3,18.2,17.5
2026-04-24T15:21:46Z,0,0,0,0.1,5.8,0,21.6,845.9,21.8,22,69.8,267,310,0,0.9,76,2.2,2.2,22,18.1,17.3
2026-04-24T15:37:41Z,0,0,0,0,5.8,0,21.2,846.1,21.4,21.6,69.3,262,260,0,0.1,77,0.4,0.4,21.6,17.7,17
2026-04-24T15:53:41Z,0,0,0,0,5.8,0,21,846.2,21.1,21.3,70,261,255,0,0.4,79,1.3,1.3,21.3,17.5,16.7
2026-04-24T16:08:47Z,0,0,0,0,5.8,0,20.8,846.3,20.9,21.1,72.6,260,252,0,0.4,79,1.5,1.5,21.2,17.7,16.6
2026-04-24T16:23:53Z,0,0,0,0,5.8,0,20.8,846.5,20.9,21.1,74.2,260,254,0,0.3,79,0.7,0.7,21.2,17.9,16.6
2026-04-24T16:39:49Z,0,0,0,0,5.8,0,20.7,846.7,20.8,21,75.9,261,254,0,0,79,0,0,21.1,18,16.5
2026-04-24T16:55:48Z,0,0,0,0,5.8,0,20.5,847,20.7,20.9,76.2,261,253,0,0.1,79,0.4,0.4,20.9,17.9,16.4
2026-04-24T17:11:42Z,0,0,0,0,5.8,0,20.4,847.2,20.6,20.8,76.5,261,254,0,0.2,79,0.7,0.7,20.9,17.8,16.3
2026-04-24T17:26:49Z,0,0,0,0,5.8,0,20.4,847.4,20.5,20.7,77.4,260,253,0,0.2,79,0.4,0.4,20.8,17.9,16.3
2026-04-24T17:41:56Z,0,0,0,0,5.8,0,20.2,847.6,20.4,20.6,77.9,259,254,0,0,79,0,0,20.7,17.9,16.2
2026-04-24T17:57:02Z,0,0,0,0,5.8,0,20.2,847.9,20.2,20.5,77.4,261,254,0,0,79,0.2,0.2,20.6,17.7,16.1
2026-04-24T18:13:34Z,0,0,0,0,5.8,0,20,848.2,20.1,20.3,77.6,261,254,0,0,79,0,0,20.4,17.5,15.9
2026-04-24T18:28:40Z,0,0,0,0,5.8,0,19.8,848.2,19.9,20.2,77.3,260,253,0,0,79,0,0,20.2,17.4,15.8
2026-04-24T18:43:47Z,0,0,0,0,5.8,0,19.7,848.3,19.8,20,77.5,260,254,0,0,79,0,0,20.1,17.3,15.6
2026-04-24T18:58:53Z,0,0,0,0,5.8,0,19.5,848.3,19.7,19.8,77.7,261,253,0,0,79,0,0,19.9,17.1,15.4
2026-04-24T19:14:00Z,0,0,0,0,5.8,0,19.4,848.4,19.6,19.8,77.2,260,254,0,0.3,79,1.1,1.1,19.8,17,15.4
2026-04-24T19:29:07Z,0,0,0,0,5.8,0,19.2,848.5,19.4,19.6,78.5,260,252,0,0,79,0.2,0.2,19.7,17,15.2
2026-04-24T19:44:13Z,0,0,0,0,5.8,0,19.1,848.4,19.3,19.5,78.9,260,253,0,0.5,79,1.7,1.7,19.5,16.9,15.1
2026-04-24T19:59:34Z,0,0,0,0,5.8,0,18.9,848.4,19.1,19.3,80.6,261,253,0,0,79,0.2,0.2,19.3,16.9,15
2026-04-24T20:14:41Z,0,0,0,0,5.8,0,18.5,848.4,18.6,18.9,82.3,261,253,0,0.1,79,0.4,0.4,19,16.8,14.6
2026-04-24T20:29:46Z,0,0,0,0,5.8,0,18.1,848.4,18.2,18.5,84.9,259,254,0,0,79,0.2,0.2,18.6,16.7,14.3
2026-04-24T20:44:53Z,0,0,0,0,5.8,0,17.8,848.4,17.9,18.1,86.9,261,255,0,0,79,0,0,18.2,16.6,13.9
2026-04-24T20:59:59Z,0,0,0,0,5.8,0,17.7,848.4,17.8,18,88.8,259,253,0,0.1,79,0.4,0.4,18.1,16.6,13.8
2026-04-24T21:15:05Z,0,0,0,0,5.8,0,17.7,848.3,17.8,18,89.5,260,252,0,0,79,0,0,18.1,16.7,13.8
2026-04-24T21:30:12Z,0,0,0,0,5.8,0,17.5,848.4,17.6,17.8,90.5,261,253,0,0,79,0,0,17.9,16.7,13.6
2026-04-24T21:45:37Z,0,0,0,0,5.8,0,17.3,848.4,17.4,17.6,91.9,262,253,0,0.1,79,0.2,0.2,17.7,16.6,13.5
2026-04-24T22:00:44Z,0,0,0,0,5.8,0,17.3,848.4,17.3,17.6,92,261,254,0,0,79,0,0,17.8,16.7,13.5
2026-04-24T22:15:50Z,0,0,0,0,5.8,0,17.3,848.2,17.4,17.6,92.1,261,253,0,0,79,0.2,0.2,17.7,16.7,13.5
2026-04-24T22:30:57Z,0,0,0,0,5.8,0,17.4,848,17.5,17.7,92.4,259,254,0,0,79,0,0,17.9,16.8,13.6
2026-04-24T22:46:03Z,0,0,0,0,5.8,0,17.3,847.9,17.4,17.7,92.5,259,253,0,0,79,0.2,0.2,17.8,16.8,13.5
2026-04-24T23:01:09Z,0,0,0,0,5.8,0,17.4,847.6,17.5,17.7,92.8,259,253,0,0,79,0.2,0.2,17.8,16.8,13.6
2026-04-24T23:16:15Z,0,0,0,0,5.8,0,17.4,847.4,17.5,17.7,92.9,262,253,0,0.1,79,0.7,0.7,17.9,16.9,13.6
2026-04-24T23:31:41Z,0,0,0,0,5.8,0,17.4,847.3,17.5,17.7,93,260,253,0,0.1,79,0.6,0.6,17.8,16.9,13.6
2026-04-24T23:46:48Z,0,0,0,0,5.8,0,17.4,847.2,17.5,17.7,93,260,254,0,0,79,0,0,17.9,16.9,13.6
2026-04-25T00:00:54Z,0,0,0,0,5.8,0,17.4,847.2,17.5,17.8,92.9,260,254,0,0.1,79,0.4,0.4,17.9,16.9,13.6
2026-04-25T00:16:00Z,0,0,0,0,5.8,0,17.5,847.1,17.6,17.8,92.9,261,254,0,0,79,0,0,17.9,16.9,13.6
2026-04-25T00:31:07Z,0,0,0,0,5.8,0,17.5,847.2,17.6,17.8,93,260,253,0,0,79,0.2,0.2,18,17,13.7
2026-04-25T00:46:13Z,0,0,0,0,5.8,0,17.5,847.2,17.6,17.8,93.1,261,253,0,0,79,0,0,17.9,16.9,13.6
2026-04-25T01:01:19Z,0,0,0,0,5.8,0,17.4,847,17.5,17.7,93.2,260,253,0,0,79,0,0,17.9,16.9,13.6
2026-04-25T01:16:44Z,0,0,0,0,5.8,0,17.4,847.1,17.4,17.7,93.4,260,254,0,0.4,79,0.9,0.9,17.8,16.9,13.5
2026-04-25T01:31:50Z,0,0,0,0,5.8,0,17.3,847.1,17.3,17.6,93.5,259,253,0,0.1,79,0.4,0.4,17.7,16.8,13.5
2026-04-25T01:46:57Z,0,0,0,0,5.8,0,17,847.2,17.1,17.3,93.5,260,253,0,0,79,0,0,17.5,16.6,13.2
2026-04-25T02:02:04Z,0,0,0,0,5.8,0,17,847.5,17.1,17.4,94.4,259,253,0,0,79,0,0,17.5,16.7,13.2
2026-04-25T02:17:11Z,0,0,0,0,5.8,0,17.2,847.5,17.2,17.5,94.5,260,254,0,0,79,0,0,17.6,16.8,13.4
2026-04-25T02:32:17Z,0,0,0,0,5.8,0,17.2,847.7,17.4,17.6,94.4,260,253,0,0,79,0,0,17.7,16.9,13.4
2026-04-25T02:47:24Z,0,0,0,0,5.8,0,17.1,847.8,17.2,17.5,93.9,259,252,0,0,79,0,0,17.6,16.7,13.3
2026-04-25T03:02:48Z,0,0,0,0,5.8,0,17.2,848.1,17.3,17.6,93.7,260,253,0,0,79,0.2,0.2,17.7,16.8,13.4
2026-04-25T03:17:55Z,0,0,0,0,5.8,0,17.4,848.3,17.6,17.7,93.3,260,256,0,0.4,79,0.7,0.7,17.9,16.9,13.6
2026-04-25T03:33:02Z,0,0,0,0.1,5.8,0,17.2,848.5,17.3,17.6,93.1,266,309,0,0.1,79,0.6,0.6,17.7,16.8,13.4
2026-04-25T03:48:09Z,0,0,0,0.1,5.8,0,17.1,848.8,17.2,17.4,93.3,278,420,0,0,79,0,0,17.6,16.6,13.3
2026-04-25T04:03:16Z,0,0,0,0.2,5.8,0,17.2,849.1,17.3,17.5,93.6,291,576,0,0,79,0,0,17.6,16.7,13.4
2026-04-25T04:18:59Z,0,0,0,0.2,5.8,0,17.4,849.2,17.6,17.7,93.2,298,613,0,0,79,0,0,17.9,16.9,13.6
2026-04-25T04:34:22Z,0,0,0,0.3,5.8,0,17.6,849.6,17.8,17.9,92.1,311,762,0,0,79,0,0,18,17,13.8
2026-04-25T04:49:29Z,0,0,0,0.3,5.8,0,17.9,849.8,18.1,18.2,90.4,316,830,0,0.1,79,0.4,0.4,18.4,17.1,14.1
2026-04-25T05:04:36Z,0,0,0,0.4,5.8,0,18.2,849.8,18.3,18.5,88.6,324,931,0,0,79,0,0,18.6,17.2,14.3
2026-04-25T05:19:43Z,0,0,0,0.3,5.8,0,18.6,849.9,18.6,18.9,87.6,322,918,0,0.1,79,0.4,0.4,19,17.4,14.7
2026-04-25T05:34:50Z,0,0,0,0.5,5.8,0,18.8,849.9,18.8,19,87.5,352,1265,0,0,79,0.2,0.2,19.1,17.5,14.8
2026-04-25T05:49:56Z,0,0,0,1.5,5.8,0,20,850,19.9,20,84.5,532,3111,0,0.5,79,1.1,1.1,20.1,18.1,15.7
2026-04-25T06:05:51Z,0,0,0,1.1,0,0,20.8,850.1,20.4,20.5,81,468,2415,0,0.5,78,1,1,20.6,18.1,16.1
2026-04-25T06:20:58Z,0,0,0,1.2,0,0,21.3,850.2,21.3,21.4,78.5,491,2706,0,0.1,79,0.7,0.7,21.6,18.7,16.9
2026-04-25T06:36:05Z,0,0,0,1.8,0,0,21.2,850.3,21.4,21.8,75.6,601,3833,0,0.2,79,0.9,0.9,21.9,18.7,17.2
2026-04-25T06:51:28Z,0,0,0,1.7,0,0,22.9,850.3,23,23.1,73,565,3441,0,0,79,0,0,23.3,19.6,18.4
2026-04-25T07:06:35Z,0,0,0,1.6,0,0,22.7,850.3,22.6,22.9,72.2,561,3419,0,0.1,79,0.4,0.4,23,19.3,18.2
2026-04-25T07:21:42Z,0,0,0,1,0,0,22.6,850.3,22.6,23.1,72.2,448,2258,0,0,79,0,0,23.2,19.4,18.3
2026-04-25T07:36:48Z,0,0,0,0.6,0,0,22,850.3,22.1,22.5,71.3,362,1380,0,0.1,79,0.4,0.4,22.6,18.8,17.8
2026-04-25T07:51:55Z,0,0,0,0.8,0,0,21.4,850.2,21.4,21.9,72.5,405,1839,0,0.4,79,1.3,1.3,22,18.4,17.3
2026-04-25T08:07:02Z,0,0,0,1.5,0,0,21.8,850.1,22,22.4,73,532,3161,0,0,79,0,0,22.5,18.9,17.7
2026-04-25T08:22:40Z,0,0,0,3.5,0,0,23.6,849.9,23.6,23.6,67.3,912,7018,0,0.2,79,0.9,0.9,23.7,19.3,18.7
2026-04-25T08:37:47Z,0,0,0,1.7,0,0,22.3,849.6,22.8,22.1,70.6,572,3447,0,1.2,79,1.7,1.7,22.2,18.3,17.4
2026-04-25T08:52:53Z,0,0,0,1.3,0,0,22.9,849.3,23.6,23,65.4,501,2688,0,0.3,79,1.3,1.3,23,18.4,18.2
2026-04-25T09:08:01Z,0,0,0,3,0,0,23.9,849,24.4,24.1,63.5,810,5948,0,0.1,174,0.4,0.4,24.2,19.2,19.1
2026-04-25T09:23:08Z,0,0,0,4.1,0,0,24.4,848.7,25.2,25,60,1021,8175,0,0.7,80,2.2,2.2,25,19.5,19.8
2026-04-25T09:38:14Z,0,0,0,1.6,0,0,23.5,848.4,24.2,24.2,61.6,555,3309,0,1.2,178,2.6,2.6,24.3,19,19.2
2026-04-25T09:53:37Z,0,0,0,5.2,0,0,24.3,848.1,24.8,25,61.3,1220,10555,0,0.1,87,0.9,0.9,25.1,19.7,19.8
2026-04-25T10:08:43Z,0,0,0,2.9,0,0,25.1,848,26,25.7,59.3,801,5957,0,0.7,208,1.5,1.5,25.7,20,20.3
2026-04-25T10:23:44Z,0,0,0,3,0,0,23.8,847.8,24.5,24.5,63.6,817,5993,0,1,172,1.5,1.5,24.6,19.6,19.4
2026-04-25T10:38:51Z,0,0,0,3.8,0,0,24.8,847.4,25.1,25.6,61.4,975,7772,0,0.7,78,2.8,2.8,25.7,20.3,20.3
2026-04-25T10:54:46Z,0,0,0,3.9,0,0,25.3,847.1,25.8,26.1,59.2,986,7934,0,0.9,52,2.8,2.8,26.3,20.4,20.7
2026-04-25T11:09:52Z,0,0,0,3.8,0,0,25.5,846.8,26.2,26.4,54.8,959,7563,0,1.6,186,2.6,2.6,26.5,20,20.9
2026-04-25T11:24:59Z,0,0,0,1.4,0,0,25.2,846.6,25.9,26.1,56,515,2691,0,0.7,77,2.4,2.4,26.1,19.9,20.6
2026-04-25T11:40:06Z,0,0,0,3.6,0,0,25.9,846.5,26.5,26.6,56.4,932,7315,0,0.2,84,0.7,0.7,27.4,20.4,21.6
2026-04-25T11:55:13Z,0,0,0,3.5,0,0,25.6,846.4,26.3,26.5,57.3,902,7069,0,0,159,0,0,26.5,20.4,21
2026-04-25T12:10:19Z,0,0,0,2.8,0,0,25.7,846.2,26.3,26.5,57.4,773,5565,0,0.5,135,2,2,26.6,20.5,21
2026-04-25T12:25:44Z,0,0,0,1,0,0,24.1,846.1,24.7,24.7,61.9,441,1945,0,0.4,190,1.7,1.7,24.8,19.5,19.6
2026-04-25T12:40:50Z,0,0,0,0.6,0,0,25.5,846,26,26.3,57.8,369,1232,0,0.6,174,1.3,1.3,26.4,20.3,20.8
2026-04-25T12:55:57Z,0,0,0,0.6,0,0,24.5,845.9,25.1,25.2,60.2,373,1264,0,0.4,92,1.3,1.3,25.3,19.7,20
2026-04-25T13:11:04Z,0,0,0,2.1,0,0,25.4,846,26.1,26.3,56.3,649,4395,0,0.5,92,1.1,1.1,26.4,20.1,20.8
2026-04-25T13:26:10Z,0,0,0,0.4,0,0,25.4,845.8,26.4,26.4,57.2,330,872,0,0.3,164,1.3,1.3,26.5,20.4,20.9
2026-04-25T13:41:46Z,0,0,0,0.4,0,0,24.1,845.9,24.5,24.7,61.4,341,1036,0,0.4,167,1.3,1.3,24.7,19.4,19.6
2026-04-25T13:57:08Z,0,0,0,0.9,0,0,24.3,846,24.8,24.9,60.7,423,1991,0,0.7,186,2.2,2.2,25,19.5,19.8
2026-04-25T14:12:20Z,0,0,0,0.4,0,0,24.2,846.1,24.7,25.1,60.8,333,953,0,0.2,119,0.9,0.9,25.2,19.7,19.9
2026-04-25T14:27:26Z,0,0,0,0.3,0,0,23.7,846.1,24.1,24.3,63.9,314,773,0,0.2,148,0.7,0.7,24.3,19.4,19.2
2026-04-25T14:42:32Z,0,0,0,0.2,0,0,23.1,846.2,23.4,23.5,68.1,301,628,0,0,116,0.2,0.2,23.6,19.3,18.7
2026-04-25T14:57:39Z,0,0,0,0.2,0,0,22.7,846.3,22.9,23.1,69.1,288,490,0,0,113,0.2,0.2,23.1,19,18.3
2026-04-25T15:13:16Z,0,0,0,0.1,0,0,22.4,846.6,22.6,22.7,71.7,274,367,0,0.1,119,0.4,0.4,22.8,19,18
2026-04-25T15:28:22Z,0,0,0,0,0,0,22,846.8,22.1,22.3,73.1,264,279,0,0.1,92,0.9,0.9,22.4,18.8,17.7
2026-04-25T15:43:29Z,0,0,0,0,0,0,21.6,847,21.7,21.9,74.7,259,256,0,0,92,0,0,22,18.6,17.3
2026-04-25T15:59:19Z,0,0,0,0,0,0,21.2,847.1,21.2,21.5,76.7,260,254,0,0,92,0,0,21.6,18.6,17
2026-04-25T16:14:19Z,0,0,0,0,0,0,20.9,847.3,21.1,21.2,77.3,259,254,0,0.1,92,1.1,1.1,21.3,18.4,16.7
2026-04-25T16:29:25Z,0,0,0,0,0,0,20.7,847.5,20.9,21,78.8,261,254,0,0.5,92,2,2,21.1,18.4,16.6
2026-04-25T16:44:32Z,0,0,0,0,0,0,20.4,847.8,20.6,20.8,81.3,260,254,0,0.1,92,0.7,0.7,20.9,18.4,16.4
2026-04-25T17:00:22Z,0,0,0,0,0,0,20.3,848,20.5,20.7,82.4,261,254,0,0.3,92,1.1,1.1,20.8,18.5,16.3
2026-04-25T17:15:29Z,0,0,0,0,0,0,20,848.3,20.2,20.4,84,260,252,0,0,92,0.2,0.2,20.6,18.4,16.1
2026-04-25T17:30:35Z,0,0,0,0,0,0,19.9,848.6,20,20.2,84.5,260,254,0,0,92,0.2,0.2,20.4,18.3,15.9
2026-04-25T17:45:42Z,0,0,0,0,0,0,19.6,848.9,19.8,20,84.7,258,254,0,0.1,92,0.4,0.4,20.1,18.1,15.7
2026-04-25T18:01:18Z,0,0,0,0,0,0,19.6,849,19.7,19.9,84.6,261,254,0,0,92,0.7,0.7,20,18,15.6
2026-04-25T18:16:25Z,0,0,0,0,0,0,19.5,849.1,19.7,19.9,84.7,260,253,0,0,92,0.2,0.2,20,18,15.6
2026-04-25T18:31:31Z,0,0,0,0,0,0,19.5,849,19.6,19.8,83.6,259,253,0,0.3,92,0.9,0.9,19.9,17.8,15.5
2026-04-25T18:46:37Z,0,0,0,0,0,0,19.4,849.1,19.5,19.7,83.5,260,254,0,0,92,0,0,19.8,17.7,15.4
2026-04-25T19:02:21Z,0,0,0,0,0,0,19.3,849.2,19.4,19.6,84.1,260,253,0,0,92,0,0,19.7,17.7,15.3
2026-04-25T19:17:27Z,0,0,0,0,0,0,19.2,849.5,19.4,19.5,85,259,254,0,0,92,0,0,19.6,17.7,15.2
2026-04-25T19:32:34Z,0,0,0,0,0,0,19.1,849.6,19.2,19.4,84.9,260,254,0,0,92,0,0,19.5,17.6,15.1
2026-04-25T19:47:41Z,0,0,0,0,0,0,19.1,849.6,19.2,19.4,84.7,260,253,0,0,92,0,0,19.5,17.5,15.1
2026-04-25T20:02:47Z,0,0,0,0,0,0,19.1,849.6,19.2,19.4,85.2,261,254,0,0,92,0,0,19.5,17.6,15.1
2026-04-25T20:17:54Z,0,0,0,0,0,0,19.1,849.5,19.3,19.4,84.8,260,254,0,0.2,92,0.9,0.9,19.5,17.6,15.1
2026-04-25T20:33:18Z,0,0,0,0,0,0,19.2,849.4,19.4,19.6,84.5,261,253,0,0.3,92,1.1,1.1,19.7,17.7,15.3
2026-04-25T20:48:24Z,0,0,0,0,0,0,19.1,849.4,19.2,19.4,85.2,261,253,0,0.4,92,0.9,0.9,19.5,17.6,15.1
2026-04-25T21:03:31Z,0,0,0,0,0,0,18.8,849.4,18.9,19.2,86.1,259,254,0,0,92,0.2,0.2,19.3,17.5,14.9
2026-04-25T21:18:37Z,0,0,0,0,0,0,18.8,849.3,18.9,19.2,86.6,260,253,0,0.1,92,0.7,0.7,19.3,17.5,14.9
2026-04-25T21:33:43Z,0,0,0,0,0,0,18.9,849.1,19.1,19.3,85.9,261,253,0,0.6,92,1.7,1.7,19.4,17.6,15
2026-04-25T21:48:50Z,0,0,0,0,0,0,18.9,848.9,19.1,19.3,86.4,260,253,0,0,92,0.2,0.2,19.4,17.6,15
2026-04-25T22:03:56Z,0,0,0,0,0,0,18.8,848.8,18.9,19.1,87.3,260,253,0,0.3,92,1.1,1.1,19.3,17.6,14.9
2026-04-25T22:19:21Z,0,0,0,0,0,0,18.7,848.8,18.8,19.1,87.8,260,253,0,1,92,1.5,1.5,19.2,17.6,14.8
2026-04-25T22:34:28Z,0,0,0,0,0,0,18.7,848.6,18.9,19.1,88.2,259,255,0,0.2,92,0.4,0.4,19.2,17.6,14.8
2026-04-25T22:49:34Z,0,0,0,0,0,0,18.6,848.6,18.8,19,89.1,260,254,0,0.3,92,1.1,1.1,19.2,17.7,14.8
2026-04-25T23:04:41Z,0,0,0,0,0,0,18.6,848.5,18.8,19,89.3,260,254,0,0.3,92,1.3,1.3,19.1,17.7,14.7
2026-04-25T23:19:47Z,0,0,0,0,0,0,18.5,848.5,18.7,18.9,89.7,260,253,0,0,92,0.4,0.4,19,17.6,14.7
2026-04-25T23:34:54Z,0,0,0,0,0,0,18.5,848.4,18.6,18.8,90,261,252,0,0.3,92,0.7,0.7,19,17.6,14.6
2026-04-25T23:50:32Z,0,0,0,0,0,0,18.5,848.4,18.6,18.8,90.4,259,253,0,0.1,92,0.4,0.4,18.9,17.6,14.6
2026-04-26T00:00:36Z,0,0,0,0,0,0,18.4,848.4,18.6,18.8,90.7,259,253,0,0.2,92,0.9,0.9,18.9,17.6,14.6
2026-04-26T00:15:43Z,0,0,0,0,0,0,18.3,848.4,18.5,18.7,90.8,261,254,0,0.7,92,1.3,1.3,18.8,17.6,14.5
2026-04-26T00:30:50Z,0,0,0,0,0,0,18.3,848.4,18.5,18.7,90.8,260,253,0,0.7,92,1.4,1.4,18.8,17.5,14.5
2026-04-26T00:45:56Z,0,0,0,0,0,0,18.3,848.5,18.4,18.7,90.6,259,254,0,0.8,92,2.4,2.4,18.8,17.5,14.5
2026-04-26T01:01:03Z,0,0,0,0,0,0,18.2,848.6,18.4,18.6,90.7,260,254,0,0.1,92,0.5,0.5,18.8,17.5,14.4
2026-04-26T01:16:27Z,0,0,0,0,0,0,18.2,848.7,18.3,18.5,91,260,254,0,0,92,0,0,18.7,17.5,14.4
2026-04-26T01:31:33Z,0,0,0,0,0,0,18.1,848.7,18.2,18.5,91.3,261,255,0,0.1,92,0.7,0.7,18.7,17.5,14.4
2026-04-26T01:46:40Z,0,0,0,0,0,0,18.1,848.7,18.2,18.5,91.5,260,255,0,0,92,0,0,18.6,17.4,14.3
2026-04-26T02:01:47Z,0,0,0,0,0,0,18,848.8,18.1,18.4,91.3,260,254,0,0,92,0,0,18.5,17.3,14.2
2026-04-26T02:16:54Z,0,0,0,0,0,0,18,848.8,18.1,18.4,91.4,260,253,0,0,92,0,0,18.5,17.4,14.2
2026-04-26T02:32:01Z,0,0,0,0,0,0,18,849,18.1,18.4,91.5,261,254,0,0,92,0.2,0.2,18.5,17.4,14.2
2026-04-26T02:47:07Z,0,0,0,0,0,0,18,849.2,18.1,18.3,91.3,259,253,0,0,92,0,0,18.5,17.3,14.1
2026-04-26T03:02:39Z,0,0,0,0,0,0,18,849.3,18.1,18.3,91.3,261,252,0,0,92,0.2,0.2,18.4,17.3,14.1
2026-04-26T03:18:34Z,0,0,0,0,0,0,18,849.6,18.1,18.3,91.5,260,254,0,0,92,0.2,0.2,18.5,17.3,14.2
2026-04-26T03:33:57Z,0,0,0,0,0,0,18,849.8,18.1,18.3,91.8,262,268,0,0,92,0,0,18.5,17.3,14.2
2026-04-26T03:49:04Z,0,0,0,0,0,0,18,850.2,18.1,18.4,92.1,265,303,0,0.1,92,0.4,0.4,18.5,17.4,14.2
2026-04-26T04:04:11Z,0,0,0,0.1,0,0,18,850.4,18.1,18.3,92.1,275,407,0,0,92,0,0,18.4,17.3,14.1
2026-04-26T04:19:17Z,0,0,0,0.2,0,0,18,850.4,18.2,18.4,91.8,286,512,0,0.3,92,1.3,1.3,18.5,17.4,14.2
2026-04-26T04:35:07Z,0,0,0,0.2,0,0,18.2,850.5,18.3,18.5,91.3,288,550,0,0.6,92,1.3,1.3,18.7,17.5,14.4
2026-04-26T04:50:13Z,0,0,0,0.3,0,0,18.4,850.8,18.6,18.8,90.9,322,890,0,0.1,92,0.4,0.4,19,17.7,14.6
2026-04-26T05:05:19Z,0,0,0,0.6,0,0,18.8,851,18.9,19.1,89.5,372,1413,0,0.5,92,0.9,0.9,19.3,17.9,14.9
2026-04-26T05:20:26Z,0,0,0,0.5,0,0,19.2,851,19.3,19.6,88.2,351,1218,0,0,92,0.2,0.2,19.8,18.2,15.4
2026-04-26T05:35:33Z,0,0,0,0.5,0,0,19.5,851.3,19.6,20,85.4,358,1244,0,0.6,92,0.9,0.9,20.1,18.2,15.6
2026-04-26T05:50:39Z,0,0,0,0.5,0,0,19.6,851.5,19.7,20,85.6,345,1163,0,0.1,92,0.7,0.7,20.1,18.2,15.7
2026-04-26T06:06:04Z,0,0,0,0.9,0,0,19.7,851.4,19.7,19.9,86.7,417,1927,0,0,92,0.2,0.2,20.1,18.3,15.6
2026-04-26T06:21:10Z,0,0,0,0.8,0,0,20.2,851.4,20.1,20.3,85,400,1704,0,0.5,92,1.1,1.1,20.5,18.4,16
2026-04-26T06:36:25Z,0,0,0,1.2,0,0,20.2,851.3,20.2,20.7,82.6,476,2526,0,0.8,92,1.7,1.7,20.8,18.5,16.3
2026-04-26T06:51:31Z,0,0,0,2.3,0,0,21.1,851.2,21,21.1,81.9,686,4856,0,0.2,92,0.7,0.7,21.2,18.8,16.6
2026-04-26T07:06:38Z,0,0,0,2.1,0,0,22.3,851,22.2,22.5,75.1,642,4240,0,0.6,92,1.1,1.1,22.6,19.2,17.8
2026-04-26T07:21:45Z,0,0,0,1.3,0,0,22.7,850.9,22.4,22.5,76.3,501,2832,0,0.1,92,0.4,0.4,22.7,19.5,17.9
2026-04-26T07:37:07Z,0,0,0,4.3,0,0,24.1,850.7,24.1,24.4,72.4,1053,8786,0,0,92,0.2,0.2,24.5,20.7,19.4
2026-04-26T07:52:14Z,0,0,0,1.5,0,0,25.1,850.5,25,25.1,63.9,528,3038,0,0.4,92,0.9,0.9,25.2,20.2,19.9
2026-04-26T08:07:20Z,0,0,0,1.3,0,0,23.7,850.4,24,23.4,67.7,507,2798,0,0.9,92,1.3,1.3,23.5,19.1,18.5
2026-04-26T08:23:15Z,0,0,0,1.5,0,0,23.1,850.2,23.9,23.3,69.3,542,3213,0,0.3,92,0.7,0.7,23.4,19.2,18.4
2026-04-26T08:38:21Z,0,0,0,4.9,0,0,24,850,24.6,24.4,67,1175,10112,0,0,92,0.2,0.2,24.5,19.9,19.3
2026-04-26T08:53:27Z,0,0,0,1.6,0,0,23.6,849.8,24.2,23.9,67.5,562,3447,0,0,92,0,0,24,19.6,19
2026-04-26T09:08:34Z,0,0,0,3,0,0,24.5,849.4,25.2,24.6,63.6,819,6087,0,0.2,188,0.9,0.9,24.7,19.7,19.5
2026-04-26T09:23:41Z,0,0,0,4.3,0,0,24.9,849.2,26.1,25.6,60.5,1053,8509,0,0.9,95,1.5,1.5,25.7,20.1,20.3
2026-04-26T09:38:48Z,0,0,0,2.7,0,0,24.5,849.1,25.2,24.8,59.7,767,5485,0,0.2,183,0.9,0.9,24.8,19.2,19.6
2026-04-26T09:54:11Z,0,0,0,1.9,0,0,25.1,848.9,26.1,25.4,59.1,607,3831,0,0.6,183,1.3,1.3,25.5,19.7,20.1
2026-04-26T10:09:23Z,0,0,0,4.3,0,0,24.7,848.5,25.1,24.7,62.2,1069,8887,0,0.1,183,0.4,0.4,24.7,19.5,19.6
2026-04-26T10:25:20Z,0,0,0,1,0,0,24.3,848.3,24.9,24.8,60.8,447,2123,0,0.1,183,0.9,0.9,24.9,19.5,19.7
2026-04-26T10:40:26Z,0,0,0,3.7,0,0,25.3,848.1,25.8,25.6,59.8,955,7505,0,0.5,183,1.4,1.4,25.6,20,20.3
2026-04-26T10:55:32Z,0,0,0,4.1,0,0,27.2,847.9,27.6,27.9,53.8,1021,8195,0,0.2,85,1.1,1.1,28.7,21.1,22.5
2026-04-26T11:10:39Z,0,0,0,3.7,0,0,26.8,847.7,27.4,27.7,52.8,954,7426,0,0.5,95,1.1,1.1,28.4,20.8,22.3
2026-04-26T11:25:45Z,0,0,0,3.7,0,0,27.2,847.3,27.7,28.3,53.4,947,7415,0,0.1,96,0.7,0.7,29.2,21.4,22.9
2026-04-26T11:40:52Z,0,0,0,3.3,0,0,26.6,847.1,27.3,27.3,49.6,881,6702,0,0.1,186,0.4,0.4,27.7,19.9,21.8
2026-04-26T11:56:24Z,0,0,0,3.6,0,0,29.3,846.9,29.8,30,47.1,922,7167,0,0.3,186,1.3,1.3,30.6,21.7,23.8
2026-04-26T12:12:24Z,0,0,0,0.9,0,0,26.7,846.9,27.3,27.7,53.5,428,1944,0,0.7,92,2.4,2.4,28.4,20.9,22.3
2026-04-26T12:27:30Z,0,0,0,0.8,0,0,25.4,846.6,25.8,26.1,57.1,401,1593,0,0.3,94,1.1,1.1,26.2,20,20.7
2026-04-26T12:43:28Z,0,0,0,1.1,0,0,25.8,846.4,26.1,26.5,58,468,2372,0,0.6,145,2.2,2.2,26.6,20.5,21
2026-04-26T12:58:34Z,0,0,0,2.2,0,0,25.9,846.4,26.2,26.8,57.6,671,4558,0,0.1,99,0.7,0.7,27.7,20.8,21.8
2026-04-26T13:13:40Z,0,0,0,2,0,0,27,846.3,27.8,28.1,52.1,621,4019,0,0.3,91,1.5,1.5,28.7,21,22.5
2026-04-26T13:28:47Z,0,0,0,2,0,0,26.4,846.3,27.2,27.3,55,631,4269,0,0.9,179,2.4,2.4,28,20.8,22
2026-04-26T13:43:53Z,0,0,0,0.3,0,0,25.3,846.3,25.6,26.2,57.7,318,784,0,0.5,93,1.5,1.5,26.3,20.3,20.8
2026-04-26T14:00:24Z,0,0,0,0.3,0,0,24.5,846.4,24.8,25,62.5,316,771,0,0,93,0.4,0.4,25,19.8,19.8
2026-04-26T14:15:31Z,0,0,0,0.2,0,0,24.2,846.5,24.4,24.6,65.5,285,489,0,0.6,168,2.4,2.4,24.7,19.9,19.5
2026-04-26T14:30:38Z,0,0,0,0.1,0,0,23.6,846.7,23.8,24,67.1,278,405,0,0.4,81,1.5,1.5,24.1,19.6,19
2026-04-26T14:46:25Z,0,0,0,0.1,0,0,23.3,846.9,23.5,23.6,68.8,277,394,0,0.2,100,0.7,0.7,23.7,19.5,18.8
2026-04-26T15:01:32Z,0,0,0,0.1,0,0,23.2,846.9,23.4,23.5,69.7,266,299,0,0.5,194,2.2,2.2,23.6,19.5,18.7
2026-04-26T15:16:38Z,0,0,0,0,0,0,22.8,847,23,23.2,71.9,263,276,0,0.4,130,1.5,1.5,23.3,19.5,18.4
2026-04-26T15:32:30Z,0,0,0,0,0,0,22.4,847.4,22.6,22.8,74.9,262,255,0,0,99,0.2,0.2,22.9,19.5,18.1
2026-04-26T15:47:36Z,0,0,0,0,0,0,22.2,847.7,22.4,22.5,76.4,260,254,0,0.4,99,1.3,1.3,22.7,19.5,17.9
2026-04-26T16:02:42Z,0,0,0,0,0,0,22.1,848,22.2,22.4,75.8,261,253,0,0.7,47,2.2,2.2,22.5,19.3,17.7
2026-04-26T16:17:49Z,0,0,0,0,0,0,21.7,848.3,21.8,22,77.9,260,253,0,0.6,90,1.7,1.7,22.2,19.2,17.5
2026-04-26T16:32:56Z,0,0,0.4,0,0,0,19.6,848.6,19.6,20.1,88,261,253,0,0.3,94,1.1,1.1,20.2,18.6,15.8
2026-04-26T16:48:03Z,0,0,1,0,0,0,18.9,849,19,19.4,91.5,259,253,0,0.5,79,2,2,19.6,18.3,15.2
2026-04-26T17:03:26Z,0.2,0,2.2,0,0,0,18.3,849.5,18.4,18.8,92.5,260,253,0,0.9,78,2,2,19,17.9,14.6
2026-04-26T17:18:35Z,0.2,0,4,0,0,0,18.3,849.7,18.4,18.7,93.6,260,253,0,1,91,2.4,2.4,18.9,17.9,14.6
2026-04-26T17:33:42Z,0,0,4.6,0,0,0,18.3,850,18.4,18.8,94,260,253,0,0,99,0,0,19,18,14.6
2026-04-26T17:48:48Z,0,0,5.2,0,0,0,18.1,850.2,18.1,18.4,94.3,261,253,0,0.1,99,0.4,0.4,18.6,17.7,14.3
2026-04-26T18:03:54Z,0,0,5.2,0,0,0,18,850.1,18.1,18.3,94.7,261,255,0,0.3,99,0.9,0.9,18.5,17.7,14.2
2026-04-26T18:19:00Z,0,0,5.2,0,0,0,17.7,850.2,17.8,18,94.5,260,254,0,0,99,0,0,18.2,17.4,13.9
2026-04-26T18:34:06Z,0,0,5.2,0,0,0,17.6,850.4,17.7,17.9,94.8,260,254,0,0.4,99,1.5,1.5,18.1,17.3,13.8
2026-04-26T18:49:31Z,0,0,5.2,0,0,0,17.5,850.5,17.6,17.8,94.9,260,254,0,0,99,0.2,0.2,18,17.2,13.7
2026-04-26T19:04:37Z,0,0,5.2,0,0,0,17.5,850.7,17.6,17.8,95.2,262,254,0,0,99,0,0,18,17.3,13.7
2026-04-26T19:19:43Z,0,0,5.2,0,0,0,17.5,850.6,17.6,17.9,95.3,261,252,0,0,99,0,0,18,17.3,13.7
2026-04-26T19:34:50Z,0,0,5.2,0,0,0,17.5,850.6,17.7,17.9,95.4,261,253,0,0,99,0,0,18,17.3,13.7
2026-04-26T19:49:57Z,0,0,5.2,0,0,0,17.6,850.5,17.6,17.9,95.7,259,254,0,0,99,0,0,18.1,17.4,13.8
2026-04-26T20:05:03Z,0,0,5.2,0,0,0,17.5,850.6,17.6,17.9,95.8,260,254,0,0,99,0,0,18,17.3,13.7
2026-04-26T20:20:43Z,0,0,5.2,0,0,0,17.5,850.5,17.6,17.9,95.9,260,252,0,0,99,0,0,18,17.4,13.8
2026-04-26T20:35:50Z,0,0,5.2,0,0,0,17.6,850.3,17.7,17.9,96,260,254,0,0,99,0.2,0.2,18.1,17.4,13.8
2026-04-26T20:50:57Z,0,0,5.2,0,0,0,17.5,850.2,17.7,17.9,96,260,253,0,0.2,99,0.7,0.7,18.1,17.4,13.8
2026-04-26T21:06:44Z,0,0,5.4,0,0,0,17.6,850,17.7,17.9,95.9,260,254,0,0.1,99,0.2,0.2,18.1,17.4,13.8
2026-04-26T21:21:50Z,0,0,5.4,0,0,0,17.6,849.8,17.8,18,95.6,262,254,0,0,99,0,0,18.2,17.5,13.9
2026-04-26T21:36:56Z,0,0,5.4,0,0,0,17.8,849.9,17.9,18.1,95.5,258,253,0,0,99,0,0,18.3,17.6,14
2026-04-26T21:52:03Z,0,0,5.4,0,0,0,17.8,849.9,17.9,18.1,95.4,260,253,0,0,99,0,0,18.3,17.6,14
2026-04-26T22:07:09Z,0.2,0,6.4,0,0,0,17.8,849.8,17.9,18.2,95.7,259,253,0,0,99,0,0,18.4,17.7,14.1
2026-04-26T22:22:15Z,0.2,0,11,0,0,0,17.8,849.6,17.9,18.1,96.1,259,254,0,0,100,0,0,18.3,17.6,14
2026-04-26T22:37:38Z,0,0,11.8,0,0,0,17.7,849.3,17.8,18,96.4,260,253,0,0,100,0,0,18.2,17.6,13.9
2026-04-26T22:52:43Z,0,0,12.4,0,0,0,17.5,849.1,17.6,17.8,96.6,259,254,0,0,100,0,0,18,17.4,13.7
2026-04-26T23:07:49Z,0.2,0,13.4,0,0,0,17.3,849.2,17.4,17.7,96.7,259,253,0,0,100,0.2,0.2,17.9,17.3,13.6
2026-04-26T23:22:57Z,0.2,0,14,0,0,0,17.3,849,17.4,17.6,96.8,260,252,0,0.1,100,0.4,0.4,17.8,17.3,13.5
2026-04-26T23:38:04Z,0,0,14.2,0,0,0,17.3,849.1,17.4,17.6,97,259,252,0,0,100,0,0,17.8,17.3,13.6
2026-04-26T23:53:47Z,0,0,14.6,0,0,0,17.3,849.1,17.4,17.6,97,260,253,0,0.1,100,0.4,0.4,17.8,17.3,13.5
2026-04-27T00:00:50Z,0,0,14.6,0,0,0,17.3,849.1,17.4,17.6,97.1,260,253,0,0,100,0,0,17.8,17.3,13.5
2026-04-27T00:15:57Z,0,0,14.6,0,0,0,17.3,849.1,17.4,17.6,97.1,260,253,0,0,100,0,0,17.7,17.2,13.5
2026-04-27T00:31:04Z,0,0,14.6,0,0,0,17.2,849.1,17.3,17.6,97.2,260,253,0,0,100,0.4,0.4,17.8,17.3,13.5
2026-04-27T00:46:10Z,0,0,14.6,0,0,0,17.2,849.1,17.3,17.5,97.3,261,254,0,0,100,0,0,17.7,17.2,13.4
2026-04-27T01:01:17Z,0,0,14.6,0,0,0,17,849.1,17.1,17.3,97.3,261,253,0,0.2,100,0.7,0.7,17.5,17,13.2
2026-04-27T01:16:41Z,0,0,14.6,0,0,0,16.7,849.2,16.8,17.1,97.2,262,253,0,0,100,0.2,0.2,17.2,16.7,13
2026-04-27T01:31:48Z,0,0,14.8,0,0,0,16.6,849.2,16.6,17,97.2,261,254,0,0,100,0,0,17.1,16.6,12.9
2026-04-27T01:46:55Z,0,0,14.8,0,0,0,16.6,849.2,16.8,17,97.2,260,254,0,0,100,0,0,17.1,16.7,12.9
2026-04-27T02:02:02Z,0,0,14.8,0,0,0,16.6,849.2,16.7,16.9,97.3,261,254,0,0,100,0,0,17.1,16.6,12.8
2026-04-27T02:17:12Z,0,0,14.8,0,0,0,16.6,849.3,16.6,16.9,97.3,259,253,0,0,100,0,0,17.1,16.6,12.8
2026-04-27T02:32:36Z,0,0,14.8,0,0,0,16.5,849.4,16.6,16.9,97.3,261,253,0,0,100,0,0,17,16.6,12.8
2026-04-27T02:47:43Z,0,0,14.8,0,0,0,16.5,849.4,16.6,16.8,97.3,261,253,0,0,100,0,0,17,16.5,12.8
2026-04-27T03:02:50Z,0,0,14.8,0,0,0,16.4,849.5,16.5,16.8,97.3,262,254,0,0,100,0,0,16.9,16.4,12.7
2026-04-27T03:17:56Z,0,0,14.8,0,0,0,16.4,849.5,16.4,16.7,97.2,261,255,0,0,100,0,0,16.9,16.4,12.6
2026-04-27T03:33:03Z,0,0,14.8,0,0,0,16.3,849.7,16.4,16.7,97.3,262,280,0,0,100,0,0,16.8,16.4,12.6
2026-04-27T03:48:10Z,0,0,14.8,0.1,0,0,16.3,849.8,16.4,16.7,97.3,269,340,0,0,100,0,0,16.8,16.3,12.6
2026-04-27T04:03:17Z,0,0,14.8,0.1,0,0,16.3,849.9,16.4,16.7,97.3,282,463,0,0,100,0,0,16.8,16.3,12.6
2026-04-27T04:18:41Z,0,0,14.8,0.3,0,0,16.6,850,16.6,16.9,97.3,305,749,0,0,100,0,0,17,16.5,12.8
2026-04-27T04:33:47Z,0,0,14.8,0.6,0,0,16.8,850,17,17.1,97.2,360,1348,0,0,100,0,0,17.3,16.8,13
2026-04-27T04:48:49Z,0,0,14.8,1.1,0,0,17.4,850.3,17.6,17.8,94.2,457,2446,0,0.6,100,1.1,1.1,17.9,17.1,13.6
2026-04-27T05:03:55Z,0,0,14.8,1.3,0,0,19,850.3,19.3,18.9,88.7,492,2773,0,0.2,100,0.7,0.7,19,17.5,14.7
2026-04-27T05:19:01Z,0,0,14.8,1.1,0,0,20.2,850.3,20.5,19.8,85.5,460,2347,0,0,100,0.2,0.2,20,18,15.5
2026-04-27T05:34:51Z,0,0,14.8,0.9,0,0,21.2,850.4,21.8,20.9,80.4,415,1875,0,0,100,0,0,21,18.4,16.5
2026-04-27T05:50:49Z,0,0,14.8,0.9,0,0,21.6,850.5,22.1,21.5,79.5,427,2007,0,0,100,0.2,0.2,21.7,18.9,17
2026-04-27T06:05:51Z,0,0,0,1.4,14.8,0,21.9,850.6,22.4,22,77.3,523,3044,0,0,100,0,0,22.1,19.1,17.4
2026-04-27T06:20:55Z,0,0,0,1.8,14.8,0,22.1,850.7,22.5,22.4,74.9,584,3690,0,1,100,1.5,1.5,22.5,19.2,17.7
2026-04-27T06:36:52Z,0,0,0,2.3,14.8,0,23.5,850.7,23.8,23.6,75.1,681,4699,0,0.1,100,0.4,0.4,23.8,20.4,18.8
2026-04-27T06:51:54Z,0,0,0,2.5,14.8,0,23.9,850.6,24.1,23.8,70.4,718,5047,0,0.2,100,0.4,0.4,24,19.9,18.9
2026-04-27T07:07:53Z,0,0,0,1.8,14.8,0,24.7,850.6,25.1,24.4,68.5,597,3708,0,0.2,100,0.9,0.9,24.6,20.2,19.4
2026-04-27T07:22:53Z,0,0,0,2.3,14.8,0,24.5,850.6,24.6,24.8,67.1,686,4720,0,0.4,100,0.9,0.9,24.9,20.3,19.7
2026-04-27T07:38:11Z,0,0,0,2.1,14.8,0,24.9,850.5,24.9,25.1,67,655,4367,0,0.3,100,0.7,0.7,25.2,20.6,19.9
2026-04-27T07:54:05Z,0,0,0,1.8,14.8,0,25,850.4,25.1,25.2,67.4,593,3722,0,0.1,100,0.7,0.7,25.3,20.7,20
2026-04-27T08:09:58Z,0,0,0,2,14.8,0,25.3,850.1,25.4,25.3,69.1,622,4089,0,0,100,0.2,0.2,25.5,21.1,20.1
2026-04-27T08:25:08Z,0,0,0,1.6,14.8,0,26.3,850,26.8,26.3,60.9,559,3389,0,0.2,100,0.9,0.9,26.4,20.8,20.9
2026-04-27T08:40:57Z,0,0,0,4.7,14.8,0,25.3,849.9,25.5,25.4,64.3,1131,9670,0,0.1,100,0.4,0.4,25.5,20.5,20.2
2026-04-27T08:55:57Z,0,0,0,4.9,14.8,0,25.4,849.6,25.9,26.2,59.6,1167,9788,0,0.9,94,2,2,26.3,20.5,20.8
2026-04-27T09:11:05Z,0,0,0,2.1,14.8,0,26.1,849.3,26,26.2,61.2,644,4244,0,0.6,94,1.1,1.1,26.4,20.8,20.8
2026-04-27T09:26:11Z,0,0,0,2.1,14.8,0,26.8,848.9,27.2,27,59.9,649,4277,0,0,94,0.2,0.2,28,21.3,22
2026-04-27T09:42:05Z,0,0,0,1.4,14.8,0,24.7,848.6,25.5,25.2,61.5,506,2892,0,0.4,94,1.1,1.1,25.3,19.9,20
2026-04-27T09:58:02Z,0,0,0,1.5,14.8,0,24.8,848.2,25.1,24.8,66,532,3152,0,0,94,0.2,0.2,24.9,20.2,19.7
2026-04-27T10:13:06Z,0,0,0,1,14.8,0,24.5,847.9,25.1,25,66.6,441,2184,0,0,94,0,0,25.1,20.4,19.8
2026-04-27T10:29:01Z,0,0,0,1.4,14.8,0,24.8,847.5,25.2,25.4,63.6,525,2934,0,0.2,94,0.9,0.9,25.5,20.4,20.1
2026-04-27T10:44:03Z,0,0,0,5.3,14.8,0,26.1,847.3,26.9,26.5,60.9,1242,10755,0,0.2,94,0.9,0.9,27.6,21,21.7
2026-04-27T10:59:04Z,0,0,0,1.1,14.8,0,26.6,847,27.2,27.4,57,466,2389,0,0.1,94,0.4,0.4,28.4,21.2,22.3
2026-04-27T11:14:10Z,0,0,0,0.9,14.8,0,25.5,846.9,25.9,26.4,59.5,421,1871,0,0,94,0.2,0.2,26.5,20.7,20.9
2026-04-27T11:29:16Z,0,0,0,1.5,14.8,0,24.9,846.4,25.4,25.5,60.9,530,2819,0,1.2,94,2.4,2.4,25.6,20.1,20.3
2026-04-27T11:45:11Z,0,0,0,2,14.8,0,26.2,846.2,26.4,26.9,59.6,633,3942,0,0.1,94,0.4,0.4,28,21.2,22
2026-04-27T12:00:17Z,0,0,0,3,14.8,0,26.1,846.1,26.6,26.9,62.7,818,6354,0,0.6,79,2.6,2.6,28.2,21.7,22.2
2026-04-27T12:16:08Z,0,0,0,1.3,14.8,0,24.7,846.1,24.8,25.4,67.2,497,2582,0,0.6,93,3,3,25.5,20.9,20.2
2026-04-27T12:31:15Z,0,0,0,2.9,14.8,0,25.3,845.7,25.8,26,66,796,5986,0,0.2,95,0.8,0.8,26.2,21.3,20.7
2026-04-27T12:47:04Z,0,0,0,2,14.8,0,26.3,845.8,26.7,27.5,61.3,624,4072,0,0.8,94,2.2,2.2,28.8,21.9,22.6
2026-04-27T13:03:02Z,0,0,0,0.7,14.8,0,24.5,845.9,25.1,25.2,65.6,393,1682,0,0.8,176,2.4,2.4,25.4,20.5,20
2026-04-27T13:18:04Z,0,0,0,0.9,14.8,0,23.3,846.1,23.8,23.8,66.5,418,1848,0,1.3,186,3.5,3.5,23.9,19.4,18.9
2026-04-27T13:33:10Z,0,0,0,0.6,14.8,0,23.4,845.8,23.6,23.8,69.9,365,1343,0,0.8,103,1.9,1.9,24,19.8,18.9
2026-04-27T13:48:15Z,0,0,0,0.4,14.8,0,22.5,846.2,22.8,22.9,70.7,332,973,0,0.3,191,0.7,0.7,23,19.1,18.2
2026-04-27T14:03:22Z,0,0,0,0.4,14.8,0,22.4,846.4,22.6,22.8,74.9,329,940,0,0.3,167,1.5,1.5,22.9,19.5,18.1
2026-04-27T14:19:19Z,0,0,0,0.1,14.8,0,21.8,846.6,21.9,21.9,79.6,283,486,0,0.6,236,0.9,0.9,22,19.3,17.3
2026-04-27T14:34:25Z,0,0,0,0.2,14.8,0,21.1,846.7,21.3,21.3,80.9,296,604,0,0.8,224,1.1,1.1,21.5,18.9,16.9
2026-04-27T14:49:31Z,0,0,0,0.2,14.8,0,20.8,847,21,21.1,80.7,294,588,0,1.2,172,2.1,2.1,21.2,18.7,16.6
2026-04-27T15:05:16Z,0,0,0,0.1,14.8,0,20.2,847.2,20.4,20.6,81.5,278,445,0,0.9,175,1.7,1.7,20.7,18.3,16.2
2026-04-27T15:20:23Z,0,0,0,0,14.8,0,19.9,847.3,20.1,20.3,83.2,264,296,0,0.6,175,1.7,1.7,20.4,18.2,15.9
2026-04-27T15:35:29Z,0,0,0,0,14.8,0,19.9,847.4,20.1,20.2,84.2,259,258,0,0.2,175,0.4,0.4,20.3,18.2,15.8
2026-04-27T15:51:17Z,0,0,0,0,14.8,0,19.8,847.7,19.9,20.1,84.5,260,252,0,0.1,175,0.7,0.7,20.2,18.2,15.8
2026-04-27T16:06:24Z,0,0,0,0,14.8,0,19.7,848,19.8,20,85.6,258,253,0,0.2,175,0.7,0.7,20.1,18.2,15.7
2026-04-27T16:22:17Z,0,0,0,0,14.8,0,19.6,848.3,19.7,19.9,86.4,260,255,0,0.2,175,0.7,0.7,20,18.2,15.6
2026-04-27T16:37:23Z,0,0,0,0,14.8,0,19.6,848.4,19.7,19.8,87.9,260,254,0,0.2,175,0.4,0.4,20,18.4,15.6
2026-04-27T16:52:30Z,0,0,0,0,14.8,0,19.4,848.6,19.4,19.6,89.4,261,254,0,0,175,0,0,19.8,18.3,15.4
2026-04-27T17:07:37Z,0,0,0,0,14.8,0,19.1,848.7,19.2,19.4,89.3,261,255,0,0,175,0,0,19.6,18.1,15.2
2026-04-27T17:22:44Z,0,0,0,0,14.8,0,19,848.8,19.1,19.3,89,260,253,0,0,175,0,0,19.5,18,15.1
2026-04-27T17:38:11Z,0,0,0,0,14.8,0,18.9,849,19.1,19.3,89.4,261,254,0,0.3,175,0.9,0.9,19.5,18,15.1
2026-04-27T17:53:17Z,0,0,0,0,14.8,0,18.9,849.1,19,19.2,90,259,253,0,0.1,175,0.4,0.4,19.4,18,15
2026-04-27T18:08:24Z,0,0,0,0,14.8,0,18.8,849.4,18.9,19.1,90.8,260,254,0,0,175,0.2,0.2,19.2,18,14.9
2026-04-27T18:23:30Z,0,0,0,0,14.8,0,18.7,849.7,18.8,19,90.9,261,254,0,0.2,175,0.7,0.7,19.2,17.9,14.8
2026-04-27T18:38:37Z,0,0,0,0,14.8,0,18.5,849.8,18.7,18.8,91.2,262,253,0,0.7,270,1.1,1.1,19,17.8,14.7
2026-04-27T18:53:43Z,0,0,2,0,14.8,0,18,849.8,18.1,18.2,93.8,261,254,0,0.6,273,1.3,1.3,18.3,17.4,14
2026-04-27T19:08:50Z,0.2,0,3.8,0,14.8,0,17.5,849.9,17.5,17.7,94.3,260,254,0,0.6,283,1.7,1.7,17.8,17,13.6
2026-04-27T19:24:15Z,0.4,0,8.4,0,14.8,0,17.2,850.1,17.2,17.5,95,260,253,0,0.2,261,0.7,0.7,17.7,17,13.4
2026-04-27T19:39:21Z,0.4,0,23.2,0,14.8,0,16.9,850,17,17.3,95.8,260,253,0,0.1,310,0.4,0.4,17.4,16.8,13.2
2026-04-27T19:54:28Z,1.4,0,31,0,14.8,0,16.9,850.4,17.1,17.3,96.2,261,252,0,0.1,41,0.4,0.4,17.4,16.8,13.2
2026-04-27T20:10:24Z,0.6,0,47.8,0,14.8,0,16.9,850.1,17,17.3,96.8,260,254,0,0.1,294,0.7,0.7,17.5,16.9,13.2
2026-04-27T20:25:31Z,0.6,0,61.6,0,14.8,0,16.9,850,17,17.2,97,260,253,0,0.3,324,1.1,1.1,17.4,16.9,13.2
2026-04-27T20:40:38Z,0,0,67.8,0,14.8,0,17,849.8,17.1,17.3,97.2,261,253,0,0.2,209,0.7,0.7,17.5,17,13.3
2026-04-27T20:55:44Z,0,0,70.2,0,14.8,0,16.9,849.9,17,17.3,97.3,261,253,0,0,209,0.2,0.2,17.4,16.9,13.2
2026-04-27T21:10:50Z,0.2,0,72.6,0,14.8,0,16.9,850.1,17,17.3,97.4,260,253,0,0,110,0.2,0.2,17.4,17,13.2
2026-04-27T21:25:57Z,0.2,0,75.4,0,14.8,0,17,849.6,17,17.3,97.5,260,253,0,0,110,0.2,0.2,17.5,17,13.2
2026-04-27T21:41:20Z,0.2,0,77.6,0,14.8,0,17.1,849.6,17.1,17.5,97.6,260,254,0,0.1,110,0.4,0.4,17.6,17.2,13.4
2026-04-27T21:56:26Z,0.2,0,78.6,0,14.8,0,17.1,849.5,17.2,17.5,97.7,260,254,0,0.6,216,1.3,1.3,17.6,17.2,13.4
2026-04-27T22:11:33Z,0.2,0,79.6,0,14.8,0,17,849.5,17,17.4,97.7,259,254,0,0.8,256,1.3,1.3,17.5,17.1,13.3
2026-04-27T22:26:39Z,0.2,0,80.2,0,14.8,0,17.1,849.3,17.1,17.4,97.8,260,254,0,0.4,252,0.9,0.9,17.6,17.1,13.3
2026-04-27T22:41:46Z,0.2,0,81.8,0,14.8,0,16.9,849,16.9,17.2,97.8,261,255,0,1.4,256,2.6,2.6,17.4,16.9,13.1
2026-04-27T22:56:53Z,0.2,0,84.4,0,14.8,0,16.7,848.9,16.8,17.1,97.8,261,253,0,0.1,203,0.4,0.4,17.3,16.8,13
2026-04-27T23:11:59Z,0.2,0,85.6,0,14.8,0,16.6,848.9,16.7,17,97.8,260,253,0,0.1,265,0.4,0.4,17.2,16.7,12.9
2026-04-27T23:27:24Z,0.2,0,87.6,0,14.8,0,16.3,848.7,16.4,16.6,97.8,261,253,0,0.7,234,1.1,1.1,16.8,16.4,12.6
2026-04-27T23:42:30Z,0,0,89.4,0,14.8,0,16.1,848.6,16.3,16.5,97.8,260,254,0,0,244,0.2,0.2,16.6,16.2,12.4
2026-04-27T23:57:37Z,0,0,90.8,0,14.8,0,16.2,848.7,16.3,16.6,97.8,260,253,0,0,244,0,0,16.8,16.3,12.5
2026-04-28T00:00:38Z,0.2,0,91.2,0,14.8,0,16.3,848.7,16.4,16.7,97.8,261,254,0,0,245,0.2,0.2,16.8,16.4,12.6
2026-04-28T00:15:45Z,0,0,92.2,0,14.8,0,16.3,848.7,16.4,16.6,97.9,260,254,0,0.1,349,0.4,0.4,16.8,16.4,12.5
2026-04-28T00:30:52Z,0,0,92.6,0,14.8,0,16.4,848.7,16.4,16.8,97.9,260,254,0,0.3,279,0.7,0.7,16.9,16.5,12.7
2026-04-28T00:45:59Z,0,0,92.8,0,14.8,0,16.3,848.7,16.4,16.7,97.9,260,252,0,0,279,0,0,16.8,16.4,12.6
2026-04-28T01:01:23Z,0,0,93.4,0,14.8,0,16.3,848.7,16.4,16.6,98,261,252,0,0,281,0.2,0.2,16.8,16.4,12.5
2026-04-28T01:16:30Z,0,0,93.8,0,14.8,0,16,848.7,16.2,16.3,98,260,253,0,0,280,0,0,16.5,16.1,12.3
2026-04-28T01:31:36Z,0,0,94.2,0,14.8,0,15.9,848.7,16.2,16.3,98,259,254,0,0,281,0.2,0.2,16.4,16.1,12.2
2026-04-28T01:47:12Z,0,0,94.4,0,14.8,0,16.1,848.7,16.3,16.5,98.1,260,254,0,0,281,0.2,0.2,16.6,16.2,12.4
2026-04-28T02:02:36Z,0,0,94.8,0,14.8,0,16.1,848.8,16.3,16.5,98.1,259,253,0,0,286,0,0,16.6,16.2,12.4
2026-04-28T02:17:43Z,0,0,95,0,14.8,0,16.1,848.9,16.3,16.5,98.1,261,254,0,0,286,0,0,16.6,16.2,12.4
2026-04-28T02:32:50Z,0,0,95,0,14.8,0,16.1,849,16.3,16.6,98.1,259,253,0,0,286,0,0,16.7,16.3,12.5
2026-04-28T02:47:56Z,0,0,95.2,0,14.8,0,16.2,849.1,16.3,16.6,98.2,260,254,0,0,80,0,0,16.7,16.3,12.5
2026-04-28T03:03:03Z,0,0,95.2,0,14.8,0,16.3,849.3,16.4,16.6,98.2,262,254,0,0,80,0,0,16.8,16.4,12.6
2026-04-28T03:18:10Z,0,0,95.2,0,14.8,0,16.4,849.4,16.4,16.7,98.2,260,254,0,0,79,0,0,16.9,16.5,12.7
2026-04-28T03:33:16Z,0,0,95.2,0,14.8,0,16.4,849.4,16.6,16.8,98.2,263,273,0,0,76,0,0,16.9,16.6,12.7
2026-04-28T03:48:41Z,0,0,95.2,0.1,14.8,0,16.6,849.4,16.6,16.9,98.3,269,347,0,0,76,0.2,0.2,17.1,16.7,12.8
2026-04-28T04:03:48Z,0,0,95.2,0.1,14.8,0,16.6,849.4,16.7,17,98.3,278,447,0,0,76,0,0,17.2,16.8,12.9
2026-04-28T04:18:54Z,0,0,95.2,0.2,14.8,0,16.7,849.4,16.8,17.1,98.3,292,600,0,0,76,0,0,17.2,16.8,13
2026-04-28T04:34:00Z,0,0,95.2,0.3,14.8,0,16.8,849.7,16.9,17.2,98.3,316,850,0,0,76,0,0,17.3,17,13.1
2026-04-28T04:49:07Z,0,0,95.2,0.5,14.8,0,17.3,849.7,17.4,17.5,98.3,342,1143,0,0,76,0,0,17.7,17.3,13.5
2026-04-28T05:04:13Z,0,0,95.2,0.6,14.8,0,17.4,849.7,17.6,17.7,98.3,366,1364,0,0,104,0.4,0.4,17.9,17.5,13.6
2026-04-28T05:19:20Z,0,0,95.2,0.7,14.8,0,17.5,849.8,17.7,17.8,98.3,381,1547,0,0,117,0,0,18,17.6,13.7
2026-04-28T05:34:49Z,0,0,95.2,1,14.8,0,17.8,849.7,17.9,17.9,98.2,453,2289,0,0.6,251,1.5,1.5,18.1,17.7,13.8
2026-04-28T05:49:56Z,0,0,95.2,0.7,14.8,0,18,849.8,18.2,18,98.2,389,1497,0,0.9,265,1.3,1.3,18.3,17.8,14
2026-04-28T06:05:02Z,0,0,0,2,95.4,0,18.2,849.9,18.4,18.4,97.7,622,4062,0,1.1,260,1.7,1.7,18.6,18.1,14.3
2026-04-28T06:20:08Z,0,0,0,1.2,95.4,0,18.5,850,18.6,18.6,96.7,487,2633,0,1.2,196,2.2,2.2,18.8,18.2,14.5
2026-04-28T06:35:15Z,0,0,0,1.9,95.4,0,18.8,850.2,18.9,19,94.5,615,3984,0,0.2,241,0.7,0.7,19.2,18.3,14.8
2026-04-28T06:50:20Z,0,0,0,1.5,95.4,0,19.7,850,19.6,19.9,88.2,538,3213,0,0.6,209,1.3,1.3,20.1,18.5,15.7
2026-04-28T07:05:27Z,0,0,0,2,95.4,0,20.8,850,20.8,21,80.1,628,4123,0,1,234,1.5,1.5,21.1,18.5,16.5
2026-04-28T07:20:55Z,0,0,0,1.7,95.4,0,21.9,849.9,22.1,22,78.3,569,3532,0,0,207,0,0,22.1,19.2,17.4
2026-04-28T07:36:01Z,0,0,0,2.4,95.4,0,22.8,849.9,23.2,23,72.6,708,4978,0,0.1,151,0.4,0.4,23.1,19.4,18.3
2026-04-28T07:51:07Z,0,0,0,1.8,95.4,0,23.1,849.9,23.7,23.4,68.1,585,3682,0,0.6,151,1.3,1.3,23.5,19.2,18.6
2026-04-28T08:06:14Z,0,0,0,1.5,95.4,0,23.7,849.7,24.1,24.2,66.3,527,3096,0,0,154,0,0,24.3,19.7,19.2
2026-04-28T08:21:20Z,0,0,0,1.6,95.4,0,23,849.6,23.6,23.5,69.8,562,3456,0,0.4,188,1.5,1.5,23.7,19.6,18.7
2026-04-28T08:36:27Z,0,0,0,2.4,95.4,0,23.3,849.4,23.7,23.8,69.3,700,4845,0,0.7,174,2.2,2.2,23.9,19.7,18.9
2026-04-28T08:51:54Z,0,0,0,3,95.4,0,24.5,849.1,25.1,25,60.8,816,5938,0,0.6,114,2,2,25,19.6,19.8
2026-04-28T09:06:57Z,0,0,0,3.9,95.4,0,25.2,848.8,26.2,25.7,61.8,985,7772,0,0,193,0.2,0.2,25.8,20.4,20.4
2026-04-28T09:22:03Z,0,0,0,2.3,95.4,0,25.3,848.6,26,26,60.9,680,4568,0,0,67,0.2,0.2,26.2,20.6,20.7
2026-04-28T09:37:09Z,0,0,0,5.8,95.4,0,26,848.4,26.5,26.6,58,1335,11520,0,0.9,181,2.8,2.8,27.5,20.7,21.7
2026-04-28T09:52:15Z,0,0,0,1.9,95.4,0,24.8,848.1,25.4,25.6,63.2,602,3733,0,0,160,0,0,25.7,20.5,20.3
2026-04-28T10:07:22Z,0,0,0,4.1,95.4,0,25.5,847.6,26.4,26.2,60.6,1023,8119,0,0.1,192,0.4,0.4,26.3,20.6,20.8
2026-04-28T10:22:28Z,0,0,0,4,95.4,0,26.7,847.2,27,27.4,58,1004,7936,0,0.2,64,0.7,0.7,28.4,21.3,22.3
2026-04-28T10:37:35Z,0,0,0,4.3,95.4,0,27,846.9,27.4,27.6,56.8,1056,8500,0,0.2,62,0.4,0.4,28.6,21.4,22.5
2026-04-28T10:52:56Z,0,0,0,3.6,95.4,0,26.1,846.8,26.4,26.9,59.9,931,7193,0,0,168,0.4,0.4,28,21.2,22
2026-04-28T11:08:02Z,0,0,0,3.9,95.4,0,26,846.5,26.7,26.8,60.6,978,7688,0,0.3,133,1.3,1.3,27.9,21.2,21.9
2026-04-28T11:23:08Z,0,0,0,0.7,95.4,0,25.4,846.3,25.8,26.4,60,387,1475,0,0,140,0.4,0.4,26.5,20.8,20.9
2026-04-28T11:38:14Z,0,0,0,0.9,95.4,0,24.8,846.3,25.2,25.4,64,434,1918,0,0.2,184,0.9,0.9,25.5,20.4,20.1
2026-04-28T11:54:05Z,0,0,0,1,95.4,0,25,845.9,25.4,25.5,57.7,453,2109,0,0.4,188,2,2,25.6,19.6,20.2
2026-04-28T12:09:12Z,0,0,0,3.4,95.4,0,25.5,845.8,26.1,26.2,67.7,893,6843,0,0.9,182,2.4,2.4,26.4,21.7,20.8
2026-04-28T12:24:19Z,0,0,0,3.1,95.4,0,25.6,845.6,26.1,26.4,60.5,835,6256,0,0.7,95,3.1,3.1,26.6,20.8,21
2026-04-28T12:39:25Z,0,0,0,0.9,95.4,0,24.6,845.6,25.1,25.4,62.5,415,1894,0,0.4,113,2.2,2.2,25.5,20.3,20.2
2026-04-28T12:54:31Z,0,0,0,1.2,95.4,0,23.5,845.5,23.6,24.4,69.4,484,2688,0,1.2,83,2.2,2.2,24.5,20.3,19.4
2026-04-28T13:09:56Z,0,0,0,0.7,95.4,0,22.2,845.7,22.2,23,79.1,387,1637,0,0,83,0.4,0.4,23.2,20.3,18.3
2026-04-28T13:25:03Z,0,0,0.2,0.7,95.4,0,21.2,845.8,21.4,21.9,80.5,387,1633,0,0.4,152,1.5,1.5,22.1,19.4,17.4
2026-04-28T13:40:09Z,0,0,0.2,0.5,95.4,0,20.5,846.1,20.8,21,82.1,349,1223,0,0,73,0.2,0.2,21.2,18.8,16.6
2026-04-28T13:55:15Z,0,0,0.2,0.3,95.4,0,19.9,846.2,20.1,20.5,79.9,315,841,0,1.3,84,3.1,3.1,20.6,18,16.1
2026-04-28T14:11:01Z,0,0,0.2,0.2,95.4,0,19.5,846.3,19.6,20,84.7,288,581,0,0.5,70,0.9,0.9,20.2,18.1,15.7
2026-04-28T14:26:07Z,0,0,0.2,0.1,95.4,0,19.2,846.5,19.3,19.7,88.3,280,476,0,0.2,108,0.9,0.9,19.9,18.3,15.4
2026-04-28T14:41:14Z,0,0,1.4,0.1,95.4,0,18.9,846.6,18.9,19.4,90.7,276,438,0,0.3,87,0.9,0.9,19.6,18.2,15.2
2026-04-28T14:56:19Z,0,0,1.6,0.1,95.4,0,18.9,847.1,19,19.3,92.1,270,372,0,0.1,93,0.7,0.7,19.5,18.4,15.1
2026-04-28T15:11:25Z,0,0,1.6,0,95.4,0,18.9,847.3,19,19.3,92.8,265,305,0,0,93,0,0,19.5,18.4,15.1
2026-04-28T15:27:10Z,0,0,1.6,0,95.4,0,18.7,847.6,18.9,19.2,92.9,260,258,0,0,80,0.4,0.4,19.4,18.3,15
2026-04-28T15:42:17Z,0,0,1.6,0,95.4,0,18.8,847.6,18.9,19.2,93.7,260,255,0,0,80,0,0,19.4,18.4,15
2026-04-28T15:57:23Z,0,0,1.6,0,95.4,0,18.9,847.8,19,19.2,94.4,259,252,0,0.1,80,0.4,0.4,19.5,18.6,15.1
2026-04-28T16:12:29Z,0,0,1.8,0,95.4,0,18.7,847.8,18.8,19.1,94.5,260,252,0,0,80,0,0,19.3,18.4,14.9
2026-04-28T16:27:36Z,0,0,1.8,0,95.4,0,18.7,848.2,18.9,19.1,94.7,260,253,0,0,80,0,0,19.3,18.4,14.9
2026-04-28T16:42:42Z,0,0,1.8,0,95.4,0,18.6,848.4,18.7,19,94.9,260,253,0,0,80,0,0,19.2,18.3,14.8
2026-04-28T16:58:07Z,0,0,1.8,0,95.4,0,18.5,848.7,18.6,18.8,94.6,261,254,0,0.2,78,0.7,0.7,19,18.2,14.7
2026-04-28T17:13:13Z,0,0,1.8,0,95.4,0,18.5,849.1,18.6,18.8,94.4,260,253,0,0,78,0,0,19,18.2,14.7
2026-04-28T17:28:20Z,0,0,1.8,0,95.4,0,18.3,849.3,18.4,18.7,94.1,261,253,0,0,78,0,0,18.8,17.9,14.5
2026-04-28T17:43:27Z,0,0,1.8,0,95.4,0,18.4,849.5,18.6,18.7,94.8,260,253,0,0,78,0.2,0.2,18.9,18.1,14.6
2026-04-28T17:58:33Z,0,0,1.8,0,95.4,0,18,849.8,18.2,18.5,91.7,261,253,0,1.5,249,2.6,2.6,18.7,17.5,14.4
2026-04-28T18:13:39Z,0,0,1.8,0,95.4,0,17.8,849.8,17.9,18.1,89.6,258,253,0,0.9,244,1.7,1.7,18.3,16.9,14
2026-04-28T18:28:46Z,0,0,1.8,0,95.4,0,17.5,849.9,17.6,17.8,90.2,259,252,0,0.1,266,0.6,0.6,17.9,16.6,13.6
2026-04-28T18:44:12Z,0,0,1.8,0,95.4,0,17.5,850.2,17.6,17.8,91.1,260,253,0,0.2,280,0.4,0.4,17.9,16.7,13.6
2026-04-28T18:59:19Z,0,0,2,0,95.4,0,17.3,850.6,17.4,17.7,92.7,260,253,0,0.1,349,0.4,0.4,17.8,16.8,13.5
2026-04-28T19:14:25Z,0.4,0,5.2,0,95.4,0,17.1,850.5,17.2,17.5,94,261,253,0,0,348,0,0,17.6,16.7,13.3
2026-04-28T19:29:31Z,0.4,0,9,0,95.4,0,17,850.6,17,17.3,95.5,260,253,0,0,341,0,0,17.4,16.7,13.2
2026-04-28T19:44:37Z,0,0,10,0,95.4,0,16.9,850.4,16.9,17.2,96,260,254,0,0.1,334,0.4,0.4,17.3,16.7,13.1
2026-04-28T19:59:44Z,0,0,10,0,95.4,0,16.8,850.6,16.8,17.1,96.1,260,254,0,0.1,260,0.7,0.7,17.2,16.6,13
2026-04-28T20:14:50Z,0,0,10.4,0,95.4,0,16.8,850.4,16.8,17.1,96.2,261,253,0,0,243,0.2,0.2,17.2,16.6,13
2026-04-28T20:30:15Z,0,0,11.2,0,95.4,0,16.9,850.3,17,17.2,96.4,260,254,0,0,267,0,0,17.4,16.8,13.1
2026-04-28T20:45:21Z,0,0,12,0,95.4,0,16.9,850.2,17,17.3,96.6,260,253,0,0,266,0,0,17.4,16.9,13.2
2026-04-28T21:00:27Z,0.2,0,12.6,0,95.4,0,17,850.3,17.1,17.4,96.7,260,252,0,0.2,270,0.7,0.7,17.5,17,13.3
2026-04-28T21:15:34Z,0,0,13.4,0,95.4,0,16.7,850,16.8,17,96.7,261,254,0,0.1,275,0.7,0.7,17.2,16.6,12.9
2026-04-28T21:30:40Z,0,0,14.6,0,95.4,0,16.6,849.7,16.6,16.9,96.8,261,254,0,0.2,275,0.7,0.7,17.1,16.6,12.8
2026-04-28T21:45:46Z,0,0,15.2,0,95.4,0,16.6,849.5,16.7,17,96.9,259,253,0,0,266,0,0,17.1,16.6,12.9
2026-04-28T22:00:53Z,0,0,15.4,0,95.4,0,16.6,849.3,16.7,16.9,96.9,259,253,0,0,267,0.4,0.4,17.1,16.6,12.8
2026-04-28T22:16:18Z,0,0,15.6,0,95.4,0,16.6,849.2,16.7,17,97.1,260,253,0,0,335,0.2,0.2,17.1,16.6,12.9
2026-04-28T22:31:25Z,0,0,15.6,0,95.4,0,16.5,849.2,16.6,16.9,97.1,261,254,0,0,327,0,0,17,16.5,12.8
2026-04-28T22:46:31Z,0,0,15.6,0,95.4,0,16.5,849,16.6,16.9,97,261,252,0,0,239,0,0,17,16.5,12.8
2026-04-28T23:01:37Z,0,0,15.6,0,95.4,0,16.6,849,16.7,16.9,97.1,260,253,0,0,239,0,0,17.1,16.6,12.8
2026-04-28T23:16:44Z,0,0,15.8,0,95.4,0,16.7,848.9,16.7,17,97.1,261,254,0,0.2,208,0.7,0.7,17.2,16.7,12.9
2026-04-28T23:31:50Z,0,0,16.2,0,95.4,0,16.6,848.9,16.7,17,97.1,260,254,0,0,207,0,0,17.1,16.6,12.9
2026-04-28T23:46:57Z,0.2,0,16.8,0,95.4,0,16.6,848.9,16.8,17,97.2,260,253,0,0,207,0,0,17.1,16.6,12.9
2026-04-29T00:00:21Z,0.2,0,17.6,0,95.4,0,16.7,848.8,16.7,17,97.2,259,253,0,0,207,0,0,17.2,16.7,12.9
2026-04-29T00:15:28Z,0,0,18.2,0,95.4,0,16.6,848.7,16.7,16.9,97.2,261,253,0,0,207,0,0,17,16.5,12.8
2026-04-29T00:31:16Z,0,0,18.8,0,95.4,0,16.6,848.6,16.7,17,97.2,261,254,0,0,207,0,0,17.1,16.6,12.9
2026-04-29T00:46:29Z,0,0,19.2,0,95.4,0,16.5,848.5,16.6,16.9,97.3,260,254,0,0,207,0,0,17,16.5,12.8
2026-04-29T01:01:41Z,0,0,19.6,0,95.4,0,16.6,848.8,16.6,16.9,97.3,261,254,0,0,207,0,0,17.1,16.6,12.8
2026-04-29T01:16:47Z,0.2,0,20,0,95.4,0,16.6,848.8,16.6,16.9,97.3,262,253,0,0,207,0,0,17.1,16.6,12.8
2026-04-29T01:31:54Z,0,0,20.2,0,95.4,0,16.5,849.1,16.6,16.9,97.4,260,254,0,0.2,208,0.7,0.7,17,16.6,12.8
2026-04-29T01:47:01Z,0,0,20.4,0,95.4,0,16.5,849.2,16.6,16.8,97.4,259,254,0,0,208,0.2,0.2,17,16.5,12.8
2026-04-29T02:02:07Z,0,0,20.4,0,95.4,0,16.5,849.3,16.6,16.8,97.5,259,253,0,0.3,84,1.3,1.3,17,16.5,12.8
2026-04-29T02:17:14Z,0,0,20.6,0,95.4,0,16.4,849.3,16.5,16.8,97.5,260,252,0,0.1,82,0.4,0.4,16.9,16.5,12.7
2026-04-29T02:32:53Z,0,0,20.6,0,95.4,0,16.2,849.4,16.3,16.6,97.5,260,253,0,0,82,0,0,16.8,16.3,12.5
2026-04-29T02:47:59Z,0,0,20.8,0,95.4,0,16.2,849.5,16.3,16.6,97.5,260,253,0,0,82,0.4,0.4,16.7,16.3,12.5
2026-04-29T03:03:06Z,0,0,20.8,0,95.4,0,16.2,849.6,16.2,16.6,97.5,259,253,0,0.2,82,0.7,0.7,16.7,16.3,12.5
2026-04-29T03:18:12Z,0,0,20.8,0,95.4,0,16,849.8,16.3,16.4,97.5,260,254,0,0.2,82,0.4,0.4,16.5,16.1,12.3
2026-04-29T03:33:19Z,0,0,20.8,0,95.4,0,15.9,850.1,16.2,16.3,97.4,261,263,0,0.1,82,0.2,0.2,16.4,16,12.2
2026-04-29T03:48:25Z,0,0,20.8,0,95.4,0,15.9,850.3,16.2,16.3,97.4,262,270,0,0.1,82,0.2,0.2,16.4,16,12.2
2026-04-29T04:03:48Z,0,0,21,0.1,95.4,0,15.9,850.4,16.2,16.3,97.4,267,313,0,0,82,0,0,16.4,16,12.2
2026-04-29T04:18:54Z,0,0,21.2,0.1,95.4,0,16,850.5,16.2,16.4,97.4,270,360,0,0,82,0,0,16.5,16.1,12.3
2026-04-29T04:34:01Z,0,0,21.4,0.1,95.4,0,15.9,850.7,16.1,16.3,97.5,277,409,0,0,82,0,0,16.4,16,12.2
2026-04-29T04:49:07Z,0,0,21.8,0.1,95.4,0,15.9,851,16.2,16.3,97.4,282,466,0,0,82,0,0,16.4,16,12.2
2026-04-29T05:04:14Z,0,0,22.4,0.2,95.4,0,16.1,851.3,16.3,16.4,97.5,290,549,0,0,82,0,0,16.5,16.1,12.3
2026-04-29T05:19:21Z,0.2,0,23.4,0.2,95.4,0,16.2,851.6,16.2,16.5,97.5,301,670,0,0,82,0,0,16.7,16.2,12.5
2026-04-29T05:34:59Z,0,0,23.8,0.3,95.4,0,16.3,851.7,16.4,16.6,97.5,316,832,0,0,82,0,0,16.8,16.3,12.6
2026-04-29T05:50:06Z,0,0,24.4,0.4,95.4,0,16.4,851.9,16.5,16.8,97.5,326,938,0,0,82,0,0,17,16.5,12.8
2026-04-29T06:05:13Z,0,0,0,0.4,24.8,0,16.7,851.9,16.8,17.1,97.4,337,1066,0,0,82,0,0,17.2,16.8,13
2026-04-29T06:20:19Z,0,0,0.2,0.7,24.8,0,16.9,851.9,17,17.3,97.4,381,1540,0,0,82,0,0,17.5,17,13.2
2026-04-29T06:35:26Z,0,0,0.2,1,24.8,0,17.1,852,17.4,17.5,97.2,439,2124,0,0,82,0,0,17.7,17.2,13.4
2026-04-29T06:50:33Z,0,0,0.4,0.8,24.8,0,17.5,852,17.6,17.9,96.6,398,1720,0,0,83,0,0,18,17.4,13.8
2026-04-29T07:06:00Z,0,0,0.8,1.1,24.8,0,17.4,851.9,17.5,17.7,95.8,456,2311,0,0.4,83,0.9,0.9,17.8,17.2,13.6
2026-04-29T07:21:06Z,0,0,0.8,0.9,24.8,0,17.9,851.8,18.1,18.2,95.4,427,2035,0,0.1,179,0.7,0.7,18.4,17.7,14.1
2026-04-29T07:36:12Z,0,0,0.8,1,24.8,0,18.1,851.7,18.3,18.4,94.3,453,2319,0,0.2,179,0.9,0.9,18.6,17.7,14.3
2026-04-29T07:51:19Z,0,0,0.8,1.4,24.8,0,18.6,851.6,18.8,18.9,92.3,516,2956,0,0,179,0.2,0.2,19.1,18,14.8
2026-04-29T08:06:25Z,0,0,0.8,1.3,24.8,0,18.8,851.5,19,19.1,90.9,501,2793,0,0.3,179,0.7,0.7,19.2,18,14.9
2026-04-29T08:21:31Z,0,0,0.8,1.1,24.8,0,18.4,851.5,18.7,18.8,90.6,455,2339,0,0.2,191,1.1,1.1,18.9,17.6,14.6
2026-04-29T08:36:37Z,0,0,1,1.1,24.8,0,18.6,851.5,18.9,19.1,88.9,473,2489,0,0.8,191,1.7,1.7,19.2,17.7,14.8
2026-04-29T08:52:00Z,0,0,1,1.3,24.8,0,18.7,851.4,19.1,19.2,89.3,494,2727,0,0.2,193,0.4,0.4,19.4,17.9,15
2026-04-29T09:07:06Z,0,0,1,1.5,24.8,0,19.8,851.3,20.1,20.1,86.1,543,3248,0,0,193,0.2,0.2,20.3,18.4,15.8
2026-04-29T09:22:12Z,0,0,1,1.7,24.8,0,20.4,851.1,20.8,20.6,85.5,571,3537,0,0,192,0,0,20.8,18.8,16.2
2026-04-29T09:37:19Z,0,0,1,1.8,24.8,0,21.8,850.9,22,22.3,80.7,595,3779,0,0,192,0,0,22.5,19.8,17.7
2026-04-29T09:53:07Z,0,0,1,1.7,24.8,0,21.4,850.5,22.1,21.6,81.3,567,3498,0,0.2,193,1,1,21.8,19.3,17.2
2026-04-29T10:08:13Z,0,0,1,1.2,24.8,0,22,850.2,22.3,22.2,77.9,489,2696,0,0,192,0,0,22.4,19.4,17.6
2026-04-29T10:23:20Z,0,0,1.2,1.5,24.8,0,21.3,849.9,21.7,21.5,83.8,539,3245,0,0,192,0,0,21.7,19.5,17.1
2026-04-29T10:38:26Z,0,0,1.4,1.9,24.8,0,21.1,849.7,21.6,21.4,83.9,605,3947,0,0,192,0,0,21.6,19.3,16.9
2026-04-29T10:53:33Z,0,0,1.4,3.1,24.8,0,21.6,849.4,22.1,22.1,78.7,839,6508,0,0.1,193,1.1,1.1,22.3,19.4,17.5
2026-04-29T11:08:39Z,0,0,1.4,2.9,24.8,0,22.7,849.2,23.1,22.8,76.1,790,5878,0,1,221,2,2,23,19.7,18.1
2026-04-29T11:24:10Z,0,0,1.4,1.2,24.8,0,22.3,848.9,22.8,22.6,76.4,479,2556,0,0.1,200,0.7,0.7,22.8,19.6,18
2026-04-29T11:39:16Z,0,0,1.4,2.3,24.8,0,22,848.7,22.6,22.5,74.6,693,4828,0,0.4,213,1.1,1.1,22.7,19.3,17.9
2026-04-29T11:54:22Z,0,0,1.4,1.1,24.8,0,22.6,848.5,23.3,23.5,70.5,471,2417,0,0.5,192,1.3,1.3,23.6,19.6,18.7
2026-04-29T12:09:29Z,0,0,1.4,2,24.8,0,22.3,848.3,22.9,22.8,73.8,637,4189,0,0.2,185,1.3,1.3,22.9,19.3,18
2026-04-29T12:24:35Z,0,0,1.4,2.4,24.8,0,22.5,847.8,23.2,23,73.5,707,5011,0,0,185,0,0,23.1,19.5,18.2
2026-04-29T12:39:42Z,0,0,1.4,2.4,24.8,0,22.9,847.6,23.7,23.5,74.3,703,4970,0,0.5,161,0.9,0.9,23.7,20.2,18.7
2026-04-29T12:55:11Z,0,0,1.4,2.4,24.8,0,22.7,847.6,23.4,23,70.2,700,4996,0,1,240,2.4,2.4,23.1,19.1,18.2
2026-04-29T13:10:18Z,0,0,1.4,1.3,24.8,0,22.9,847.5,23.7,23.2,67.9,503,2761,0,0.1,214,0.6,0.6,23.3,19,18.4
2026-04-29T13:25:23Z,0,0,1.4,1.2,24.8,0,24.8,847.4,25.6,25.8,61.5,481,2509,0,0,214,0.2,0.2,25.9,20.4,20.4
2026-04-29T13:41:21Z,0,0,1.4,1.3,24.8,0,24.4,847.2,25.6,25.2,62.5,498,2816,0,0.3,214,0.9,0.9,25.3,20.1,20
2026-04-29T13:56:27Z,0,0,1.4,1,24.8,0,23.4,847.3,24.6,24.6,62.1,452,2292,0,0,164,0.2,0.2,24.7,19.5,19.5
2026-04-29T14:11:33Z,0,0,1.4,0.8,24.8,0,22.9,847.3,24.3,24.3,63.4,402,1755,0,0.4,164,1.1,1.1,24.4,19.3,19.3
2026-04-29T14:26:39Z,0,0,1.4,0.5,24.8,0,22.6,847.5,23.9,23.8,63.9,356,1267,0,0,176,0.2,0.2,23.9,19,18.9
2026-04-29T14:41:46Z,0,0,1.4,0.2,24.8,0,21.7,847.5,22.4,22.2,69.2,295,524,0,0.1,152,0.9,0.9,22.2,18.2,17.5
2026-04-29T14:56:52Z,0,0,1.4,0.2,24.8,0,21.1,847.5,21.4,21.4,71.2,285,438,0,0,152,0,0,21.5,17.8,16.8
2026-04-29T15:12:13Z,0,0,1.4,0.1,24.8,0,20.6,847.6,20.8,20.8,74.1,274,384,0,0,152,0,0,20.8,17.5,16.3
2026-04-29T15:27:20Z,0,0,1.4,0,24.8,0,20,847.7,20.1,20.2,76.2,265,290,0,0,152,0,0,20.2,17.2,15.7
2026-04-29T15:42:26Z,0,0,1.4,0,24.8,0,19.4,848,19.4,19.5,78.8,260,255,0,0,152,0,0,19.6,16.9,15.2
2026-04-29T15:57:32Z,0,0,1.4,0,24.8,0,18.8,848.4,18.8,19,81.3,260,253,0,0,152,0,0,19.1,16.8,14.7
2026-04-29T16:12:38Z,0,0,1.4,0,24.8,0,18.6,848.7,18.6,18.8,86.3,260,253,0,0,152,0,0,18.9,17.2,14.6
2026-04-29T16:27:44Z,0,0,1.4,0,24.8,0,18.2,848.7,18.2,18.4,87.7,260,254,0,0,152,0,0,18.5,16.9,14.2
2026-04-29T16:42:51Z,0,0,1.4,0,24.8,0,17.9,849,17.9,18.1,89.7,260,253,0,0,152,0,0,18.2,16.9,13.9
2026-04-29T16:58:17Z,0,0,1.4,0,24.8,0,17.7,849.2,17.8,18,91.2,259,253,0,0,152,0,0,18.1,16.9,13.8
2026-04-29T17:13:23Z,0,0,1.4,0,24.8,0,17.5,849.5,17.6,17.8,92.2,259,252,0,0,152,0,0,17.9,16.9,13.7
2026-04-29T17:28:30Z,0,0,1.4,0,24.8,0,17.3,849.8,17.4,17.6,92.9,260,253,0,0,152,0,0,17.7,16.8,13.5
2026-04-29T17:43:36Z,0,0,1.4,0,24.8,0,17.2,850,17.3,17.5,93.7,261,254,0,0,152,0,0,17.6,16.7,13.4
2026-04-29T17:58:43Z,0,0,1.4,0,24.8,0,17.2,850.3,17.2,17.5,94.4,259,253,0,0,152,0,0,17.6,16.8,13.4
2026-04-29T18:13:50Z,0,0,1.4,0,24.8,0,17.2,850.5,17.3,17.5,94.4,261,253,0,0,152,0,0,17.7,16.9,13.4
2026-04-29T18:29:17Z,0,0,1.4,0,24.8,0,17,850.5,17.2,17.4,94.4,260,254,0,0,152,0,0,17.5,16.7,13.2
2026-04-29T18:44:24Z,0,0,1.4,0,24.8,0,16.9,850.6,17,17.2,94.6,259,253,0,0,152,0,0,17.4,16.6,13.1
2026-04-29T18:59:31Z,0,0,1.4,0,24.8,0,16.8,850.7,16.8,17.1,94.9,260,253,0,0,152,0,0,17.2,16.5,13
2026-04-29T19:14:37Z,0,0,1.4,0,24.8,0,16.7,850.6,16.8,17.1,95.3,260,253,0,0,152,0.2,0.2,17.2,16.5,12.9
2026-04-29T19:29:44Z,0,0,1.4,0,24.8,0,16.7,850.5,16.8,17,95.4,262,253,0,0,152,0,0,17.1,16.4,12.9
2026-04-29T19:45:43Z,0,0,1.4,0,24.8,0,16.6,850.6,16.7,17,95.6,260,254,0,0,152,0,0,17.1,16.5,12.9
2026-04-29T20:00:49Z,0,0,1.4,0,24.8,0,16.6,850.7,16.7,16.9,95.8,260,255,0,0,152,0,0,17.1,16.4,12.8
2026-04-29T20:15:55Z,0,0,1.4,0,24.8,0,16.6,850.7,16.8,17,96,260,253,0,0,152,0,0,17.2,16.6,12.9
2026-04-29T20:31:02Z,0,0,1.4,0,24.8,0,16.5,850.7,16.6,16.8,96,262,254,0,0,152,0,0,17,16.4,12.7
2026-04-29T20:46:24Z,0,0,1.4,0,24.8,0,16.5,850.6,16.6,16.9,96.1,259,254,0,0,152,0,0,17,16.4,12.8
2026-04-29T21:01:30Z,0,0,1.4,0,24.8,0,16.4,850.5,16.5,16.7,96.1,260,253,0,0,152,0,0,16.9,16.3,12.6
2026-04-29T21:16:37Z,0,0,1.4,0,24.8,0,16.2,850.4,16.3,16.6,96.2,261,254,0,0,152,0,0,16.7,16.1,12.5
2026-04-29T21:31:44Z,0,0,1.4,0,24.8,0,16.1,850.5,16.3,16.5,96.2,261,252,0,0,152,0,0,16.6,16,12.4
2026-04-29T21:46:51Z,0,0,1.4,0,24.8,0,16,850.2,16.3,16.4,96.3,260,253,0,0,152,0,0,16.5,16,12.3
2026-04-29T22:01:58Z,0,0,1.4,0,24.8,0,16,850.1,16.2,16.3,96.3,259,253,0,0,152,0,0,16.4,15.9,12.2
2026-04-29T22:17:05Z,0,0,1.4,0,24.8,0,15.9,850,16.2,16.3,96.4,261,253,0,0,152,0,0,16.4,15.9,12.2
2026-04-29T22:32:30Z,0,0,1.4,0,24.8,0,15.7,849.8,16,16.1,96.3,260,253,0,0,152,0,0,16.2,15.6,12
2026-04-29T22:47:37Z,0,0,1.4,0,24.8,0,15.6,849.5,15.9,16,96.4,260,253,0,0,152,0,0,16.1,15.6,11.9
2026-04-29T23:02:44Z,0,0,1.4,0,24.8,0,15.6,849.3,15.8,15.9,96.4,260,254,0,0,152,0,0,16,15.5,11.8
2026-04-29T23:17:51Z,0,0,1.4,0,24.8,0,15.6,849.2,15.9,15.9,96.5,260,255,0,0,152,0,0,16,15.5,11.8
2026-04-29T23:33:25Z,0,0,1.4,0,24.8,0,15.5,849.2,15.8,15.9,96.5,259,253,0,0,152,0,0,15.9,15.4,11.7
2026-04-29T23:48:49Z,0,0,1.4,0,24.8,0,15.4,849.1,15.7,15.8,96.6,259,254,0,0,152,0,0,15.9,15.4,11.7
2026-04-30T00:00:55Z,0,0,1.4,0,24.8,0,15.4,849.1,15.8,15.8,96.7,261,252,0,0,152,0,0,15.9,15.4,11.7
2026-04-30T00:16:01Z,0,0,1.4,0,24.8,0,15.4,849.1,15.7,15.8,96.7,261,254,0,0,152,0,0,15.8,15.4,11.7
2026-04-30T00:31:08Z,0,0,1.4,0,24.8,0,15.5,849.1,15.8,15.9,96.7,261,253,0,0,152,0,0,16,15.5,11.8
2026-04-30T00:46:14Z,0,0,1.4,0,24.8,0,15.5,849.2,15.8,15.9,96.8,261,253,0,0,152,0,0,16,15.6,11.8
2026-04-30T01:01:21Z,0,0,1.4,0,24.8,0,15.5,849.3,15.8,15.9,96.5,260,252,0,0.1,152,0.7,0.7,16,15.5,11.8
2026-04-30T01:16:28Z,0,0,1.4,0,24.8,0,15.5,849.4,15.9,15.9,96.3,260,253,0,0,152,0,0,16,15.5,11.8
2026-04-30T01:31:52Z,0,0,1.4,0,24.8,0,15.6,849.3,15.9,16,96.2,260,254,0,0,152,0,0,16.1,15.5,11.9
2026-04-30T01:46:59Z,0,0,1.4,0,24.8,0,15.6,849.4,15.9,15.9,96,259,253,0,0,152,0,0,16,15.5,11.8
2026-04-30T02:02:06Z,0,0,1.4,0,24.8,0,15.6,849.5,15.9,16,96.2,260,254,0,0,152,0,0,16.1,15.5,11.9
2026-04-30T02:17:12Z,0,0,1.4,0,24.8,0,15.7,849.5,16.1,16.1,96.3,260,255,0,0,152,0,0,16.2,15.7,12
2026-04-30T02:32:19Z,0,0,1.4,0,24.8,0,15.8,849.3,16.1,16.1,96.4,261,254,0,0,152,0,0,16.2,15.7,12
2026-04-30T02:47:25Z,0,0,1.4,0,24.8,0,15.7,849.5,16,16,96.5,260,254,0,0,152,0,0,16.1,15.6,11.9
2026-04-30T03:02:31Z,0,0,1.4,0,24.8,0,15.6,849.6,16,16,96.6,261,254,0,0,152,0,0,16.1,15.6,11.9
2026-04-30T03:17:57Z,0,0,1.4,0,24.8,0,15.7,849.9,15.9,16,96.7,262,257,0,0,152,0,0,16.1,15.6,11.9
2026-04-30T03:33:04Z,0,0,1.4,0,24.8,0,15.7,850.1,16.1,16.1,96.7,265,306,0,0,152,0,0,16.2,15.7,12
2026-04-30T03:48:11Z,0,0,1.4,0.1,24.8,0,15.9,850.3,16.2,16.3,96.7,266,318,0,0,152,0,0,16.4,15.9,12.2
2026-04-30T04:03:17Z,0,0,1.4,0.1,24.8,0,15.9,850.6,16.2,16.3,96.5,267,316,0,0,152,0,0,16.4,15.9,12.2
2026-04-30T04:18:24Z,0,0,1.4,0.1,24.8,0,16,850.7,16.2,16.4,96.1,280,451,0,0.1,152,0.4,0.4,16.5,16,12.3
2026-04-30T04:33:31Z,0,0,1.4,0.3,24.8,0,16.2,850.8,16.3,16.5,95.6,308,749,0,0,152,0.2,0.2,16.6,16,12.4
2026-04-30T04:48:37Z,0,0,1.4,1,24.8,0,16.6,850.8,16.7,17,94.7,438,2273,0,0.3,152,0.7,0.7,17.1,16.4,12.9
2026-04-30T05:04:02Z,0,0,1.4,1.3,24.8,0,17.9,851,18.1,18.1,91.2,494,2899,0,0,152,0.2,0.2,18.3,17.1,14
2026-04-30T05:19:08Z,0,0,1.4,0.7,24.8,0,19.1,851,19,19,88.4,388,1608,0,0,152,0.2,0.2,19.2,17.6,14.8
2026-04-30T05:34:15Z,0,0,1.4,0.7,24.8,0,19.2,851.2,19.2,19.3,87,389,1642,0,0.2,152,0.7,0.7,19.4,17.7,15
2026-04-30T05:49:36Z,0,0,1.4,1,24.8,0,19.4,851.2,19.2,19.3,86.9,439,2164,0,0.6,152,1.1,1.1,19.5,17.7,15.1
2026-04-30T06:04:42Z,0,0,0,1,1.4,0,19.6,851.2,19.9,19.6,85.8,450,2237,0,0,258,0,0,19.7,17.9,15.3
2026-04-30T06:20:05Z,0,0,0,0.9,1.4,0,19.4,851.2,19.4,19.4,85.8,433,2018,0,0,223,0,0,19.5,17.7,15.2
2026-04-30T06:35:12Z,0,0,0,2.8,1.4,0,20.7,851.3,21.1,20.8,81.1,772,5819,0,0.5,201,1.3,1.3,20.9,18.4,16.4
2026-04-30T06:50:18Z,0,0,0,3.1,1.4,0,22.2,851.2,23,22.4,75.5,837,6446,0,0.6,200,1.3,1.3,22.5,19.3,17.8
2026-04-30T07:05:25Z,0,0,0,3,1.4,0,23.1,851.2,24,23.5,70.8,824,6166,0,0.4,218,1.3,1.3,23.7,19.7,18.7
2026-04-30T07:20:31Z,0,0,0,3.3,1.4,0,24.2,851.2,24.8,24.6,66.5,872,6720,0,0.2,84,1.1,1.1,24.7,20.1,19.6
2026-04-30T07:35:38Z,0,0,0,3.6,1.4,0,23.7,851.2,23.8,23.5,70.1,937,7357,0,0,317,0.2,0.2,23.6,19.5,18.6
2026-04-30T07:50:44Z,0,0,0,2.1,1.4,0,23.1,851.1,23.5,22.8,73.4,653,4203,0,0.8,244,2.8,2.8,22.9,19.3,18.1
2026-04-30T08:06:08Z,0,0,0,0.9,1.4,0,21.9,850.9,22.2,22,77.1,433,2018,0,0.1,236,0.4,0.4,22.1,19,17.4
2026-04-30T08:21:15Z,0,0,0,0.9,1.4,0,22.3,850.9,22.5,22.3,76.3,423,1934,0,0,240,0,0,22.5,19.3,17.7
2026-04-30T08:36:22Z,0,0,0,1,1.4,0,22.6,850.8,22.9,22.6,71.5,437,2138,0,0.3,209,0.7,0.7,22.7,18.9,17.9
2026-04-30T08:51:28Z,0,0,0,1.1,1.4,0,23.2,850.6,23.6,23.2,69.6,461,2350,0,0.8,220,1.1,1.1,23.3,19.2,18.4
2026-04-30T09:06:34Z,0,0,0,3,1.4,0,23.5,850.4,23.8,23.6,68.9,812,6248,0,0.2,220,0.9,0.9,23.7,19.5,18.7
2026-04-30T09:21:40Z,0,0,0,4.5,1.4,0,24.8,850.2,25.2,24.8,69.2,1096,9082,0,0.1,252,0.4,0.4,25,20.6,19.7
2026-04-30T09:36:47Z,0,0,0,3,1.4,0,24.4,849.9,25,24.2,65.3,816,6101,0,0.9,243,2.2,2.2,24.3,19.5,19.2
2026-04-30T09:52:12Z,0,0,0,3.8,1.4,0,23.5,849.5,23.6,23.4,68.6,971,7777,0,0.1,210,0.4,0.4,23.5,19.3,18.6
2026-04-30T10:07:19Z,0,0,0,1.1,1.4,0,23.7,849.3,24.1,23.9,67.3,459,2245,0,0.2,212,0.9,0.9,24,19.6,19
2026-04-30T10:22:25Z,0,0,0,4.8,1.4,0,26.1,848.9,26.5,26.5,56.5,1145,9553,0,0.5,157,1.5,1.5,26.6,20.3,21
2026-04-30T10:37:32Z,0,0,0,4.5,1.4,0,26,848.6,26.8,26.7,57.3,1104,9082,0,0.7,165,2,2,27.5,20.6,21.7
2026-04-30T10:52:39Z,0,0,0,3.8,1.4,0,26.2,848.5,26.8,26.4,55.3,968,7773,0,0.5,80,1.5,1.5,26.5,20,20.9
2026-04-30T11:08:21Z,0,0,0,1.1,1.4,0,25.1,848.4,25.7,25.6,60.2,471,2394,0,0.1,171,0.9,0.9,25.7,20.1,20.3
2026-04-30T11:23:28Z,0,0,0,1.1,1.4,0,24.8,848.3,25.4,25.2,63.8,469,2405,0,0.4,230,1.3,1.3,25.3,20.2,20
2026-04-30T11:38:34Z,0,0,0,1.4,1.4,0,25,847.9,25.4,25.5,61.4,511,2845,0,0.3,157,1.1,1.1,25.6,20.1,20.2
2026-04-30T11:53:41Z,0,0,0,0.7,1.4,0,23.4,847.8,23.9,24,68.4,381,1502,0,1.3,175,3.5,3.5,24.1,19.8,19
2026-04-30T12:08:47Z,0,0,0,0.8,1.4,0,22.5,847.7,22.9,23,72.2,409,1782,0,0.8,141,1.7,1.7,23.1,19.3,18.2
2026-04-30T12:24:13Z,0,0,0,1.2,1.4,0,23.1,847.5,23.3,23.5,72.2,483,2506,0,0.2,150,1.5,1.5,23.6,19.8,18.7
2026-04-30T12:39:19Z,0,0,0,1,1.4,0,22.6,847.7,22.9,23.2,69.9,447,2185,0,0.3,75,1.1,1.1,23.3,19.2,18.4
2026-04-30T12:54:26Z,0,0,0,1.2,1.4,0,22.1,847.6,22.3,22.6,71.6,477,2490,0,0.1,151,0.4,0.4,22.7,18.9,17.9
2026-04-30T13:09:33Z,0,0,0,0.9,1.4,0,21.9,847.5,22.1,22.5,74.6,433,2019,0,0.7,168,1.7,1.7,22.6,19.2,17.8
2026-04-30T13:24:39Z,0,0,0,0.7,1.4,0,21.7,847.5,21.8,22.2,75.2,381,1520,0,0.5,124,1.3,1.3,22.3,19,17.6
2026-04-30T13:39:46Z,0,0,0,0.6,1.4,0,21.8,847.5,22,22.3,76.2,372,1413,0,0.6,110,1.7,1.7,22.4,19.2,17.6
2026-04-30T13:54:52Z,0,0,0,0.5,1.4,0,21.7,847.6,21.9,22.2,77.7,346,1085,0,0.2,80,1.3,1.3,22.3,19.3,17.6
2026-04-30T14:10:18Z,0,0,0,0.4,1.4,0,21.5,847.6,21.7,22,77.5,334,951,0,0.9,85,2,2,22.1,19.1,17.4
2026-04-30T14:25:25Z,0,0,0,0.3,1.4,0,21.3,847.8,21.4,21.8,79.3,321,849,0,0,92,0,0,21.9,19.1,17.2
2026-04-30T14:40:32Z,0,0,0,0.2,1.4,0,21.2,847.9,21.4,21.6,80.4,299,622,0,0.1,92,0.4,0.4,21.8,19.2,17.1
2026-04-30T14:56:28Z,0,0,0,0.2,1.4,0,21,848.2,21.1,21.4,82.4,285,498,0,0,92,0.2,0.2,21.6,19.2,16.9
2026-04-30T15:11:30Z,0,0,0,0.1,1.4,0,20.9,848.2,21,21.2,83.1,274,376,0,0,92,0,0,21.4,19.1,16.8
2026-04-30T15:26:37Z,0,0,0,0,1.4,0,20.7,848.3,20.8,21,80.4,262,272,0,0.4,196,1.3,1.3,21.1,18.5,16.6
2026-04-30T15:41:43Z,0,0,0,0,1.4,0,20.5,848.5,20.7,20.9,82.6,262,255,0,0.4,202,1.7,1.7,21,18.7,16.5
2026-04-30T15:56:50Z,0,0,0,0,1.4,0,20.2,848.8,20.4,20.6,84,259,254,0,0.9,165,2.4,2.4,20.7,18.6,16.2
2026-04-30T16:11:57Z,0,0,0,0,1.4,0,19.7,848.8,19.8,20,85.7,260,252,0,0.5,133,1.5,1.5,20.2,18.3,15.7
2026-04-30T16:27:22Z,0,0,0,0,1.4,0,19.4,849,19.6,19.8,86.8,260,254,0,0,88,0.4,0.4,20,18.2,15.5
2026-04-30T16:42:29Z,0,0,0,0,1.4,0,19.4,849.3,19.5,19.7,87.6,259,253,0,0.4,182,1.1,1.1,19.9,18.2,15.4
2026-04-30T16:57:35Z,0,0,0,0,1.4,0,19.2,849.4,19.4,19.6,87.7,263,253,0,0.2,164,1.1,1.1,19.8,18.1,15.4
2026-04-30T17:13:32Z,0,0,0,0,1.4,0,19.2,849.6,19.3,19.6,87.1,259,252,0,0.1,87,0.4,0.4,19.7,18,15.3
2026-04-30T17:28:38Z,0,0,0,0,1.4,0,19.2,849.8,19.3,19.6,86.8,261,253,0,0,94,0,0,19.7,18,15.3
2026-04-30T17:43:45Z,0,0,0,0,1.4,0,19.2,850,19.2,19.5,88.8,260,253,0,0,94,0.2,0.2,19.7,18.2,15.3
2026-04-30T17:58:51Z,0,0,0,0,1.4,0,19,850.3,19.1,19.4,89.1,261,253,0,0,94,0,0,19.6,18.1,15.2
2026-04-30T18:14:05Z,0,0,0,0,1.4,0,19,850.5,19.1,19.3,89.9,260,253,0,0,94,0.4,0.4,19.5,18.1,15.1
2026-04-30T18:29:25Z,0,0,0,0,1.4,0,18.9,850.6,19,19.3,90.1,260,254,0,0.1,0,0.4,0.4,19.4,18.1,15
2026-04-30T18:44:31Z,0,0,0,0,1.4,0,18.8,850.6,18.9,19.1,89.8,259,253,0,0.7,1,1.1,1.1,19.3,17.9,14.9
2026-04-30T18:59:45Z,0,0,0,0,1.4,0,18.7,850.8,18.8,19.1,89.9,262,255,0,0,1,0.2,0.2,19.3,17.9,14.9
2026-04-30T19:14:51Z,0,0,0,0,1.4,0,18.7,850.8,18.8,19,90.4,260,254,0,0.1,1,0.4,0.4,19.2,17.9,14.8
2026-04-30T19:30:33Z,0,0,0,0,1.4,0,18.7,850.9,18.8,19,91,261,253,0,0,1,0,0,19.2,17.9,14.8
2026-04-30T19:45:47Z,0,0,0,0,1.4,0,18.7,851,18.8,19,91.5,260,253,0,0,1,0,0,19.2,18,14.8
2026-04-30T20:00:53Z,0,0,0,0,1.4,0,18.6,851,18.8,19,91.7,260,252,0,0,1,0,0,19.2,18,14.8
2026-04-30T20:16:00Z,0,0,0,0,1.4,0,18.7,851,18.8,19.1,91.6,262,253,0,0.5,184,1.5,1.5,19.2,18,14.9
2026-04-30T20:31:06Z,0,0,0,0,1.4,0,18.7,851.1,18.8,19,90.8,260,253,0,0,89,0.2,0.2,19.2,17.9,14.8
2026-04-30T20:46:31Z,0,0,0,0,1.4,0,18.6,851,18.7,18.9,91.4,260,253,0,0,89,0,0,19.1,17.9,14.7
2026-04-30T21:01:38Z,0,0,0,0,1.4,0,18.4,850.8,18.5,18.7,91.7,260,253,0,0.4,105,1.7,1.7,18.9,17.7,14.6
2026-04-30T21:16:45Z,0,0,0,0,1.4,0,18.3,850.6,18.4,18.6,92.1,261,253,0,0.2,85,0.9,0.9,18.8,17.7,14.5
2026-04-30T21:31:52Z,0,0,0,0,1.4,0,18.3,850.6,18.4,18.7,92.4,260,253,0,0.1,201,0.7,0.7,18.8,17.7,14.5
2026-04-30T21:46:59Z,0.2,0,0.4,0,1.4,0,17.8,850.6,18,18.3,92.5,260,253,0,1.4,171,3.3,3.3,18.4,17.4,14.1
2026-04-30T22:02:05Z,0.2,0,3.6,0,1.4,0,17.3,850.5,17.4,17.7,94.8,260,253,0,0.6,128,2.6,2.6,17.9,17.1,13.6
2026-04-30T22:18:33Z,0,0,4.8,0,1.4,0,17.2,850.4,17.3,17.6,95.6,258,254,0,0.2,139,1.1,1.1,17.7,17.1,13.5
2026-04-30T22:33:57Z,0.2,0,5.8,0,1.4,0,17.1,850.2,17.2,17.5,96,260,253,0,0.3,162,1.1,1.1,17.7,17,13.4
2026-04-30T22:49:04Z,0,0,6.6,0,1.4,0,17.2,850,17.2,17.5,96.2,260,252,0,0,188,0,0,17.7,17.1,13.5
2026-04-30T23:04:11Z,0.2,0,7,0,1.4,0,17.2,849.7,17.2,17.5,96.4,260,253,0,0,89,0,0,17.7,17.1,13.5
2026-04-30T23:19:18Z,0,0,7,0,1.4,0,17.2,849.7,17.2,17.5,96.5,261,254,0,0.2,183,0.8,0.8,17.7,17.1,13.5
2026-04-30T23:34:25Z,0,0,7,0,1.4,0,17.1,849.8,17.2,17.5,96.5,260,254,0,0,124,0.3,0.3,17.6,17,13.4
2026-04-30T23:49:33Z,0.2,0,7.4,0,1.4,0,16.9,849.7,16.9,17.3,96.5,261,254,0,0.5,94,1.6,1.6,17.4,16.9,13.2
2026-05-01T00:00:38Z,0,0,7.4,0,1.4,0,16.8,849.7,16.9,17.2,96.6,260,254,0,0.6,114,2.4,2.4,17.3,16.8,13.1
2026-05-01T00:16:04Z,0,0,8,0,1.4,0,16.6,849.7,16.8,17.1,96.7,262,253,0,0.1,125,0.4,0.4,17.2,16.7,13
2026-05-01T00:31:11Z,0,0,8.2,0,1.4,0,16.3,849.7,16.4,16.7,96.6,261,254,0,0.1,151,0.7,0.7,16.9,16.3,12.6
2026-05-01T00:46:18Z,0,0,8.4,0,1.4,0,16.2,849.7,16.3,16.6,96.6,261,252,0,0.2,126,0.7,0.7,16.7,16.2,12.5
2026-05-01T01:02:12Z,0,0,8.4,0,1.4,0,16.1,849.7,16.2,16.5,96.6,260,253,0,0,134,0.4,0.4,16.7,16.1,12.5
2026-05-01T01:17:19Z,0,0,8.4,0,1.4,0,16.2,849.7,16.4,16.6,96.8,259,253,0,0.1,134,0.4,0.4,16.8,16.2,12.5
2026-05-01T01:32:26Z,0,0,8.4,0,1.4,0,16.3,849.9,16.4,16.7,96.9,260,252,0,0.2,168,0.7,0.7,16.9,16.4,12.6
2026-05-01T01:47:32Z,0.2,0,8.8,0,1.4,0,16.3,850,16.4,16.6,96.9,261,254,0,0.1,92,0.7,0.7,16.8,16.3,12.5
2026-05-01T02:02:39Z,0.2,0,12.8,0,1.4,0,16.1,850.1,16.2,16.5,96.9,261,253,0,0,93,0,0,16.6,16.1,12.4
2026-05-01T02:17:46Z,0,0,14,0,1.4,0,16.1,850.1,16.2,16.5,97.1,260,254,0,0,93,0,0,16.6,16.1,12.4
2026-05-01T02:33:10Z,0.2,0,15.4,0,1.4,0,16.1,850.2,16.3,16.5,97.1,261,254,0,0,93,0,0,16.6,16.1,12.4
2026-05-01T02:48:17Z,0.2,0,17,0,1.4,0,16.1,850.3,16.3,16.5,97.2,260,253,0,0,93,0,0,16.6,16.1,12.4
2026-05-01T03:03:24Z,0,0,17.6,0,1.4,0,16,850.4,16.2,16.4,97.3,261,254,0,0,93,0,0,16.5,16.1,12.3
2026-05-01T03:18:31Z,0.2,0,18.2,0,1.4,0,16.1,850.5,16.3,16.5,97.4,260,255,0,0,93,0,0,16.6,16.2,12.4
2026-05-01T03:33:37Z,0,0,18.8,0,1.4,0,16,850.6,16.3,16.4,97.5,262,294,0,0,93,0,0,16.5,16.1,12.3
2026-05-01T03:49:20Z,0,0,19.6,0.1,1.4,0,16,850.7,16.3,16.4,97.5,270,344,0,0,93,0,0,16.6,16.1,12.3
2026-05-01T04:04:26Z,0,0,20.2,0.1,1.4,0,16.1,850.8,16.2,16.5,97.6,281,483,0,0,93,0,0,16.7,16.2,12.4
2026-05-01T04:19:33Z,0,0,20.2,0.2,1.4,0,16.3,850.9,16.4,16.6,97.6,298,653,0,0,93,0,0,16.8,16.3,12.6
2026-05-01T04:34:39Z,0,0,20.2,0.2,1.4,0,16.4,851,16.5,16.8,97.6,292,588,0,0.1,93,0.5,0.5,17,16.5,12.7
2026-05-01T04:49:46Z,0,0,20.2,0.2,1.4,0,16.5,851.2,16.6,16.9,97.7,302,711,0,0,93,0.2,0.2,17.1,16.6,12.8
2026-05-01T05:05:10Z,0,0,20.4,0.3,1.4,0,16.5,851.3,16.6,16.9,97.6,313,801,0,0,93,0.2,0.2,17.1,16.7,12.9
2026-05-01T05:20:17Z,0,0,20.4,0.4,1.4,0,16.8,851.4,16.9,17.2,97.7,329,981,0,0.4,93,0.9,0.9,17.3,16.9,13.1
2026-05-01T05:35:24Z,0,0,20.4,0.6,1.4,0,16.9,851.5,16.9,17.2,97.6,368,1374,0,0,93,0,0,17.4,16.9,13.1
2026-05-01T05:50:31Z,0,0,20.4,0.8,1.4,0,17.4,851.6,17.4,17.8,97.6,397,1676,0,0,93,0,0,18,17.5,13.7
2026-05-01T06:05:38Z,0,0,0,0.7,20.4,0,17.4,851.6,17.6,17.9,97.3,393,1675,0,0,93,0,0,18,17.5,13.8
2026-05-01T06:20:44Z,0,0,0,1.2,20.4,0,17.9,851.8,18.1,18.4,96.4,476,2543,0,0,93,0,0,18.6,17.9,14.2
2026-05-01T06:35:51Z,0,0,0,1.7,20.4,0,19,851.7,19.1,19.5,89.6,579,3622,0,0,93,0,0,19.7,18.3,15.3
2026-05-01T06:51:15Z,0,0,0,1,20.4,0,19,851.8,19.4,19.6,86.2,444,2224,0,0,93,0.2,0.2,19.7,17.9,15.3
2026-05-01T07:06:21Z,0,0,0,0.7,20.4,0,19,851.7,19.4,19.5,87.8,384,1612,0,0,229,0,0,19.6,18,15.2
2026-05-01T07:21:27Z,0,0,0,1.5,20.4,0,20.1,851.7,20.3,20.3,83.4,544,3246,0,0.1,230,0.7,0.7,20.4,18.2,15.9
2026-05-01T07:36:34Z,0,0,0,2.1,20.4,0,20.9,851.5,21.1,20.9,82.2,646,4277,0,0.1,230,0.4,0.4,21,18.7,16.5
2026-05-01T07:51:40Z,0,0,0,1.9,20.4,0,21.1,851.6,21.5,21.1,78.5,603,3839,0,0.4,218,0.9,0.9,21.2,18.4,16.6
2026-05-01T08:06:47Z,0,0,0,2.1,20.4,0,22.3,851.5,22.4,22.4,75.9,643,4277,0,0.1,281,0.4,0.4,22.5,19.3,17.7
2026-05-01T08:21:54Z,0,0,0,1.6,20.4,0,21.7,851.4,21.6,22.5,73.6,559,3397,0,0.3,188,0.7,0.7,22.6,19.1,17.8
2026-05-01T08:37:19Z,0,0,0,1.6,20.4,0,23,851.3,23.1,23.5,69.1,561,3414,0,0,187,0,0,23.6,19.5,18.7
2026-05-01T08:52:25Z,0,0,0,2,20.4,0,22.1,850.9,22.3,21.9,75,633,4196,0,0.2,188,0.7,0.7,22,18.7,17.3
2026-05-01T09:07:31Z,0,0,0,1.4,20.4,0,22.4,850.6,22.5,22.7,72.7,508,2897,0,0.9,93,1.5,1.5,22.8,19.1,18
2026-05-01T09:22:37Z,0,0,0,1.3,20.4,0,23.1,850.4,22.9,23.2,72.2,506,2872,0,0.2,87,0.7,0.7,23.3,19.5,18.4
2026-05-01T09:37:44Z,0,0,0,2,20.4,0,23.6,850.3,23.5,23.7,72.1,634,4185,0,0,3,0,0,23.8,20,18.8
2026-05-01T09:52:50Z,0,0,0,2,20.4,0,24.4,850,24.3,24.4,69.6,632,4167,0,0,3,0.2,0.2,24.6,20.4,19.4
2026-05-01T10:08:29Z,0,0,0,2.2,20.4,0,25.1,849.8,24.8,25.4,63.9,667,4485,0,0.2,61,1.1,1.1,25.5,20.4,20.2
2026-05-01T10:23:35Z,0,0,0,2,20.4,0,24.3,849.5,24.4,25.1,66.2,639,4177,0,0,89,0,0,25.2,20.5,19.9
2026-05-01T10:38:37Z,0,0,0,2,20.4,0,25.2,849.1,25.6,25.6,59.7,626,4047,0,0,5,0,0,25.7,20,20.3
2026-05-01T10:54:02Z,0,0,0,3.1,20.4,0,25.1,848.9,25.4,24.9,64.4,832,6251,0,0.1,4,0.7,0.7,25,20.1,19.8
2026-05-01T11:09:23Z,0,0,0,1,20.4,0,24.9,848.6,25.6,25.8,60.9,439,1996,0,0.2,175,1.1,1.1,25.9,20.4,20.5
2026-05-01T11:24:29Z,0,0,0,3.1,20.4,0,24.2,848.4,24.9,24.9,63.5,829,6248,0,0.1,175,1.1,1.1,25,19.9,19.8
2026-05-01T11:39:35Z,0,0,0,3,20.4,0,25.1,848,25.5,25.8,65.1,827,6104,0,0,240,0.2,0.2,26,21,20.5
2026-05-01T11:54:42Z,0,0,0,3,20.4,0,25.4,847.9,26,26.3,60,814,5999,0,0.1,79,0.4,0.4,26.5,20.7,20.9
2026-05-01T12:09:48Z,0,0,0,2.9,20.4,0,25.5,847.6,26.1,26.5,58.6,801,5852,0,0.2,183,0.7,0.7,26.6,20.6,21
2026-05-01T12:24:55Z,0,0,0,2.8,20.4,0,26.7,847.4,27.2,27.8,57.1,782,5780,0,0.6,93,1.3,1.3,28.9,21.6,22.6
2026-05-01T12:40:02Z,0,0,0,0.7,20.4,0,24.4,847.5,25,25.4,63.7,387,1484,0,0.2,144,0.9,0.9,25.6,20.4,20.2
2026-05-01T12:55:27Z,0,0,0,2.3,20.4,0,24.3,847.4,24.8,24.9,63.8,680,4711,0,0.8,199,1.7,1.7,25,20,19.8
2026-05-01T13:10:34Z,0,0,0,1.8,20.4,0,26.2,847.2,26.7,27,61.3,599,3906,0,0,70,0.2,0.2,28.2,21.5,22.2
2026-05-01T13:25:40Z,0,0,0,0.4,20.4,0,22.9,847.3,23.6,23.6,69.6,326,847,0,0.8,188,2.4,2.4,23.7,19.6,18.7
2026-05-01T13:40:46Z,0,0,0,0.3,20.4,0,21.9,847.4,22.2,22.3,73.8,318,768,0,0.6,176,2,2,22.4,18.9,17.6
2026-05-01T13:55:53Z,0,0,0,0.9,20.4,0,21.7,847.5,22.1,22.3,72.7,428,2051,0,0.8,194,2,2,22.4,18.7,17.6
2026-05-01T14:11:33Z,0,0,0,0.3,20.4,0,21.6,847.4,21.8,22,74,306,636,0,0.2,211,0.9,0.9,22.1,18.6,17.4
2026-05-01T14:26:39Z,0,0,0,0.2,20.4,0,21.5,847.4,21.8,21.9,76.3,294,494,0,0.2,185,0.9,0.9,22,18.9,17.3
2026-05-01T14:41:46Z,0,0,0,0.2,20.4,0,21.4,847.7,21.6,21.7,78.7,289,468,0,0,185,0,0,21.9,19,17.2
2026-05-01T14:56:53Z,0,0,0,0.2,20.4,0,21.2,847.7,21.4,21.5,79.2,288,507,0,0.2,186,1.1,1.1,21.6,18.8,17
2026-05-01T15:11:59Z,0,0,0,0.1,20.4,0,21.1,848,21.3,21.4,81.1,269,327,0,0,185,0,0,21.5,19,16.9
2026-05-01T15:27:06Z,0,0,0,0,20.4,0,21.3,848.2,21.4,21.5,78.5,262,269,0,0.3,130,1.3,1.3,21.7,18.8,17
2026-05-01T15:42:13Z,0,0,0,0,20.4,0,21.3,848.2,21.4,21.6,78.6,260,255,0,0,128,0.2,0.2,21.7,18.9,17.1
2026-05-01T15:57:37Z,0,0,0,0,20.4,0,21,848.5,21.1,21.3,78.5,259,253,0,0,130,0.4,0.4,21.4,18.6,16.8
2026-05-01T16:12:43Z,0,0,0,0,20.4,0,20.7,848.8,20.8,21,79.8,260,253,0,0,67,0.4,0.4,21.1,18.5,16.6
2026-05-01T16:27:50Z,0,0,0,0,20.4,0,20.4,848.9,20.6,20.8,80.8,258,253,0,0,65,0,0,20.9,18.4,16.3
2026-05-01T16:42:56Z,0,0,0,0,20.4,0,20.3,849.2,20.4,20.6,83.1,260,254,0,0,65,0,0,20.8,18.5,16.3
2026-05-01T16:58:16Z,0,0,0,0,20.4,0,20.1,849.3,20.2,20.5,85.5,260,253,0,0,65,0,0,20.6,18.6,16.1
2026-05-01T17:13:38Z,0,0,0,0,20.4,0,19.7,849.6,19.8,19.9,87.2,260,253,0,0,65,0,0,20.1,18.3,15.6
2026-05-01T17:28:44Z,0,0,0,0,20.4,0,19.4,849.8,19.4,19.6,88.7,260,253,0,0,65,0,0,19.8,18.2,15.4
2026-05-01T17:43:51Z,0,0,0,0,20.4,0,19,850.1,19.1,19.3,90.1,261,253,0,0,65,0,0,19.5,18.1,15.1
2026-05-01T17:59:00Z,0,0,0,0,20.4,0,18.9,850.4,19,19.2,91.5,261,254,0,0,65,0,0,19.4,18.1,15
2026-05-01T18:14:06Z,0,0,0,0,20.4,0,18.9,850.6,19.1,19.3,91.8,260,254,0,0,65,0,0,19.5,18.3,15.1
2026-05-01T18:29:13Z,0,0,0,0,20.4,0,19.1,850.7,19.2,19.3,89.8,260,254,0,0,67,0.2,0.2,19.5,18.1,15.1
2026-05-01T18:44:19Z,0,0,0,0,20.4,0,19.2,850.7,19.3,19.5,88.2,260,254,0,0,67,0,0,19.7,18.1,15.3
2026-05-01T18:59:42Z,0,0,0,0,20.4,0,19.3,850.7,19.4,19.5,87.8,261,252,0,0,69,0,0,19.7,18,15.3
2026-05-01T19:14:49Z,0,0,0,0,20.4,0,19.2,850.7,19.3,19.5,88.1,260,254,0,0,70,0,0,19.6,18,15.2
2026-05-01T19:29:55Z,0,0,0,0,20.4,0,18.9,850.7,19.1,19.3,88.5,260,254,0,0,70,0,0,19.4,17.9,15
2026-05-01T19:45:04Z,0,0,0,0,20.4,0,18.7,850.8,18.8,19,90.6,261,253,0,0,70,0,0,19.2,17.9,14.8
2026-05-01T20:00:11Z,0,0,0,0,20.4,0,18.6,850.9,18.7,19,91,259,254,0,0,70,0,0,19.1,17.9,14.8
2026-05-01T20:15:17Z,0,0,0,0,20.4,0,18.5,851,18.7,18.9,90.7,260,253,0,0,70,0,0,19.1,17.8,14.7
2026-05-01T20:30:24Z,0,0,0,0,20.4,0,18.7,851.2,18.8,19,90,261,253,0,0.1,70,0.4,0.4,19.2,17.8,14.8
2026-05-01T20:45:47Z,0,0,0,0,20.4,0,19,850.9,19.1,19.3,88.6,260,253,0,0,197,0,0,19.5,17.9,15.1
2026-05-01T21:00:53Z,0,0,0,0,20.4,0,19.1,850.8,19.2,19.4,87.5,261,253,0,0.1,127,0.7,0.7,19.6,17.9,15.2
2026-05-01T21:16:34Z,0,0,0,0,20.4,0,19,850.6,19.1,19.4,87.5,261,253,0,0.9,187,2.4,2.4,19.5,17.8,15.1
2026-05-01T21:31:58Z,0,0,0,0,20.4,0,18.5,850.5,18.7,18.9,89.3,262,253,0,0.3,179,1.3,1.3,19,17.6,14.7
2026-05-01T21:47:05Z,0,0,0,0,20.4,0,18.2,850.4,18.4,18.6,90.7,261,253,0,0,179,0.2,0.2,18.7,17.5,14.4
2026-05-01T22:02:12Z,0,0,0,0,20.4,0,18,850.2,18.1,18.4,91.1,261,253,0,0.1,138,0.2,0.2,18.5,17.3,14.2
2026-05-01T22:17:18Z,0,0,0,0,20.4,0,17.8,850.1,17.9,18.1,91.4,259,253,0,0,138,0,0,18.3,17.1,14
2026-05-01T22:32:25Z,0,0,0,0,20.4,0,17.7,850,17.9,18,91.9,260,252,0,0.1,201,0.7,0.7,18.2,17.1,13.9
2026-05-01T22:47:32Z,0,0,0,0,20.4,0,17.7,850,17.8,18,92,261,253,0,0.1,122,0.7,0.7,18.1,17,13.8
2026-05-01T23:02:38Z,0,0,0,0,20.4,0,17.6,849.7,17.8,18,92.2,260,254,0,0.1,181,0.9,0.9,18.1,17,13.8
2026-05-01T23:18:00Z,0,0,0,0,20.4,0,17.5,849.6,17.7,17.9,92.7,260,253,0,0.1,198,0.7,0.7,18,17,13.7
2026-05-01T23:33:06Z,0,0,0,0,20.4,0,17.4,849.7,17.5,17.8,93.1,260,253,0,0,197,0,0,17.9,17,13.6
2026-05-01T23:48:13Z,0,0,0,0,20.4,0,17.4,849.5,17.6,17.8,92.6,259,253,0,0.1,197,0.4,0.4,17.9,16.9,13.6
2026-05-02T00:00:09Z,0,0,0,0,20.4,0,17.5,849.5,17.6,17.8,92.2,260,253,0,0.2,197,0.7,0.7,17.9,16.9,13.7
2026-05-02T00:15:15Z,0,0,0,0,20.4,0,17.5,849.5,17.6,17.8,91.7,260,253,0,0.1,197,0.7,0.7,17.9,16.8,13.7
2026-05-02T00:30:21Z,0,0,0,0,20.4,0,17.4,849.6,17.5,17.8,91.8,259,254,0,0.1,197,0.4,0.4,17.9,16.8,13.6
2026-05-02T00:45:28Z,0,0,0,0,20.4,0,17.4,849.6,17.5,17.7,91.8,263,253,0,0,196,0,0,17.8,16.7,13.5
2026-05-02T01:00:34Z,0,0,0,0,20.4,0,17.3,849.7,17.4,17.7,92.1,261,253,0,0,196,0,0,17.8,16.8,13.5
2026-05-02T01:15:41Z,0,0,0,0,20.4,0,17.3,849.9,17.4,17.6,92.3,260,253,0,0,196,0,0,17.8,16.7,13.5
2026-05-02T01:31:03Z,0,0,0,0,20.4,0,17.3,850,17.4,17.6,92.3,260,253,0,0,196,0,0,17.7,16.7,13.5
2026-05-02T01:46:10Z,0,0,0,0,20.4,0,17.3,850,17.4,17.6,92.4,260,253,0,0,196,0,0,17.7,16.7,13.5
2026-05-02T02:01:16Z,0,0,0,0,20.4,0,17.2,850.1,17.4,17.6,92.1,260,253,0,0,196,0,0,17.7,16.7,13.4
2026-05-02T02:16:23Z,0,0,0,0,20.4,0,17.3,850.2,17.3,17.6,93.1,261,254,0,0,196,0,0,17.7,16.8,13.4
2026-05-02T02:31:30Z,0,0,0.2,0,20.4,0,17.2,850.4,17.2,17.4,94.2,261,253,0,0,196,0,0,17.6,16.7,13.3
2026-05-02T02:46:36Z,0,0,0.2,0,20.4,0,17.1,850.5,17.2,17.4,94.5,261,254,0,0,196,0,0,17.5,16.7,13.3
2026-05-02T03:01:43Z,0,0,0.2,0,20.4,0,17,850.5,17.1,17.3,94.9,260,254,0,0,196,0,0,17.4,16.7,13.2
2026-05-02T03:17:07Z,0,0,0.2,0,20.4,0,17,850.7,17.1,17.3,95.1,262,257,0,0,196,0,0,17.4,16.7,13.2
2026-05-02T03:32:14Z,0,0,0.4,0,20.4,0,17,850.8,17.1,17.3,95.2,264,287,0,0,196,0,0,17.4,16.7,13.2
2026-05-02T03:47:21Z,0,0,0.4,0.1,20.4,0,16.9,851,17,17.3,95.3,272,369,0,0,196,0,0,17.4,16.7,13.2
2026-05-02T04:02:28Z,0,0,0.4,0.2,20.4,0,16.9,851.2,17,17.3,95.3,287,552,0,0.3,197,0.7,0.7,17.4,16.7,13.2
2026-05-02T04:17:34Z,0,0,0.4,0.1,20.4,0,17.1,851.3,17.2,17.4,95.4,282,475,0,0,196,0,0,17.6,16.9,13.3
2026-05-02T04:32:40Z,0,0,0.4,0.2,20.4,0,17.1,851.4,17.2,17.5,95.2,303,682,0,0.3,197,0.7,0.7,17.6,16.9,13.4
2026-05-02T04:47:47Z,0,0,0.4,0.4,20.4,0,17.3,851.7,17.4,17.7,95,324,936,0,0,196,0,0,17.8,17.1,13.6
2026-05-02T05:03:12Z,0,0,0.4,0.3,20.4,0,17.5,851.9,17.6,17.9,94.2,322,915,0,0,196,0,0,18.1,17.2,13.8
2026-05-02T05:18:18Z,0,0,0.4,0.4,20.4,0,17.8,852.1,17.9,18.1,93.1,341,1115,0,0,196,0,0,18.2,17.3,14
2026-05-02T05:33:25Z,0,0,0.4,0.6,20.4,0,18,852,18.2,18.4,92,369,1423,0,0.1,197,0.4,0.4,18.5,17.4,14.2
2026-05-02T05:48:32Z,0,0,0.4,0.8,20.4,0,18.4,852.2,18.5,18.6,90.6,396,1690,0,0.2,197,0.7,0.7,18.8,17.5,14.5
2026-05-02T06:03:38Z,0,0,0,0.9,0.4,0,18.8,852.1,18.9,19,87.7,431,2073,0,0.8,197,1.3,1.3,19.1,17.5,14.7
2026-05-02T06:18:44Z,0,0,0,1.3,0.4,0,19.7,852,19.8,19.9,87.6,497,2767,0,0.1,197,0.7,0.7,20.1,18.4,15.6
2026-05-02T06:33:51Z,0,0,0,1.8,0.4,0,20.3,852.1,20.5,20.3,83.3,585,3683,0,0.1,198,0.4,0.4,20.5,18.3,16
2026-05-02T06:49:19Z,0,0,0,1.5,0.4,0,21.2,852,21.4,21.1,79,546,3279,0,0.6,198,1.1,1.1,21.3,18.5,16.7
2026-05-02T07:04:26Z,0,0,0,2,0.4,0,22.4,851.9,22.7,22.4,79.9,635,4252,0,0,233,0,0,22.6,19.8,17.8
2026-05-02T07:19:32Z,0,0,0,2.5,0.4,0,22.3,852,22.3,22.1,74.7,714,5026,0,0.2,258,0.7,0.7,22.2,18.8,17.5
2026-05-02T07:34:38Z,0,0,0,3.2,0.4,0,22.5,851.9,23.2,23,72.8,855,6505,0,0,166,0.2,0.2,23.2,19.5,18.3
2026-05-02T07:49:44Z,0,0,0,3.3,0.4,0,22.4,851.8,23.3,23,69.8,870,6632,0,0,141,0.2,0.2,23.1,19.1,18.2
2026-05-02T08:04:51Z,0,0,0,1.9,0.4,0,22.9,851.8,23.7,23.4,68.3,602,3790,0,0.2,190,0.9,0.9,23.5,19.2,18.5
2026-05-02T08:19:57Z,0,0,0,2,0.4,0,24.2,851.6,24.5,24.5,65.4,623,4048,0,0,190,0.4,0.4,24.6,19.8,19.4
2026-05-02T08:35:20Z,0,0,0,1.8,0.4,0,24.3,851.6,24.8,24.6,63.9,596,3791,0,0.1,152,0.4,0.4,24.7,19.7,19.5
2026-05-02T08:50:27Z,0,0,0,1.7,0.4,0,24,851.3,24.1,23.5,67.1,577,3615,0,0,152,0,0,23.6,19.2,18.7
2026-05-02T09:05:33Z,0,0,0,1.9,0.4,0,24.2,851.2,24.5,24.5,60,603,3794,0,0.2,152,0.7,0.7,24.5,19,19.4
2026-05-02T09:20:40Z,0,0,0,4.7,0.4,0,24.8,850.9,25.2,24.8,56.8,1129,9450,0,1,240,1.5,1.5,24.8,18.8,19.6
2026-05-02T09:35:46Z,0,0,0,4.5,0.4,0,25.3,850.7,25.8,25.1,62.8,1092,8977,0,0,239,0,0,25.3,20.1,20
2026-05-02T09:50:52Z,0,0,0,4,0.4,0,24.3,850.2,24.8,24.2,60.3,995,7939,0,1.2,226,2,2,24.2,18.8,19.1
2026-05-02T10:05:59Z,0,0,0,3.9,0.4,0,24.8,850,25.1,24.8,57.3,983,7800,0,1.3,249,2,2,24.8,18.9,19.6
2026-05-02T10:21:24Z,0,0,0,3.8,0.4,0,25,849.7,25.4,25,56.8,960,7609,0,0.8,196,1.7,1.7,25.1,19.1,19.8
2026-05-02T10:36:30Z,0,0,0,3.8,0.4,0,25.6,849.3,26.3,26.2,53.7,974,7667,0,0.1,191,0.4,0.4,26.3,19.7,20.7
2026-05-02T10:51:36Z,0,0,0,3.7,0.4,0,25.4,848.9,26.1,26,52.8,956,7596,0,0.1,148,0.4,0.4,26.1,19.3,20.6
2026-05-02T11:06:42Z,0,0,0,3.8,0.4,0,26.1,848.5,26.8,27,49,966,7621,0,0.1,136,0.7,0.7,27.4,19.6,21.6
2026-05-02T11:21:49Z,0,0,0,3.3,0.4,0,26.6,848.3,27.4,26.8,52,883,6714,0,0.5,229,0.9,0.9,27.3,19.9,21.5
2026-05-02T11:36:55Z,0,0,0,3.3,0.4,0,27.1,848.1,27.9,28,51.9,866,6577,0,0,133,0,0,28.6,20.9,22.4
2026-05-02T11:52:01Z,0,0,0,2.7,0.4,0,26.4,848,27,27.4,51.6,755,5340,0,0.1,136,0.9,0.9,27.9,20.3,21.9
2026-05-02T12:07:07Z,0,0,0,2.9,0.4,0,27.8,847.6,28.4,28.9,48.8,805,5950,0,0,150,0,0,29.4,21.1,23
2026-05-02T12:22:29Z,0,0,0,2.6,0.4,0,27.8,847.5,28.2,29,47.8,735,5221,0,0.3,120,1.5,1.5,29.4,21,23
2026-05-02T12:37:36Z,0,0,0,2.7,0.4,0,25.8,847.4,26.7,26.5,56.6,762,5572,0,0.1,178,0.4,0.4,26.6,20.4,21
2026-05-02T12:52:42Z,0,0,0,2.2,0.4,0,26.4,847.1,26.8,27.3,53.7,664,4491,0,0.8,110,1.7,1.7,28,20.6,22
2026-05-02T13:07:48Z,0,0,0,2,0.4,0,27.1,847.1,27.7,28.3,50.3,633,4181,0,0.1,75,0.9,0.9,28.8,20.9,22.6
2026-05-02T13:22:54Z,0,0,0,1.9,0.4,0,27.4,847.1,28.2,28.8,50.6,614,4026,0,0.4,114,2.6,2.6,29.5,21.4,23.1
2026-05-02T13:38:00Z,0,0,0,1.1,0.4,0,25.8,847.2,26.3,27.1,53.8,466,2419,0,0,115,0.2,0.2,27.8,20.4,21.8
2026-05-02T13:53:07Z,0,0,0,0.7,0.4,0,25.4,847.1,26.1,26.3,61.8,383,1447,0,0.3,146,1.1,1.1,26.4,20.9,20.9
2026-05-02T14:08:33Z,0,0,0,0.4,0.4,0,24.7,847.2,25.3,25.6,61.5,337,993,0,0.2,96,1.5,1.5,25.7,20.3,20.3
2026-05-02T14:23:39Z,0,0,0,0.4,0.4,0,24.1,847.4,24.5,24.8,64.8,331,947,0,0.4,114,1.3,1.3,24.9,20,19.7
2026-05-02T14:38:45Z,0,0,0,0.2,0.4,0,23.6,847.6,23.9,24,68.8,293,582,0,0.4,197,0.8,0.8,24.2,19.9,19.1
2026-05-02T14:53:52Z,0,0,0,0.1,0.4,0,22.3,847.9,22.4,22.3,74.7,267,304,0,0.5,252,1.4,1.4,22.5,19.1,17.7
2026-05-02T15:08:58Z,0,0,0,0,0.4,0,20.9,848.1,21.1,21.2,76.4,265,283,0,0,218,0,0,21.3,18.2,16.7
2026-05-02T15:24:05Z,0,0,0,0,0.4,0,20.7,848.1,20.9,21.1,75.1,263,268,0,0,219,0.2,0.2,21.1,17.9,16.5
2026-05-02T15:39:11Z,0,0,0,0,0.4,0,20.6,848.3,20.8,20.9,77.7,261,256,0,0,135,0,0,21,18.1,16.4
2026-05-02T15:54:37Z,0,0,0,0,0.4,0,20.9,848.5,20.9,21.1,78.4,260,253,0,0,135,0,0,21.2,18.4,16.7
2026-05-02T16:09:43Z,0,0,0,0,0.4,0,20.7,848.6,20.9,21,81.4,260,253,0,0,135,0,0,21.2,18.7,16.6
2026-05-02T16:24:50Z,0,0,0,0,0.4,0,20.9,848.9,20.9,21.2,81.8,260,254,0,0,135,0,0,21.3,18.9,16.7
2026-05-02T16:39:57Z,0,0,0,0,0.4,0,21,849.2,21.1,21.3,80.9,261,254,0,0,135,0.2,0.2,21.5,18.9,16.9
2026-05-02T16:55:41Z,0,0,0,0,0.4,0,21,849.5,21.1,21.4,80.2,262,254,0,0.6,135,1.1,1.1,21.5,18.9,16.9
2026-05-02T17:11:40Z,0,0,0,0,0.4,0,20.9,849.7,21,21.2,81.3,260,252,0,0.3,135,1.1,1.1,21.3,18.8,16.7
2026-05-02T17:26:47Z,0,0,0,0,0.4,0,20.7,849.9,20.9,21,82.5,260,254,0,0.1,135,0.7,0.7,21.2,18.8,16.6
2026-05-02T17:41:53Z,0,0,0,0,0.4,0,20.6,850.2,20.8,20.9,82.9,259,253,0,0,135,0.2,0.2,21,18.7,16.5
2026-05-02T17:57:00Z,0,0,0,0,0.4,0,20.6,850.5,20.6,20.9,82.5,261,253,0,0,135,0,0,21,18.7,16.5
2026-05-02T18:12:06Z,0,0,0,0,0.4,0,20.5,850.8,20.6,20.8,83.3,261,253,0,0,135,0.2,0.2,21,18.7,16.4
2026-05-02T18:27:13Z,0,0,0,0,0.4,0,20.2,850.9,20.3,20.5,83.9,261,253,0,0,135,0,0,20.6,18.5,16.1
2026-05-02T18:42:19Z,0,0,0,0,0.4,0,20,851,20.1,20.3,85.9,260,254,0,0,135,0,0,20.5,18.6,16
2026-05-02T18:57:44Z,0,0,0,0,0.4,0,19.5,851.3,19.4,19.7,87.5,260,253,0,0,135,0,0,19.9,18.2,15.4
2026-05-02T19:12:50Z,0,0,0,0,0.4,0,19,851.3,19,19.3,88.8,260,254,0,0,135,0,0,19.5,17.9,15.1
2026-05-02T19:27:57Z,0,0,0,0,0.4,0,18.6,851.6,18.6,18.9,89.2,260,254,0,0.1,135,0.4,0.4,19,17.6,14.7
2026-05-02T19:43:03Z,0,0,0,0,0.4,0,18.3,851.7,18.4,18.6,89.7,260,253,0,0,135,0,0,18.7,17.3,14.4
2026-05-02T20:00:04Z,0,0,0,0,0.4,0,18.1,851.9,18.2,18.5,90.4,260,255,0,0,135,0,0,18.6,17.3,14.3
2026-05-02T20:15:29Z,0,0,0,0,0.4,0,18.2,851.9,18.4,18.6,90.5,261,254,0,0.1,135,0.4,0.4,18.7,17.4,14.4
2026-05-02T20:30:36Z,0,0,0,0,0.4,0,18.3,851.9,18.4,18.6,89.8,261,253,0,0,135,0.3,0.3,18.8,17.4,14.4
2026-05-02T20:45:42Z,0,0,0,0,0.4,0,18.4,852.1,18.5,18.8,89.4,260,253,0,0,135,0,0,18.9,17.5,14.6
2026-05-02T21:00:49Z,0,0,0,0,0.4,0,18.5,851.9,18.6,18.9,89.4,260,253,0,0,135,0,0,19,17.6,14.7
2026-05-02T21:15:55Z,0,0,0,0,0.4,0,18.6,851.9,18.7,18.9,89,260,253,0,0,135,0.2,0.2,19,17.6,14.7
2026-05-02T21:31:02Z,0,0,0,0,0.4,0,18.7,851.7,18.8,18.9,89.2,261,253,0,0,135,0.2,0.2,19.1,17.6,14.7
2026-05-02T21:46:09Z,0,0,0,0,0.4,0,18.6,851.6,18.7,18.9,89.2,259,254,0,0.1,135,0.7,0.7,19,17.6,14.7
2026-05-02T22:01:33Z,0,0,0,0,0.4,0,18.3,851.5,18.4,18.7,90.1,261,253,0,0.1,135,0.4,0.4,18.8,17.5,14.5
2026-05-02T22:16:39Z,0,0,0,0,0.4,0,18,851.5,18.1,18.4,90.8,261,253,0,0,135,0,0,18.5,17.3,14.2
2026-05-02T22:31:45Z,0,0,0,0,0.4,0,18,851.3,18.1,18.4,91.8,260,254,0,0,135,0,0,18.6,17.4,14.3
2026-05-02T22:46:52Z,0,0,0,0,0.4,0,18.1,851.3,18.2,18.5,91.7,259,252,0,0.5,135,1.3,1.3,18.6,17.5,14.3
2026-05-02T23:01:59Z,0,0,0,0,0.4,0,18.2,851.1,18.4,18.6,91.6,260,253,0,0.1,135,0.9,0.9,18.8,17.6,14.4
2026-05-02T23:17:06Z,0,0,0,0,0.4,0,18.2,851,18.3,18.5,91.5,260,254,0,0.2,135,0.9,0.9,18.7,17.5,14.3
2026-05-02T23:32:12Z,0,0,0,0,0.4,0,18.1,850.8,18.2,18.5,91.8,260,253,0,0,135,0,0,18.6,17.5,14.3
2026-05-02T23:47:37Z,0,0,0,0,0.4,0,18,850.8,18.2,18.3,92.1,260,254,0,0.5,135,1.5,1.5,18.5,17.4,14.2
2026-05-03T00:00:42Z,0,0,0,0,0.4,0,17.9,850.7,18.1,18.2,92.7,260,253,0,0,135,0,0,18.4,17.4,14.1
2026-05-03T00:15:49Z,0,0,0,0,0.4,0,17.9,850.6,17.9,18.2,93.2,260,254,0,0,135,0,0,18.3,17.4,14
2026-05-03T00:30:56Z,0,0,0,0,0.4,0,17.7,850.3,17.8,18,93.2,260,253,0,0,135,0,0,18.1,17.2,13.8
2026-05-03T00:46:43Z,0,0,0,0,0.4,0,17.3,850.3,17.4,17.6,93.8,261,254,0,0,135,0,0,17.7,16.9,13.5
2026-05-03T01:01:49Z,0,0,0,0,0.4,0,17.2,850.4,17.2,17.5,94.6,260,254,0,0,135,0,0,17.6,16.8,13.4
2026-05-03T01:16:57Z,0,0,0,0,0.4,0,17,850.3,17.1,17.3,95.1,261,253,0,0,135,0,0,17.5,16.7,13.2
2026-05-03T01:32:03Z,0,0,0,0,0.4,0,17.2,850.4,17.2,17.5,95.8,261,253,0,0.3,135,0.7,0.7,17.7,17,13.4
2026-05-03T01:47:09Z,0,0,0,0,0.4,0,16.9,850.5,16.9,17.2,95.6,260,254,0,0.1,135,0.4,0.4,17.3,16.7,13.1
2026-05-03T02:02:15Z,0,0,0,0,0.4,0,16.6,850.6,16.6,16.9,95.5,260,253,0,0,135,0.2,0.2,17,16.4,12.8
2026-05-03T02:17:22Z,0,0,0,0,0.4,0,16.3,850.6,16.4,16.7,95.3,260,253,0,0,135,0,0,16.8,16.1,12.5
2026-05-03T02:32:44Z,0,0,0,0,0.4,0,16.2,850.7,16.2,16.5,95.3,260,252,0,0,135,0,0,16.6,15.9,12.4
2026-05-03T02:47:50Z,0,0,0,0,0.4,0,16,851,16.2,16.3,95.4,262,254,0,0,135,0,0,16.4,15.8,12.2
2026-05-03T03:02:56Z,0,0,0,0,0.4,0,15.9,850.9,16.2,16.3,95.6,260,253,0,0,135,0,0,16.4,15.8,12.2
2026-05-03T03:18:03Z,0,0,0,0,0.4,0,15.8,851,16.1,16.2,95.8,262,261,0,0,135,0,0,16.3,15.7,12.1
2026-05-03T03:33:10Z,0,0,0,0,0.4,0,15.8,851.1,16.1,16.2,96,265,300,0,0,135,0.2,0.2,16.2,15.7,12
2026-05-03T03:48:16Z,0,0,0,0.1,0.4,0,15.8,851.1,16.1,16.2,96,271,338,0,0,135,0.2,0.2,16.3,15.7,12.1
2026-05-03T04:03:23Z,0,0,0,0.1,0.4,0,15.9,851.3,16.2,16.2,96,280,399,0,0,135,0,0,16.3,15.7,12.1
2026-05-03T04:18:48Z,0,0,0,0.2,0.4,0,16.2,851.6,16.3,16.5,96.1,291,496,0,0,135,0.2,0.2,16.6,16,12.3
2026-05-03T04:33:55Z,0,0,0,0.3,0.4,0,16.5,851.6,16.7,16.8,95.7,310,688,0,0,135,0,0,16.9,16.3,12.7
2026-05-03T04:49:02Z,0,0,0,0.8,0.4,0,17.4,851.7,17.8,17.5,94.2,409,1860,0,0,135,0,0,17.6,16.8,13.3
2026-05-03T05:04:09Z,0,0,0,1,0.4,0,20.3,851.9,20.3,19.1,88.2,453,2328,0,0.1,135,0.4,0.4,19.2,17.6,14.8
2026-05-03T05:19:16Z,0,0,0,1.2,0.4,0,21.3,852,21.7,20.3,81.4,490,2742,0,0.2,134,0.7,0.7,20.4,18,15.9
2026-05-03T05:34:23Z,0,0,0,1.5,0.4,0,21,852,21.7,20.3,80.8,536,3212,0,0.6,135,1.5,1.5,20.4,17.9,15.9
2026-05-03T05:49:30Z,0,0,0,1.7,0.4,0,22,852.2,22.9,21.3,76.6,579,3614,0,0,135,0.2,0.2,21.4,18.4,16.8
2026-05-03T06:04:53Z,0,0,0,2.1,0,0,23,852.1,23.8,22.4,75.6,642,4275,0,0,135,0,0,22.5,19.3,17.8
2026-05-03T06:20:00Z,0,0,0,2.4,0,0,23.6,852.2,24.3,22.8,73.3,698,4875,0,0,135,0,0,22.9,19.3,18
2026-05-03T06:35:07Z,0,0,0,0.6,0,0,23,852.4,23.9,22.6,68.4,379,1344,0,0.4,136,1.3,1.3,22.7,18.5,17.9
2026-05-03T06:50:14Z,0,0,0,2.3,0,0,22.6,852.6,23.3,22.5,67.7,691,4793,0,1,136,1.5,1.5,22.5,18.3,17.7
2026-05-03T07:05:20Z,0,0,0,2.6,0,0,23,852.7,23.5,22.8,67.4,743,5316,0,0.1,139,0.4,0.4,22.8,18.5,18
2026-05-03T07:20:27Z,0,0,0,1.1,0,0,22.7,852.7,23.2,22.6,68.6,467,2391,0,0.9,169,1.7,1.7,22.6,18.5,17.8
2026-05-03T07:35:34Z,0,0,0,3,0,0,22.4,852.7,23.1,22.7,75.9,807,6098,0,0.4,160,0.9,0.9,22.8,19.5,18
2026-05-03T07:50:59Z,0,0,0,3.3,0,0,22.9,852.6,23.7,23.1,72.1,874,6742,0,0.8,178,2,2,23.2,19.4,18.3
2026-05-03T08:06:06Z,0,0,0,1.7,0,0,23.7,852.3,24.6,24.1,66.1,568,3208,0,0.3,161,1.5,1.5,24.2,19.5,19.1
2026-05-03T08:21:13Z,0,0,0,4.2,0,0,24.1,852.3,24.8,24.2,61.1,1034,8465,0,1.5,258,2.8,2.8,24.2,18.9,19.1
2026-05-03T08:36:19Z,0,0,0,4.3,0,0,24.3,852.1,24.9,24.1,63.5,1055,8703,0,0.2,256,1.1,1.1,24.2,19.2,19.1
2026-05-03T08:52:02Z,0,0,0,1.1,0,0,25,851.9,26.1,25.4,58.7,455,2071,0,0.6,170,1.1,1.1,25.5,19.7,20.2
2026-05-03T09:07:08Z,0,0,0,4.2,0,0,25,851.7,25.8,25.5,54.8,1043,8474,0,1,112,2.2,2.2,25.5,19.2,20.2
2026-05-03T09:22:14Z,0,0,0,4.3,0,0,25.5,851.6,26.4,25.8,56.2,1060,8633,0,1.3,183,2.6,2.6,25.8,19.6,20.4
2026-05-03T09:37:21Z,0,0,0,4.2,0,0,24.8,851.5,25.6,25.3,56.9,1033,8290,0,1.4,200,2.4,2.4,25.3,19.3,20
2026-05-03T09:52:27Z,0,0,0,4.2,0,0,26.2,851,26.7,26.7,53.1,1044,8442,0,0.4,137,0.9,0.9,27.3,20,21.5
2026-05-03T10:07:33Z,0,0,0,3.8,0,0,25.5,850.9,26,26.2,55.8,959,7555,0,0.1,158,0.4,0.4,26.2,19.9,20.7
2026-05-03T10:22:40Z,0,0,0,4.1,0,0,25.9,850.6,26.7,26.6,51.2,1020,8151,0,0.5,143,1.1,1.1,26.6,19.6,21
2026-05-03T10:38:03Z,0,0,0,2.3,0,0,26.4,850.3,26.9,26.7,54,695,4750,0,0,160,0.2,0.2,27.3,20.1,21.5
2026-05-03T10:53:09Z,0,0,0,2.1,0,0,26,850.1,26.7,26.5,54.6,656,4307,0,0.3,168,0.9,0.9,26.6,20,21
2026-05-03T11:08:16Z,0,0,0,2.1,0,0,26.9,849.9,27.4,27.3,53.3,645,4167,0,0.3,244,0.9,0.9,27.9,20.5,22
2026-05-03T11:23:23Z,0,0,0,1.3,0,0,26.2,849.8,26.9,26.6,53.5,503,2848,0,0.9,226,1.7,1.7,27.3,20,21.5
2026-05-03T11:38:29Z,0,0,0,1.6,0,0,26.1,849.7,26.8,26.8,52.4,551,3281,0,0.9,226,2.2,2.2,27.4,19.9,21.6
2026-05-03T11:53:36Z,0,0,0,4.2,0,0,26.1,849.5,26.7,26.6,52.4,1040,8527,0,0.3,226,1.6,1.6,26.6,19.8,21
2026-05-03T12:08:42Z,0,0,0,1.8,0,0,26.7,849.2,27.4,27.2,49.8,598,3641,0,1,225,1.7,1.7,27.6,19.9,21.7
2026-05-03T12:24:06Z,0,0,0,0.9,0,0,25.6,849.2,26.2,26.2,54.9,430,2011,0,0.1,140,0.4,0.4,26.3,19.8,20.7
2026-05-03T12:39:13Z,0,0,0,2.5,0,0,25.1,849,25.6,25.6,58.8,727,5179,0,1,166,2.4,2.4,25.7,19.9,20.3
2026-05-03T12:54:19Z,0,0,0,2.2,0,0,26.1,848.9,26.8,26.9,56.4,667,4520,0,0.4,159,0.9,0.9,27.7,20.6,21.8
2026-05-03T13:09:26Z,0,0,0,2.4,0,0,26.4,848.7,27.3,27.2,52.5,699,4994,0,0.8,166,2.2,2.2,27.8,20.3,21.9
2026-05-03T13:24:33Z,0,0,0,0.4,0,0,25.8,848.7,26.6,26.6,56.6,325,829,0,0.1,168,0.7,0.7,27.4,20.4,21.6
2026-05-03T13:39:39Z,0,0,0,1.4,0,0,25.6,848.9,26.2,26.7,56.9,513,3009,0,0.4,131,0.9,0.9,27.5,20.5,21.7
2026-05-03T13:54:46Z,0,0,0,0.3,0,0,25.5,848.7,26.2,26.7,58.7,305,573,0,0.2,215,0.7,0.7,27.7,20.9,21.8
2026-05-03T14:10:10Z,0,0,0,0.8,0,0,25,848.7,25.9,26.2,60.2,414,1858,0,0,118,0.2,0.2,26.3,20.6,20.8
2026-05-03T14:25:17Z,0,0,0,0.6,0,0,25.4,848.8,26.8,26.8,56.8,373,1447,0,0.3,181,1.7,1.7,27.7,20.6,21.8
2026-05-03T14:40:23Z,0,0,0,0.2,0,0,24.7,848.9,25.1,25.5,60.2,294,510,0,0.2,127,0.7,0.7,25.5,19.9,20.2
2026-05-03T14:55:30Z,0,0,0,0.2,0,0,24,848.9,24.2,24.4,63.5,290,544,0,0,125,0,0,24.5,19.5,19.3
2026-05-03T15:10:37Z,0,0,0,0.1,0,0,23.7,848.9,23.9,24,64.8,269,342,0,0.1,146,0.8,0.8,24.1,19.3,19
2026-05-03T15:25:43Z,0,0,0,0,0,0,22.7,849,23,23.1,70.9,262,271,0,0.5,209,1.3,1.3,23.2,19.3,18.3
2026-05-03T15:40:49Z,0,0,0,0,0,0,22.1,849.2,22.4,22.5,73.7,259,255,0,0.4,209,1.7,1.7,22.6,19.1,17.8
2026-05-03T15:56:14Z,0,0,0,0,0,0,21.9,849.3,22.1,22.2,76.2,260,255,0,0.1,209,0.7,0.7,22.3,19.2,17.6
2026-05-03T16:11:20Z,0,0,0,0,0,0,21.5,849.6,21.7,21.9,78.4,259,252,0,0.1,209,0.4,0.4,22,19.1,17.3
2026-05-03T16:26:26Z,0,0,0,0,0,0,21.4,849.7,21.5,21.7,78.7,260,253,0,0,209,0.2,0.2,21.9,19,17.2
2026-05-03T16:41:32Z,0,0,0,0,0,0,21.1,849.8,21.2,21.5,79.2,261,254,0,0.3,209,1.3,1.3,21.6,18.8,17
2026-05-03T16:56:38Z,0,0,0,0,0,0,20.7,849.8,20.9,21,81.1,260,252,0,0.1,209,0.7,0.7,21.2,18.7,16.6
2026-05-03T17:11:45Z,0,0,0,0,0,0,20.5,850,20.6,20.8,82.1,261,253,0,0,208,0,0,20.9,18.6,16.4
2026-05-03T17:26:51Z,0,0,0,0,0,0,20.3,850.4,20.4,20.6,82.7,259,252,0,0.3,195,1.1,1.1,20.7,18.4,16.2
2026-05-03T17:42:17Z,0,0,0,0,0,0,20,850.4,20.1,20.4,84.3,260,253,0,0.2,134,1.1,1.1,20.5,18.4,16
2026-05-03T17:57:23Z,0,0,0,0,0,0,19.8,850.8,19.9,20.1,85.9,260,253,0,0,134,0.2,0.2,20.3,18.4,15.8
2026-05-03T18:12:30Z,0,0,0,0,0,0,19.6,850.9,19.7,20,86.8,260,255,0,0.3,134,1.1,1.1,20.1,18.3,15.7
2026-05-03T18:27:37Z,0,0,0,0,0,0,19.5,850.9,19.6,19.8,87.2,261,253,0,0.1,134,0.4,0.4,19.9,18.2,15.5
2026-05-03T18:42:43Z,0,0,0,0,0,0,19.3,851,19.3,19.5,88.3,260,253,0,0,134,0,0,19.7,18.1,15.3
2026-05-03T18:58:36Z,0,0,0,0,0,0,19,851.2,19.1,19.3,89.3,260,254,0,0,134,0,0,19.5,18,15.1
2026-05-03T19:14:00Z,0,0,0,0,0,0,18.9,851.2,19,19.2,90,260,254,0,0,134,0.2,0.2,19.3,18,15
2026-05-03T19:29:07Z,0,0,0,0,0,0,19,851.4,19.2,19.3,90.3,261,254,0,0,134,0,0,19.5,18.1,15.1
2026-05-03T19:44:13Z,0,0,0,0,0,0,19.3,851.5,19.4,19.6,89.6,260,254,0,0,135,0.4,0.4,19.8,18.3,15.4
2026-05-03T19:59:20Z,0,0,0,0,0,0,19.3,851.6,19.4,19.6,89.3,259,254,0,0,135,0.2,0.2,19.8,18.3,15.4
2026-05-03T20:14:26Z,0,0,0,0,0,0,19.2,851.6,19.3,19.6,89,259,253,0,0,150,0.2,0.2,19.7,18.2,15.3
2026-05-03T20:29:32Z,0,0,0,0,0,0,19.1,851.8,19.2,19.5,89.4,259,254,0,0.7,144,2.4,2.4,19.7,18.2,15.3
2026-05-03T20:44:38Z,0,0,0,0,0,0,19.1,851.6,19.2,19.5,89.5,261,253,0,0.2,144,1.3,1.3,19.6,18.2,15.2
2026-05-03T21:00:04Z,0,0,0,0,0,0,19,851.6,19.1,19.3,89.8,260,252,0,0.3,147,1.3,1.3,19.5,18.1,15.1
2026-05-03T21:15:11Z,0,0,0,0,0,0,18.7,851.4,18.8,19,89.2,260,254,0,0.6,147,1.5,1.5,19.2,17.7,14.8
2026-05-03T21:30:17Z,0,0,0,0,0,0,18.5,851.4,18.6,18.8,89.6,260,254,0,0.4,165,1.7,1.7,19,17.6,14.6
2026-05-03T21:45:24Z,0,0,0,0,0,0,18.5,851.2,18.6,18.9,90.3,261,253,0,0.6,196,2,2,19,17.7,14.7
2026-05-03T22:00:30Z,0,0,0,0,0,0,18.3,851.1,18.5,18.7,90.5,259,254,0,0.5,141,1.1,1.1,18.9,17.6,14.5
2026-05-03T22:15:37Z,0,0,0,0,0,0,18.2,851.2,18.4,18.6,90.6,259,254,0,0.2,141,1.1,1.1,18.8,17.5,14.4
2026-05-03T22:31:02Z,0,0,0,0,0,0,18,851.1,18.2,18.4,90.6,261,253,0,0.7,141,1.5,1.5,18.6,17.3,14.2
2026-05-03T22:46:08Z,0,0,0,0,0,0,17.9,851,18.1,18.3,91.1,260,253,0,0.2,141,0.7,0.7,18.4,17.2,14.1
2026-05-03T23:01:15Z,0,0,0,0,0,0,17.8,850.7,17.9,18.2,91.4,260,253,0,0.5,140,1.3,1.3,18.3,17.2,14
2026-05-03T23:16:22Z,0,0,0,0,0,0,17.8,850.7,17.9,18.1,91.8,261,252,0,0.1,141,0.7,0.7,18.3,17.2,14
2026-05-03T23:31:29Z,0,0,0,0,0,0,17.8,850.6,17.9,18.1,92.1,261,254,0,0.6,140,1.1,1.1,18.2,17.2,13.9
2026-05-03T23:46:36Z,0,0,0,0,0,0,17.8,850.4,17.9,18.2,92.3,260,254,0,0.2,141,0.5,0.5,18.3,17.2,14
2026-05-04T00:00:41Z,0,0,0,0,0,0,17.9,850.4,17.9,18.2,92.6,259,255,0,0.1,141,0.4,0.4,18.4,17.3,14.1
2026-05-04T00:16:06Z,0,0,0,0,0,0,17.8,850.4,17.9,18.1,92.5,259,253,0,0,141,0,0,18.3,17.2,14
2026-05-04T00:31:13Z,0,0,0,0,0,0,17.8,850.3,17.9,18.1,92.2,260,253,0,0,141,0,0,18.2,17.1,13.9
2026-05-04T00:46:20Z,0,0,0,0,0,0,17.6,850.3,17.7,17.9,92,260,254,0,0,141,0,0,18.1,17,13.8
2026-05-04T01:01:26Z,0,0,0,0,0,0,17.7,850.5,17.8,18,92.4,260,253,0,0,141,0,0,18.2,17.1,13.9
2026-05-04T01:16:33Z,0,0,0,0,0,0,17.8,850.5,17.9,18.1,92.9,260,253,0,0,141,0.2,0.2,18.3,17.3,14
2026-05-04T01:31:40Z,0,0,0,0,0,0,17.7,850.6,17.9,18.1,93,260,255,0,0,141,0,0,18.2,17.2,13.9
2026-05-04T01:46:46Z,0,0,0,0,0,0,17.7,850.6,17.8,18,93.1,260,254,0,0,141,0,0,18.2,17.2,13.9
2026-05-04T02:02:10Z,0,0,0,0,0,0,17.6,850.7,17.8,18,92.9,260,254,0,0,141,0,0,18.1,17.1,13.8
2026-05-04T02:17:16Z,0,0,0,0,0,0,17.5,850.9,17.6,17.9,93.2,261,253,0,0,141,0.2,0.2,18,17,13.7
2026-05-04T02:32:23Z,0,0,0,0,0,0,17.3,850.8,17.4,17.6,93.7,260,254,0,0,141,0,0,17.7,16.8,13.4
2026-05-04T02:47:30Z,0,0,0,0,0,0,17,851,17.1,17.3,94.1,260,254,0,0,141,0,0,17.4,16.6,13.2
2026-05-04T03:02:37Z,0,0,0,0,0,0,16.7,851,16.8,17.1,94.6,260,253,0,0,141,0,0,17.2,16.4,13
2026-05-04T03:17:44Z,0,0,0,0,0,0,16.6,851,16.6,16.9,95,261,263,0,0,141,0,0,17,16.3,12.8
2026-05-04T03:32:51Z,0,0,0,0.1,0,0,16.5,851,16.6,16.8,95.4,267,312,0,0,141,0,0,16.9,16.3,12.7
2026-05-04T03:48:13Z,0,0,0,0.1,0,0,16.6,851.2,16.7,16.9,95.8,280,426,0,0,141,0,0,17,16.4,12.8
2026-05-04T04:03:20Z,0,0,0,0.2,0,0,17.1,851.3,17.1,17.3,96.2,300,661,0,0.1,141,0.2,0.2,17.4,16.8,13.2
2026-05-04T04:18:27Z,0,0,0,0.5,0,0,17.2,851.4,17.4,17.5,96.2,349,1264,0,0,141,0,0,17.6,17,13.4
2026-05-04T04:34:25Z,0,0,0,0.3,0,0,17.7,851.5,17.9,17.9,95.3,319,805,0,0.2,141,0.7,0.7,18,17.3,13.7
2026-05-04T04:49:31Z,0,0,0,0.9,0,0,18.9,851.5,19,18.6,90.9,427,2091,0,0.4,357,1.7,1.7,18.8,17.5,14.5
2026-05-04T05:04:39Z,0,0,0,1.5,0,0,21.2,851.5,21.3,20.6,85.2,541,3368,0,0.4,86,1.1,1.1,20.8,18.8,16.2
2026-05-04T05:19:46Z,0,0,0,1.8,0,0,23.5,851.8,23.3,22.5,77.6,584,3783,0,0,90,0,0,22.6,19.6,17.8
2026-05-04T05:34:52Z,0,0,0,0.9,0,0,23.4,851.9,23.4,22.2,74.8,417,1847,0,0.2,60,1.5,1.5,22.3,19,17.6
2026-05-04T05:49:58Z,0,0,0,0.6,0,0,22.3,852,22.1,22,73.5,377,1409,0,0.1,342,0.7,0.7,22.1,18.7,17.4
2026-05-04T06:05:21Z,0,0,0,2.5,0,0,20.4,852,20.4,20.9,73.6,725,5331,0,0,66,0,0,20.9,17.5,16.3
2026-05-04T06:20:27Z,0,0,0,2.3,0,0,22.7,852.1,22.9,22.5,69.8,693,4837,0,0,84,0.2,0.2,22.6,18.6,17.8
2026-05-04T06:35:34Z,0,0,0,0.9,0,0,22.8,852.1,23.2,23.2,64.3,431,1884,0,0.4,119,1.1,1.1,23.2,18.4,18.3
2026-05-04T06:50:40Z,0,0,0,0.9,0,0,21.3,852.1,21.9,21.8,67.8,416,1840,0,0.3,200,1.1,1.1,21.8,17.7,17.2
2026-05-04T07:05:47Z,0,0,0,2.6,0,0,21.7,852.1,22.2,22,70.3,747,5321,0,0,200,0.4,0.4,22,18.2,17.3
2026-05-04T07:20:53Z,0,0,0,3.5,0,0,22.6,852.1,23.3,23,66.2,919,7353,0,0.8,193,2,2,23.1,18.6,18.2
2026-05-04T07:36:00Z,0,0,0,4.2,0,0,23.2,852.1,23.7,23.7,64,1039,8634,0,0.3,140,1,1,23.7,18.9,18.7
2026-05-04T07:51:26Z,0,0,0,4.7,0,0,23.3,852.1,24.4,23.8,62.8,1126,9526,0,0.6,150,1.3,1.3,23.9,18.9,18.9
2026-05-04T08:06:33Z,0,0,0,1.2,0,0,22.8,852.1,23.6,23.4,63.1,480,2539,0,0.2,181,1.1,1.1,23.4,18.5,18.5
2026-05-04T08:21:40Z,0,0,0,1.2,0,0,22.5,851.9,23.2,23,64.2,478,2486,0,0.3,188,1.3,1.3,23,18.3,18.2
2026-05-04T08:36:47Z,0,0,0,1,0,0,23,851.7,23.8,23.2,63.8,443,2043,0,1,208,2,2,23.2,18.4,18.3
2026-05-04T08:51:54Z,0,0,0,4.4,0,0,23.6,851.4,24.4,23.8,61.3,1082,8885,0,1,208,2.2,2.2,23.9,18.6,18.9
2026-05-04T09:07:00Z,0,0,0,4.4,0,0,24.2,851.2,25,24.8,58.4,1072,8787,0,0.2,209,1.3,1.3,24.8,19,19.6
2026-05-04T09:22:07Z,0,0,0,4.7,0,0,24.7,850.9,25.6,25,58,1130,9402,0,0.6,209,1.7,1.7,25.1,19.2,19.8
2026-05-04T09:37:30Z,0,0,0,1.8,0,0,24.3,850.7,25.2,24.6,60.1,586,3469,0,0.4,209,1.3,1.3,24.7,19.2,19.5
2026-05-04T09:52:36Z,0,0,0,3.8,0,0,24.9,850.4,25.7,25.2,59.6,966,7647,0,0.4,207,1.1,1.1,25.3,19.7,20
2026-05-04T10:07:43Z,0,0,0,4.3,0,0,25.5,850,26.2,25.9,54.8,1052,8545,0,0.4,227,1.3,1.3,26,19.5,20.5
2026-05-04T10:22:49Z,0,0,0,3.1,0,0,24.9,849.8,25.6,25.4,56.9,830,6162,0,0.9,227,1.7,1.7,25.5,19.4,20.1
2026-05-04T10:37:55Z,0,0,0,1.9,0,0,24.9,849.5,25.4,25,56.5,602,3595,0,0.4,207,2,2,25,19,19.8
2026-05-04T10:53:02Z,0,0,0,0.7,0,0,25.8,849.3,26.6,26.2,54.2,390,1555,0,0.5,147,1.3,1.3,26.2,19.7,20.7
2026-05-04T11:08:08Z,0,0,0,3.5,0,0,24.9,849.1,25.5,25.2,59.9,901,7071,0,0.3,219,2,2,25.3,19.7,20
2026-05-04T11:23:32Z,0,0,0,1,0,0,25.1,848.9,25.6,25.6,55.6,436,1928,0,0.8,187,2.4,2.4,25.7,19.4,20.3
2026-05-04T11:38:39Z,0,0,0,2.2,0,0,26,848.5,26.6,26.9,53.2,677,4455,0,0.4,146,1.5,1.5,27.5,20.2,21.7
2026-05-04T11:53:45Z,0,0,0,3.2,0,0,26.8,848.3,27.2,27.6,53.8,863,6594,0,0,135,0,0,28.4,20.9,22.3
2026-05-04T12:08:52Z,0,0,0,0.9,0,0,25.5,848.2,26.1,26.4,55.8,418,1844,0,0.1,188,0.4,0.4,26.4,20.1,20.9
2026-05-04T12:23:58Z,0,0,0,0.8,0,0,24.7,848.2,25.2,25.4,57.9,408,1634,0,0.5,166,1.5,1.5,25.5,19.6,20.1
2026-05-04T12:39:04Z,0,0,0,2.3,0,0,26,848,26.6,27.2,52.2,696,4812,0,0.6,124,1.5,1.5,27.8,20.3,21.9
2026-05-04T12:54:11Z,0,0,0,2.3,0,0,25.9,847.9,26.7,27,55,682,4707,0,0.3,205,0.9,0.9,27.7,20.5,21.8
2026-05-04T13:09:36Z,0,0,0,1.8,0,0,25.9,847.8,26.8,27.2,54.1,601,3845,0,0.1,205,0.7,0.7,27.9,20.6,21.9
2026-05-04T13:24:42Z,0,0,0,1.8,0,0,26.6,847.7,27.6,27.8,53.2,590,3811,0,0,205,0.2,0.2,28.5,21,22.4
2026-05-04T13:39:48Z,0,0,0,0.4,0,0,24.4,847.8,25,25.2,59.6,328,838,0,0.7,205,2.4,2.4,25.2,19.6,19.9
2026-05-04T13:54:54Z,0,0,0,1.1,0,0,24.3,847.9,24.9,25,61,467,2456,0,0.1,205,0.4,0.4,25,19.6,19.8
2026-05-04T14:10:00Z,0,0,0,0.9,0,0,24.9,847.8,25.8,26.1,59.7,425,2057,0,0,123,0.4,0.4,26.2,20.5,20.7
2026-05-04T14:25:07Z,0,0,0,0.3,0,0,24,847.9,24.4,24.9,62,310,686,0,0.2,146,0.9,0.9,25,19.7,19.7
2026-05-04T14:40:45Z,0,0,0,0.2,0,0,23.5,847.8,23.8,24,65.3,293,484,0,0.3,112,1.5,1.5,24,19.3,19
2026-05-04T14:55:52Z,0,0,0,0.2,0,0,23,847.9,23.1,23.4,66.7,285,437,0,0.6,106,1.7,1.7,23.4,19,18.5
2026-05-04T15:10:58Z,0,0,0,0.1,0,0,22.5,848.1,22.7,22.9,69.5,274,358,0,0,121,0,0,22.9,18.9,18.1
2026-05-04T15:26:04Z,0,0,0,0,0,0,22,848.3,22.2,22.4,72.4,264,288,0,0.2,139,1.1,1.1,22.5,18.8,17.7
2026-05-04T15:41:10Z,0,0,0,0,0,0,21.6,848.4,21.8,21.9,74.8,260,256,0,0.1,139,0.4,0.4,22,18.7,17.3
2026-05-04T15:56:17Z,0,0,0,0,0,0,21.2,848.6,21.4,21.6,76,259,254,0,0.3,119,1.1,1.1,21.7,18.5,17
2026-05-04T16:11:42Z,0,0,0,0,0,0,20.9,848.6,21,21.2,78.1,260,253,0,0,133,0,0,21.3,18.4,16.7
2026-05-04T16:26:50Z,0,0,0,0,0,0,20.5,848.8,20.6,20.8,79.9,260,252,0,0,133,0,0,20.9,18.3,16.4
2026-05-04T16:41:56Z,0,0,0,0,0,0,20.3,848.9,20.4,20.7,81.1,260,253,0,0,133,0.2,0.2,20.8,18.3,16.3
2026-05-04T16:57:03Z,0,0,0,0,0,0,20.2,849.2,20.3,20.5,81.6,260,254,0,0.2,133,0.4,0.4,20.7,18.3,16.2
2026-05-04T17:12:09Z,0,0,0,0,0,0,20.1,849.4,20.2,20.4,82.9,259,253,0,0,133,0,0,20.6,18.3,16.1
2026-05-04T17:27:16Z,0,0,0,0,0,0,20,849.6,20.1,20.4,82.8,262,253,0,0,133,0.2,0.2,20.5,18.2,16
2026-05-04T17:42:27Z,0,0,0,0,0,0,19.9,849.6,20.1,20.3,83.3,261,253,0,1.2,189,2.4,2.4,20.4,18.2,15.9
2026-05-04T17:57:52Z,0,0,0,0,0,0,19.7,849.7,19.8,20.1,84.8,260,253,0,0.7,190,1.7,1.7,20.2,18.2,15.7
2026-05-04T18:12:58Z,0,0,0,0,0,0,19.4,849.9,19.6,19.8,85.8,260,254,0,0.1,191,0.7,0.7,19.9,18.1,15.5
2026-05-04T18:28:05Z,0,0,0,0,0,0,19.4,850.1,19.6,19.8,85.9,261,254,0,0.1,190,0.7,0.7,19.9,18.1,15.5
2026-05-04T18:43:11Z,0,0,0,0,0,0,19.3,850.3,19.4,19.6,85.4,261,253,0,0.1,191,0.7,0.7,19.8,17.9,15.4
2026-05-04T18:58:17Z,0,0,0,0,0,0,19.2,850.5,19.4,19.5,86,261,255,0,0,191,0.2,0.2,19.7,17.8,15.3
2026-05-04T19:13:24Z,0,0,0,0,0,0,19.1,850.5,19.2,19.4,85.2,261,253,0,0.3,190,1.1,1.1,19.6,17.6,15.2
2026-05-04T19:28:30Z,0,0,0,0,0,0,19.1,850.6,19.2,19.4,85.6,260,254,0,0,189,0,0,19.5,17.6,15.1
2026-05-04T19:43:55Z,0,0,0,0,0,0,18.9,850.7,19.1,19.2,85.7,261,252,0,0.1,191,0.4,0.4,19.3,17.5,15
2026-05-04T19:59:02Z,0,0,0,0,0,0,18.9,850.5,19,19.2,85.8,260,255,0,0,191,0.2,0.2,19.3,17.5,15
2026-05-04T20:14:08Z,0,0,0,0,0,0,18.7,850.2,18.8,19,87.2,259,254,0,0.9,200,1.5,1.5,19.1,17.4,14.7
2026-05-04T20:29:15Z,0,0,0,0,0,0,18.5,850.4,18.6,18.8,87.8,261,253,0,0,199,0,0,18.9,17.4,14.6
2026-05-04T20:44:22Z,0,0,0,0,0,0,18.4,850.5,18.5,18.7,87.8,259,254,0,0.4,200,0.9,0.9,18.8,17.3,14.5
2026-05-04T20:59:28Z,0,0,0,0,0,0,18.4,850.5,18.6,18.8,87.7,259,254,0,0,199,0,0,18.9,17.3,14.5
2026-05-04T21:14:35Z,0,0,0,0,0,0,18.4,850.6,18.6,18.8,87.6,260,253,0,0,199,0,0,18.9,17.3,14.5
2026-05-04T21:29:59Z,0,0,0,0,0,0,18.4,850.4,18.5,18.8,88.4,260,254,0,0,199,0,0,18.9,17.4,14.5
2026-05-04T21:45:21Z,0,0,0,0,0,0,18.3,850.3,18.4,18.7,88.5,261,255,0,0,199,0,0,18.8,17.3,14.5
2026-05-04T22:00:27Z,0,0,0,0,0,0,18.3,850,18.4,18.6,88.8,261,253,0,0,199,0,0,18.7,17.3,14.4
2026-05-04T22:15:33Z,0,0,0,0,0,0,18,849.9,18.2,18.5,88.8,260,253,0,0,199,0,0,18.6,17.1,14.3
2026-05-04T22:30:40Z,0,0,0,0,0,0,17.9,849.9,18.1,18.4,89.9,261,253,0,0,199,0,0,18.5,17.1,14.2
2026-05-04T22:46:02Z,0,0,0,0,0,0,17.6,849.7,17.8,18,90.4,260,254,0,0,200,0.2,0.2,18.1,16.8,13.8
2026-05-04T23:01:09Z,0,0,0,0,0,0,17.3,849.5,17.3,17.5,90.8,260,254,0,0,199,0,0,17.6,16.4,13.4
2026-05-04T23:16:16Z,0,0,0,0,0,0,17,849.3,17.1,17.3,91.5,262,253,0,0,199,0,0,17.3,16.2,13.1
2026-05-04T23:31:23Z,0,0,0,0,0,0,16.8,849.2,16.9,17.1,91.7,261,253,0,0,199,0,0,17.2,16.1,13
2026-05-04T23:46:30Z,0,0,0,0,0,0,16.9,849.2,17.1,17.3,92,259,254,0,0,199,0,0,17.4,16.4,13.2
2026-05-05T00:00:37Z,0,0,0,0,0,0,17.3,849.2,17.4,17.6,92.7,260,254,0,0,200,0.2,0.2,17.8,16.8,13.5
2026-05-05T00:16:11Z,0,0,0,0,0,0,17.4,849.3,17.5,17.8,92.9,260,253,0,0,199,0,0,17.9,16.9,13.6
2026-05-05T00:31:17Z,0,0,0,0,0,0,17.5,849.5,17.6,17.8,93.1,260,252,0,0.1,200,0.7,0.7,17.9,17,13.7
2026-05-05T00:46:25Z,0,0,0,0,0,0,17.5,849.5,17.6,17.8,93,260,253,0,0.1,200,0.4,0.4,18,17,13.7
2026-05-05T01:01:32Z,0,0,0,0,0,0,17.5,849.5,17.6,17.8,92.8,260,253,0,0.1,200,0.4,0.4,17.9,16.9,13.6
2026-05-05T01:16:39Z,0,0,0,0,0,0,17.4,849.5,17.6,17.8,92.7,260,253,0,0,200,0.4,0.4,17.9,16.9,13.6
2026-05-05T01:31:47Z,0,0,0,0,0,0,17.4,849.5,17.6,17.8,92.5,260,254,0,0.1,200,0.4,0.4,17.9,16.9,13.6
2026-05-05T01:47:09Z,0,0,0,0,0,0,17.4,849.5,17.6,17.8,92.1,259,253,0,0.5,200,0.9,0.9,17.9,16.8,13.6
2026-05-05T02:02:16Z,0,0,0,0,0,0,17.5,849.4,17.6,17.8,91.9,259,254,0,0,199,0,0,17.9,16.8,13.7
2026-05-05T02:17:23Z,0,0,0,0,0,0,17.5,849.6,17.6,17.8,91.9,259,255,0,0,200,0.4,0.4,17.9,16.8,13.7
2026-05-05T02:32:31Z,0,0,0,0,0,0,17.6,849.5,17.7,17.9,91.6,261,255,0,0,199,0,0,18,16.9,13.7
2026-05-05T02:47:38Z,0,0,0,0,0,0,17.6,849.5,17.7,17.9,91.3,259,253,0,0,199,0,0,18,16.9,13.8
2026-05-05T03:03:07Z,0,0,0,0,0,0,17.6,849.5,17.8,17.9,91.3,262,254,0,0,199,0,0,18.1,16.9,13.8
2026-05-05T03:18:14Z,0,0,0,0,0,0,17.6,849.5,17.8,18,91.6,261,268,0,0,200,0.2,0.2,18.1,16.9,13.8
2026-05-05T03:33:21Z,0,0,0,0,0,0,17.6,849.6,17.8,18,91.6,263,285,0,0,199,0,0,18.1,16.9,13.8
2026-05-05T03:48:28Z,0,0,0,0.1,0,0,17.6,849.7,17.8,17.9,90.9,268,339,0,0,199,0,0,18,16.8,13.8
2026-05-05T04:03:36Z,0,0,0,0.1,0,0,17.7,849.9,17.8,18,90.8,277,429,0,0,199,0,0,18.1,16.9,13.8
2026-05-05T04:18:43Z,0,0,0,0.1,0,0,17.8,850,17.9,18.1,90.2,282,488,0,0,200,0.2,0.2,18.2,16.9,13.9
2026-05-05T04:34:08Z,0,0,0,0.2,0,0,18,850.2,18.1,18.3,90.4,289,550,0,0.1,200,0.7,0.7,18.4,17.1,14.1
2026-05-05T04:49:15Z,0,0,0,0.2,0,0,18,850.4,18.1,18.4,90.9,299,645,0,0,200,0.2,0.2,18.5,17.3,14.2
2026-05-05T05:04:22Z,0,0,0,0.4,0,0,18.2,850.5,18.3,18.6,90.3,341,1111,0,0,200,0.2,0.2,18.7,17.4,14.4
2026-05-05T05:19:29Z,0,0,0,0.6,0,0,18.5,850.7,18.5,18.9,88.5,361,1313,0,0.6,200,0.9,0.9,19,17.5,14.7
2026-05-05T05:35:17Z,0,0,0,0.6,0,0,18.9,850.8,18.9,19.3,88.2,357,1293,0,0,199,0,0,19.4,17.8,15
2026-05-05T05:50:25Z,0,0,0,0.4,0,0,19.1,851.1,19.1,19.4,87.2,326,957,0,0,199,0,0,19.5,17.8,15.1
2026-05-05T06:05:33Z,0,0,0,0.2,0,0,19,851.3,19,19.4,86.7,301,706,0,0.4,200,0.9,0.9,19.5,17.8,15.1
2026-05-05T06:20:40Z,0,0,0,0.7,0,0,19.1,851.3,19.2,19.5,86.7,395,1675,0,0.2,200,0.4,0.4,19.6,17.9,15.2
2026-05-05T06:35:47Z,0,0,0,0.9,0,0,19.5,851.3,19.7,20,84.9,427,2024,0,0.1,115,0.7,0.7,20.1,18.1,15.6
2026-05-05T06:51:13Z,0,0,0,1.1,0,0,20.3,851.3,20.6,20.8,82.1,461,2385,0,0,140,0,0,20.9,18.6,16.4
2026-05-05T07:06:20Z,0,0,0,1.2,0,0,20.3,851.2,20.7,20.9,80.1,492,2730,0,0,140,0,0,21,18.4,16.4
2026-05-05T07:21:26Z,0,0,0,1.6,0,0,21.1,851.2,21.1,21.6,75.8,560,3472,0,0.2,140,0.7,0.7,21.7,18.5,17
2026-05-05T07:36:33Z,0,0,0,4.6,0,0,22.6,851.1,22.5,22.5,72.5,1111,9459,0,0.1,140,0.7,0.7,22.6,18.9,17.8
2026-05-05T07:51:39Z,0,0,0,4.4,0,0,22.7,851,23.5,23.1,71.2,1074,9014,0,0.3,170,0.9,0.9,23.2,19.3,18.3
2026-05-05T08:06:46Z,0,0,0,1.2,0,0,23,851,23.4,23.2,68,478,2601,0,0,197,0,0,23.3,19,18.4
2026-05-05T08:21:53Z,0,0,0,1.4,0,0,22.8,850.9,23.2,23,70.3,509,2937,0,0,197,0,0,23,19.1,18.2
2026-05-05T08:37:19Z,0,0,0,1.2,0,0,23.1,850.7,23.6,22.9,69.4,478,2389,0,0,198,0.2,0.2,23,18.9,18.1
2026-05-05T08:52:26Z,0,0,0,3.2,0,0,23.5,850.5,24.3,23.6,66.3,859,6574,0,1,192,1.7,1.7,23.6,19.1,18.7
2026-05-05T09:07:32Z,0,0,0,4.5,0,0,23.9,850.3,24.3,23.9,62.3,1095,9245,0,0.6,202,1.1,1.1,23.9,18.8,18.9
2026-05-05T09:22:38Z,0,0,0,4.4,0,0,23.9,850,24.9,24.1,62.2,1075,9037,0,0.5,200,1.3,1.3,24.1,19,19.1
2026-05-05T09:37:45Z,0,0,0,1.3,0,0,24.4,849.8,24.8,24.3,62,505,2683,0,0.5,201,2.2,2.2,24.3,19.1,19.2
2026-05-05T09:52:52Z,0,0,0,4.4,0,0,23.9,849.5,24.6,24.4,60.4,1079,9026,0,0.3,139,1.1,1.1,24.5,19.1,19.3
2026-05-05T10:07:58Z,0,0,0,3.7,0,0,23.9,849.3,24.6,24.1,60.5,948,7521,0,0.1,211,0.4,0.4,24.2,18.8,19.1
2026-05-05T10:23:22Z,0,0,0,4.1,0,0,24.8,848.9,25.1,25,63.2,1019,8302,0,0.4,211,0.9,0.9,25.1,20,19.9
2026-05-05T10:38:27Z,0,0,0,1,0,0,25,848.6,25.7,25.3,55.3,446,2113,0,0,211,0.2,0.2,25.4,19.1,20
2026-05-05T10:53:33Z,0,0,0,1.1,0,0,24.5,848.5,25,25.2,55.7,467,2279,0,0,211,0.2,0.2,25.2,19,19.9
2026-05-05T11:08:40Z,0,0,0,3.8,0,0,26.3,848.3,26.9,26.9,53.2,959,7633,0,0.3,211,1.7,1.7,27.5,20.2,21.7
2026-05-05T11:23:46Z,0,0,0,2.6,0,0,26.1,848,26.8,26.1,53.2,745,5237,0,1.1,211,1.5,1.5,26.2,19.5,20.7
2026-05-05T11:38:53Z,0,0,0,3,0,0,26.4,847.8,26.9,27.3,51.2,826,6155,0,0.9,211,1.7,1.7,27.7,20.1,21.8
2026-05-05T11:53:59Z,0,0,0,3,0,0,25.6,847.6,26.1,26.1,53.7,823,6140,0,0.6,96,1.1,1.1,26.1,19.5,20.6
2026-05-05T12:09:05Z,0,0,0,2.7,0,0,25.8,847.3,26.2,26.6,52.1,750,5402,0,0,125,0,0,26.6,19.7,21
2026-05-05T12:24:27Z,0,0,0,2.7,0,0,26.6,847.2,26.9,27.6,50.3,756,5495,0,0.2,130,1.1,1.1,28,20.3,22
2026-05-05T12:39:33Z,0,0,0,0.6,0,0,26.5,847,27.2,27.4,52.1,377,1431,0,0.3,179,1.1,1.1,27.9,20.4,22
2026-05-05T12:54:40Z,0,0,0,2.4,0,0,25.8,847,26.4,26.4,54.9,698,4940,0,1.2,189,2.4,2.4,26.5,20,20.9
2026-05-05T13:09:46Z,0,0,0,0.5,0,0,25,847,25.5,25.8,60.4,353,1102,0,0,99,0.2,0.2,25.9,20.3,20.5
2026-05-05T13:24:53Z,0,0,0,1.6,0,0,25.2,846.9,25.7,25.9,58,563,3549,0,0.2,105,1.1,1.1,26,20,20.5
2026-05-05T13:40:00Z,0,0,0,0.4,0,0,25.1,846.8,25.6,26,59.5,332,917,0,0,128,0.2,0.2,26.1,20.3,20.6
2026-05-05T13:55:06Z,0,0,0,0.4,0,0,24,846.9,24.3,24.6,63.3,330,880,0,0,146,0.4,0.4,24.7,19.6,19.5
2026-05-05T14:10:31Z,0,0,0,0.9,0,0,23.9,846.8,24.3,24.5,63.5,427,2107,0,0.1,135,0.2,0.2,24.6,19.6,19.5
2026-05-05T14:25:38Z,0,0,0,0.5,0,0,23.8,846.9,24.1,24.5,63.7,351,1216,0,0.1,120,0.7,0.7,24.6,19.6,19.5
2026-05-05T14:40:45Z,0,0,0,0.2,0,0,23.4,847.1,23.7,23.9,65.3,298,573,0,0.1,100,0.4,0.4,24,19.3,19
2026-05-05T14:55:53Z,0,0,0,0.1,0,0,23.1,847.1,23.2,23.5,67.2,281,429,0,0.2,183,0.7,0.7,23.5,19.1,18.6
2026-05-05T15:11:00Z,0,0,0,0.1,0,0,22.6,847.3,22.8,23,69.2,273,363,0,0.3,183,1.1,1.1,23.1,19,18.2
2026-05-05T15:26:06Z,0,0,0,0,0,0,22.1,847.4,22.2,22.5,71.9,263,277,0,0.2,183,1.1,1.1,22.6,18.8,17.8
2026-05-05T15:41:33Z,0,0,0,0,0,0,21.6,847.5,21.7,22,74.8,260,256,0,0,183,0.4,0.4,22.1,18.8,17.4
2026-05-05T15:56:40Z,0,0,0,0,0,0,21.3,847.7,21.4,21.6,76,259,252,0,0,126,0,0,21.7,18.6,17.1
2026-05-05T16:11:46Z,0,0,0,0,0,0,21,847.9,21.1,21.3,77.4,260,253,0,0,126,0,0,21.4,18.5,16.8
2026-05-05T16:27:16Z,0,0,0,0,0,0,20.8,848.2,20.9,21.1,79,259,255,0,0,126,0,0,21.2,18.5,16.6
2026-05-05T16:42:40Z,0,0,0,0,0,0,20.6,848.3,20.8,20.9,79.5,259,253,0,0,126,0,0,21,18.3,16.5
2026-05-05T16:57:47Z,0,0,0,0,0,0,20.4,848.7,20.6,20.7,80.3,260,253,0,0,126,0,0,20.8,18.3,16.3
2026-05-05T17:12:53Z,0,0,0,0,0,0,20.3,848.6,20.4,20.6,81,260,253,0,0.1,126,0.7,0.7,20.7,18.2,16.2
2026-05-05T17:28:00Z,0,0,0,0,0,0,20.2,848.7,20.2,20.5,81.4,260,252,0,0.2,126,0.7,0.7,20.6,18.2,16.1
2026-05-05T17:43:07Z,0,0,0,0,0,0,19.9,848.8,20.1,20.3,82.4,260,253,0,0,126,0.2,0.2,20.4,18.1,15.9
2026-05-05T17:58:13Z,0,0,0,0,0,0,19.8,848.7,19.9,20.1,83.3,260,253,0,0,126,0.4,0.4,20.2,18,15.7
2026-05-05T18:13:20Z,0,0,0,0,0,0,19.6,849.1,19.7,19.9,84.2,260,254,0,0,126,0.2,0.2,20,18,15.6
2026-05-05T18:28:46Z,0,0,0,0,0,0,19.3,849.2,19.4,19.7,85.5,259,253,0,0,126,0,0,19.8,17.9,15.4
2026-05-05T18:43:53Z,0,0,0,0,0,0,19.3,849.2,19.4,19.6,85.8,262,254,0,0,126,0,0,19.7,17.9,15.3
2026-05-05T18:58:59Z,0,0,0,0,0,0,19.4,849.2,19.6,19.8,85.3,260,253,0,0,134,0,0,19.9,18,15.5
2026-05-05T19:14:06Z,0,0,0,0,0,0,19.4,849.2,19.5,19.7,87,260,254,0,0,134,0,0,19.9,18.1,15.4
2026-05-05T19:29:13Z,0,0,0,0,0,0,19.3,849.3,19.5,19.7,86.1,260,254,0,0,134,0,0,19.8,18,15.4
2026-05-05T19:44:20Z,0,0,0,0,0,0,19.3,849.3,19.5,19.7,85.8,261,254,0,0,134,0,0,19.8,18,15.4
2026-05-05T19:59:27Z,0,0,0,0,0,0,19.4,849.4,19.6,19.8,85.1,260,253,0,0,134,0,0,19.9,17.9,15.5
2026-05-05T20:14:49Z,0,0,0,0,0,0,19.6,849.5,19.8,19.9,83.1,260,253,0,0,97,0,0,20,17.8,15.6
2026-05-05T20:29:57Z,0,0,0,0,0,0,19.6,849.4,19.8,20,82.5,261,253,0,0.5,129,1.7,1.7,20.1,17.8,15.6
2026-05-05T20:45:04Z,0,0,0,0,0,0,19.4,849.6,19.6,19.8,82.6,261,252,0,0.2,136,0.9,0.9,19.9,17.6,15.5
2026-05-05T21:00:10Z,0,0,0,0,0,0,19.2,849.7,19.4,19.6,82.8,260,254,0,0.2,137,1.1,1.1,19.7,17.5,15.3
2026-05-05T21:15:17Z,0,0,0,0,0,0,19,849.5,19.1,19.3,82.7,261,254,0,0.8,112,1.3,1.3,19.4,17.2,15
2026-05-05T21:30:24Z,0,0,0,0,0,0,18.6,849.3,18.8,19,84.2,261,254,0,0.3,137,1.7,1.7,19,17,14.7
2026-05-05T21:45:51Z,0,0,0,0,0,0,18.3,849.4,18.4,18.7,85.8,261,254,0,0.4,174,2.4,2.4,18.8,16.9,14.4
2026-05-05T22:00:58Z,0,0,0,0,0,0,18.2,849.3,18.4,18.6,86.3,260,253,0,0.4,129,1.1,1.1,18.7,16.9,14.4
2026-05-05T22:16:05Z,0,0,0,0,0,0,18.1,849.4,18.2,18.5,87.1,259,254,0,0.1,130,0.4,0.4,18.6,16.9,14.3
2026-05-05T22:31:12Z,0,0,0,0,0,0,18.1,849.1,18.2,18.5,87.9,261,253,0,0.2,128,1,1,18.6,17,14.3
2026-05-05T22:46:20Z,0,0,0,0,0,0,18,849,18.2,18.4,88.5,262,254,0,0,128,0.4,0.4,18.5,17,14.2
2026-05-05T23:01:26Z,0,0,0,0,0,0,17.9,848.9,18.1,18.3,89.2,260,254,0,0,128,0.4,0.4,18.4,17,14.1
2026-05-05T23:16:53Z,0,0,0,0,0,0,17.9,848.9,18,18.3,89.7,260,253,0,0.4,128,1.1,1.1,18.4,17,14.1
2026-05-05T23:32:00Z,0,0,0,0,0,0,17.9,848.9,18,18.2,90,260,253,0,0.1,129,0.7,0.7,18.3,17,14
2026-05-05T23:47:07Z,0,0,0,0,0,0,17.8,848.7,17.9,18.2,90.4,261,253,0,0,127,0.4,0.4,18.3,17,14
2026-05-06T00:00:13Z,0,0,0,0,0,0,17.8,848.6,17.9,18.2,90.8,260,253,0,0.1,127,0.7,0.7,18.3,17.1,14
2026-05-06T00:15:20Z,0,0,0,0,0,0,17.8,848.6,18,18.2,90.5,262,254,0,0,127,0.4,0.4,18.3,17.1,14
2026-05-06T00:30:27Z,0,0,0,0,0,0,17.9,848.5,18.1,18.2,90.4,261,253,0,0,127,0,0,18.3,17.1,14
2026-05-06T00:45:33Z,0,0,0,0,0,0,17.8,848.5,17.9,18.1,90.8,260,255,0,0,127,0,0,18.2,17,13.9
2026-05-06T01:01:02Z,0,0,0,0,0,0,17.7,848.6,17.8,18,91.6,259,254,0,0,127,0,0,18.1,17,13.8
2026-05-06T01:16:09Z,0,0,0,0,0,0,17.7,848.7,17.8,18,91.7,259,253,0,0,127,0,0,18.1,17,13.9
2026-05-06T01:31:16Z,0,0,0,0,0,0,17.7,848.8,17.8,18,91.6,261,253,0,0,127,0,0,18.1,17,13.9
2026-05-06T01:46:23Z,0,0,0,0,0,0,17.8,848.8,17.9,18.1,92.1,260,254,0,0,127,0,0,18.2,17.1,13.9
2026-05-06T02:01:32Z,0,0,0,0,0,0,17.7,848.7,17.8,18,92.8,260,254,0,0,127,0,0,18.2,17.2,13.9
2026-05-06T02:16:39Z,0,0,0,0,0,0,17.6,848.7,17.6,17.8,92.9,260,253,0,0,127,0,0,18,17,13.7
2026-05-06T02:32:01Z,0,0,0,0,0,0,17.5,848.8,17.6,17.9,93.3,260,255,0,0,127,0,0,18,17,13.7
2026-05-06T02:47:08Z,0,0,0,0,0,0,17.5,848.7,17.7,17.9,93.3,260,254,0,0,127,0,0,18,17.1,13.7
2026-05-06T03:02:16Z,0,0,0,0,0,0,17.6,848.8,17.8,17.9,93.2,259,254,0,0,127,0,0,18,17.1,13.7
2026-05-06T03:17:23Z,0,0,0,0,0,0,17.6,848.8,17.7,17.9,93.1,260,258,0,0,127,0,0,18.1,17.1,13.8
2026-05-06T03:33:09Z,0,0,0,0,0,0,17.6,849,17.8,18,92.8,262,278,0,0,127,0,0,18.1,17.1,13.8
2026-05-06T03:48:16Z,0,0,0,0.1,0,0,17.7,849.2,17.9,18,92.7,267,339,0,0,127,0,0,18.2,17.2,13.9
2026-05-06T04:03:24Z,0,0,0,0.2,0,0,17.8,849.2,18,18.2,92.6,285,506,0,0,127,0,0,18.3,17.3,14
2026-05-06T04:18:31Z,0,0,0,0.3,0,0,18.1,849.5,18.2,18.4,92.4,309,735,0,0,127,0,0,18.6,17.5,14.3
2026-05-06T04:33:38Z,0,0,0,0.5,0,0,18.4,849.5,18.6,18.7,90.6,344,1158,0,0,127,0,0,18.9,17.6,14.5
2026-05-06T04:49:05Z,0,0,0,0.6,0,0,19,849.5,19.2,19.2,87.3,373,1430,0,0,127,0,0,19.3,17.7,15
2026-05-06T05:04:12Z,0,0,0,1,0,0,20.3,849.7,20.7,20,84.5,453,2371,0,0,128,0,0,20.1,18.1,15.6
2026-05-06T05:19:18Z,0,0,0,0.7,0,0,21.4,849.9,21.2,21,80.9,391,1602,0,0.3,89,1.1,1.1,21.2,18.6,16.6
2026-05-06T05:34:25Z,0,0,0,0.6,0,0,20.7,850.2,20.6,20.8,80.3,369,1414,0,0,88,0,0,21,18.4,16.4
2026-05-06T05:49:32Z,0,0,0,0.8,0,0,20.4,850.3,20.4,20.8,79.7,405,1761,0,0,88,0.2,0.2,20.9,18.2,16.4
2026-05-06T06:04:38Z,0,0,0,2.2,0,0,22,850.1,22.6,21.8,77.9,673,4700,0,0.2,127,1.3,1.3,21.9,19,17.3
2026-05-06T06:19:45Z,0,0,0,2.4,0,0,21.9,850.2,23,22.3,75.5,707,5092,0,0.2,135,0.9,0.9,22.4,19.1,17.7
2026-05-06T06:35:08Z,0,0,0,2.9,0,0,22,850.1,22.5,22.4,71.8,797,6037,0,0.3,85,0.7,0.7,22.5,18.8,17.7
2026-05-06T06:50:15Z,0,0,0,1.2,0,0,24.7,850,24.7,24.3,67.4,474,2417,0,0.1,280,0.2,0.2,24.4,19.9,19.3
2026-05-06T07:05:21Z,0,0,0,3.2,0,0,22.1,850.1,22.4,21.6,73.8,850,6782,0,0.7,268,0.9,0.9,21.7,18.3,17.1
2026-05-06T07:21:02Z,0,0,0,3.5,0,0,24.2,849.8,24.9,24.2,67.8,908,7145,0,0,192,0.4,0.4,24.4,19.9,19.3
2026-05-06T07:36:09Z,0,0,0,3.8,0,0,24,849.7,25.2,24.4,65.3,967,7888,0,0.1,187,0.7,0.7,24.4,19.7,19.3
2026-05-06T07:51:15Z,0,0,0,1.9,0,0,24.3,849.8,25.3,24.7,61.5,608,3873,0,0.2,184,0.9,0.9,24.7,19.4,19.6
2026-05-06T08:06:22Z,0,0,0,3.3,0,0,24.4,849.7,24.4,24.5,62.1,867,6852,0,0.1,181,0.4,0.4,24.6,19.4,19.4
2026-05-06T08:21:29Z,0,0,0,3.7,0,0,24.1,849.7,24.8,24.5,64,955,7828,0,0.1,181,0.7,0.7,24.6,19.7,19.5
2026-05-06T08:36:36Z,0,0,0,1.6,0,0,23.6,849.7,24.4,24,64.1,551,3243,0,0.8,164,1.5,1.5,24.1,19.2,19.1
2026-05-06T08:51:43Z,0,0,0,1.8,0,0,24.6,849.5,25.4,25.1,61.6,591,3609,0,0.3,164,1.3,1.3,25.2,19.8,19.9
2026-05-06T09:07:06Z,0,0,0,4,0,0,24.2,849.2,24.5,24.8,60.1,1006,8366,0,0,78,0.4,0.4,24.8,19.3,19.6
2026-05-06T09:22:13Z,0,0,0,3.8,0,0,24.5,849,24.9,25.2,60.5,962,7886,0,0.5,67,1.3,1.3,25.3,19.8,20
2026-05-06T09:37:20Z,0,0,0,1.3,0,0,25.1,848.8,25.9,25.4,57.6,505,2630,0,0.3,166,0.9,0.9,25.4,19.5,20.1
2026-05-06T09:52:27Z,0,0,0,1.3,0,0,25.1,848.5,25.9,25.7,60.2,505,2639,0,0,176,0,0,25.8,20.2,20.4
2026-05-06T10:07:34Z,0,0,0,2.6,0,0,25.1,848.3,25.8,25.6,56,749,5314,0,0.9,160,1.7,1.7,25.7,19.5,20.3
2026-05-06T10:22:41Z,0,0,0,1.6,0,0,26,848,26.6,26.5,56.3,559,3280,0,0.6,148,2,2,26.6,20.3,21
2026-05-06T10:37:48Z,0,0,0,1.4,0,0,25.6,847.8,26.1,26.4,55.4,525,2914,0,0.2,141,0.9,0.9,26.5,20.1,20.9
2026-05-06T10:53:11Z,0,0,0,3.8,0,0,26,847.6,26.4,26.6,55.6,957,7615,0,0.1,106,0.5,0.5,27.4,20.3,21.6
2026-05-06T11:08:18Z,0,0,0,1.1,0,0,26,847.4,26.5,26.8,56,464,2356,0,0.4,73,0.9,0.9,27.5,20.5,21.7
2026-05-06T11:23:25Z,0,0,0,1.2,0,0,25.5,847.4,25.9,26,58.9,487,2574,0,0.1,78,0.7,0.7,26.1,20.3,20.6
2026-05-06T11:38:31Z,0,0,0,0.9,0,0,25.3,847.2,25.4,25.9,59.7,430,2030,0,0.6,79,1.1,1.1,26,20.3,20.6
2026-05-06T11:53:37Z,0,0,0,1,0,0,24.9,847,25.2,25.4,60.4,441,2065,0,0.2,183,1.3,1.3,25.5,19.9,20.1
2026-05-06T12:08:44Z,0,0,0,1,0,0,24.8,846.8,25.2,25.2,59.6,442,2029,0,0.6,166,2,2,25.3,19.7,20
2026-05-06T12:23:51Z,0,0,0,0.6,0,0,25,846.6,25.2,25.6,60.3,361,1201,0,0.1,80,0.7,0.7,25.7,20.1,20.3
2026-05-06T12:39:15Z,0,0,0,0.8,0,0,25.2,846.4,25.5,25.6,60.7,407,1783,0,0,80,0.2,0.2,25.7,20.2,20.3
2026-05-06T12:54:21Z,0,0,0,0.6,0,0,24.7,846.3,24.9,25.2,61.9,374,1388,0,0.2,80,0.9,0.9,25.3,20,20
2026-05-06T13:09:28Z,0,0,0,0.4,0,0,25.2,846.2,25.6,25.9,59.8,336,956,0,0.5,80,2,2,26,20.3,20.5
2026-05-06T13:24:34Z,0,0,0,1.8,0,0,25,846.4,25.3,25.6,61.7,594,3974,0,0,80,0.2,0.2,25.7,20.3,20.3
2026-05-06T13:39:41Z,0,0,0,0.3,0,0,24.7,846.4,24.8,25.3,61.7,316,756,0,0.2,73,1.5,1.5,25.4,20,20.1
2026-05-06T13:54:47Z,0,0,0,0.4,0,0,24,846.3,24.1,24.5,64.9,329,900,0,0.1,72,0.4,0.4,24.6,19.8,19.5
2026-05-06T14:09:54Z,0,0,0,0.7,0,0,24.4,846.6,24.9,25.2,61.9,381,1524,0,0.4,76,1.3,1.3,25.3,19.9,20
2026-05-06T14:25:18Z,0,0,0,0.3,0,0,24.1,846.7,24.4,24.6,64,314,794,0,0.1,76,0.7,0.7,24.7,19.7,19.5
2026-05-06T14:40:25Z,0,0,0,0.3,0,0,23.7,846.9,23.8,24.1,66.7,306,712,0,0,76,0.2,0.2,24.2,19.6,19.1
2026-05-06T14:55:31Z,0,0,0,0.2,0,0,23.3,846.8,23.5,23.7,67.4,295,605,0,0.5,76,1.1,1.1,23.8,19.4,18.8
2026-05-06T15:11:09Z,0,0,0,0.1,0,0,22.9,846.9,23.1,23.3,69.3,275,410,0,0.1,76,0.4,0.4,23.4,19.3,18.5
2026-05-06T15:26:33Z,0,0,0,0,0,0,22.5,847,22.6,22.8,70.8,263,274,0,0.4,76,1.3,1.3,22.9,19,18.1
2026-05-06T15:41:39Z,0,0,0,0,0,0,22.2,847.3,22.3,22.5,72.2,261,256,0,0.1,76,0.4,0.4,22.6,18.9,17.8
2026-05-06T15:56:46Z,0,0,0,0,0,0,22.1,847.4,22.2,22.4,72.1,261,253,0,0.1,76,0.4,0.4,22.5,18.8,17.7
2026-05-06T16:11:53Z,0,0,0,0,0,0,22.1,847.5,22.2,22.4,73.8,260,254,0,0.4,79,2,2,22.5,19,17.7
2026-05-06T16:26:55Z,0,0,0,0,0,0,21.8,847.8,21.9,22.1,77,260,253,0,0.1,79,0.2,0.2,22.3,19.2,17.5
2026-05-06T16:42:01Z,0,0,0,0,0,0,21.5,847.9,21.7,21.9,78.4,259,255,0,0.1,79,0.7,0.7,22,19.1,17.3
2026-05-06T16:57:08Z,0,0,0,0,0,0,21.4,848,21.5,21.7,78.2,261,253,0,0.4,128,1.3,1.3,21.8,18.9,17.2
2026-05-06T17:12:15Z,0,0,0,0,0,0,21.2,848.1,21.3,21.5,78.7,260,254,0,0.6,127,1.7,1.7,21.7,18.8,17
2026-05-06T17:27:37Z,0,0,0,0,0,0,21,848.2,21.1,21.3,80,260,253,0,0,81,0.2,0.2,21.5,18.8,16.8
2026-05-06T17:42:43Z,0,0,0,0,0,0,20.8,848.4,20.9,21.1,81.4,260,253,0,0.1,81,0.9,0.9,21.3,18.8,16.7
2026-05-06T17:57:50Z,0,0,0,0,0,0,20.7,848.7,20.9,21.1,82,261,252,0,0,81,0,0,21.3,18.8,16.7
2026-05-06T18:12:56Z,0,0,0,0,0,0,20.4,848.5,20.5,20.8,83,260,254,0,0,81,0,0,20.9,18.6,16.4
2026-05-06T18:28:02Z,0,0,0,0,0,0,20.2,848.7,20.4,20.5,84,260,254,0,0,81,0,0,20.6,18.5,16.1
2026-05-06T18:43:09Z,0,0,0,0,0,0,20,849.2,20.1,20.4,84.9,261,253,0,0,81,0,0,20.5,18.5,16
2026-05-06T18:58:16Z,0,0,0,0,0,0,20,849.3,20.2,20.3,84.9,260,254,0,0.2,81,0.7,0.7,20.5,18.5,16
2026-05-06T19:13:40Z,0,0,0,0,0,0,20.2,849.5,20.4,20.5,83.9,260,252,0,0.3,81,1.1,1.1,20.6,18.5,16.1
2026-05-06T19:28:47Z,0,0,0,0,0,0,20.1,849.6,20.2,20.5,84,261,254,0,0,81,0.2,0.2,20.6,18.5,16.1
2026-05-06T19:43:54Z,0,0,0,0,0,0,20,849.6,20.2,20.4,84.3,259,254,0,0.2,81,0.7,0.7,20.5,18.4,16
2026-05-06T19:59:01Z,0,0,0,0,0,0,19.9,849.5,20.1,20.2,84.3,262,254,0,0,81,0.2,0.2,20.4,18.3,15.9
2026-05-06T20:14:07Z,0,0,0,0,0,0,19.9,849.7,20.1,20.2,83.7,260,252,0,0.5,81,1.3,1.3,20.4,18.2,15.9
2026-05-06T20:29:14Z,0,0,0,0,0,0,20,849.7,20.2,20.4,82.7,260,255,0,0.3,122,2.2,2.2,20.5,18.2,16
2026-05-06T20:44:21Z,0,0,0,0,0,0,19.8,849.5,19.9,20.2,81.3,259,253,0,1.1,177,2.8,2.8,20.3,17.8,15.8
2026-05-06T20:59:45Z,0,0,0,0,0,0,19.4,849.4,19.6,19.8,82.4,259,253,0,0.1,171,0.9,0.9,19.9,17.6,15.5
2026-05-06T21:14:52Z,0,0,0,0,0,0,19.1,849.4,19.2,19.4,84,260,253,0,0,171,0,0,19.5,17.5,15.1
2026-05-06T21:29:59Z,0,0,0,0,0,0,19.1,849.2,19.2,19.4,84.7,260,254,0,0,171,0,0,19.5,17.5,15.1
2026-05-06T21:45:06Z,0,0,0,0,0,0,18.9,849.2,19,19.3,85.1,261,253,0,0,171,0.4,0.4,19.4,17.4,15
2026-05-06T22:00:12Z,0,0,0,0,0,0,18.8,849.2,18.9,19.1,85.3,259,253,0,0,171,0,0,19.2,17.3,14.9
2026-05-06T22:15:19Z,0,0,0,0,0,0,18.6,849.2,18.8,19,83.4,261,254,0,0.3,176,1.3,1.3,19,16.9,14.7
2026-05-06T22:30:25Z,0,0,0,0,0,0,18.4,849,18.6,18.8,84.2,259,253,0,0.2,191,1.3,1.3,18.9,16.9,14.6
2026-05-06T22:45:50Z,0,0,0,0,0,0,18.1,848.7,18.3,18.5,85.6,261,254,0,0.5,176,1.6,1.6,18.6,16.8,14.3
2026-05-06T23:00:56Z,0,0,0,0,0,0,17.6,848.5,17.8,18.1,87.6,260,253,0,0.1,165,0.9,0.9,18.2,16.6,13.9
2026-05-06T23:16:02Z,0,0,0,0,0,0,17.4,848.4,17.5,17.8,88.6,260,253,0,0,165,0,0,17.9,16.5,13.6
2026-05-06T23:31:09Z,0,0,0,0,0,0,17.3,848.1,17.4,17.7,88.9,261,253,0,0,165,0.4,0.4,17.8,16.4,13.5
2026-05-06T23:46:16Z,0,0,0,0,0,0,17.3,848.3,17.4,17.7,89.3,261,253,0,0,165,0,0,17.8,16.4,13.5
2026-05-07T00:00:22Z,0,0,0,0,0,0,17.3,848.1,17.4,17.6,88.8,260,254,0,0,165,0.2,0.2,17.7,16.3,13.5
2026-05-07T00:15:28Z,0,0,0,0,0,0,17.2,848.1,17.3,17.6,90.2,261,251,0,0,165,0,0,17.7,16.4,13.4
2026-05-07T00:30:52Z,0,0,0,0,0,0,17,848.1,17.1,17.4,90,261,254,0,0,165,0,0,17.4,16.2,13.2
2026-05-07T00:45:59Z,0,0,0,0,0,0,17,848.4,17.1,17.4,89.8,260,253,0,0,165,0,0,17.4,16.1,13.2
2026-05-07T01:01:06Z,0,0,0,0,0,0,17,848.5,17.2,17.4,90,260,253,0,0,165,0,0,17.5,16.2,13.2
2026-05-07T01:16:13Z,0,0,0,0,0,0,17,848.4,17.1,17.4,89.9,260,253,0,0,165,0,0,17.4,16.1,13.2
2026-05-07T01:31:20Z,0,0,0,0,0,0,17,848.6,17.1,17.3,90.5,258,253,0,0,165,0,0,17.4,16.2,13.2
2026-05-07T01:46:26Z,0,0,0,0,0,0,17.1,848.6,17.2,17.4,90.8,260,254,0,0,165,0,0,17.5,16.3,13.3
2026-05-07T02:01:33Z,0,0,0,0,0,0,17.1,848.7,17.2,17.5,90.8,260,253,0,0,165,0,0,17.6,16.4,13.4
2026-05-07T02:16:57Z,0,0,0,0,0,0,17.2,848.6,17.4,17.6,91,260,253,0,0,165,0.2,0.2,17.7,16.5,13.4
2026-05-07T02:32:04Z,0,0,0,0,0,0,17.2,848.7,17.3,17.5,91.7,260,253,0,0,165,0.2,0.2,17.7,16.6,13.4
2026-05-07T02:47:11Z,0,0,0,0,0,0,16.9,848.9,16.9,17.2,92.4,260,253,0,0,165,0,0,17.3,16.3,13.1
2026-05-07T03:02:18Z,0,0,0,0,0,0,16.7,848.9,16.8,17,93.3,261,253,0,0,165,0,0,17.1,16.2,12.9
2026-05-07T03:17:24Z,0,0,0,0,0,0,16.5,848.8,16.6,16.7,94,262,267,0,0,165,0,0,16.8,16,12.6
2026-05-07T03:32:31Z,0,0,0,0.1,0,0,16.2,849,16.3,16.6,94.2,267,324,0,0,165,0,0,16.6,15.9,12.4
2026-05-07T03:47:38Z,0,0,0,0.1,0,0,16.3,849.1,16.3,16.6,94.9,280,429,0,0,165,0,0,16.7,16,12.5
2026-05-07T04:03:03Z,0,0,0,0.2,0,0,16.6,849.2,16.8,16.9,95.1,289,479,0,0,78,0.2,0.2,17,16.3,12.8
2026-05-07T04:18:09Z,0,0,0,0.2,0,0,17,849.5,17.1,17.3,94.3,296,521,0,0.1,78,0.2,0.2,17.4,16.6,13.2
2026-05-07T04:33:16Z,0,0,0,0.4,0,0,17.6,849.6,17.8,17.9,92.1,331,953,0,0,78,0,0,18,16.9,13.7
2026-05-07T04:48:23Z,0,0,0,0.9,0,0,18.5,849.6,18.9,18.6,88.4,416,1934,0,0.6,78,0.9,0.9,18.7,17.2,14.4
2026-05-07T05:03:30Z,0,0,0,0.4,0,0,20.2,849.7,20.2,19.7,83.4,328,840,0,0,78,0,0,19.8,17.7,15.4
2026-05-07T05:18:37Z,0,0,0,0.5,0,0,19.8,849.8,19.9,19.9,83.3,347,1079,0,0.2,78,0.7,0.7,20,17.8,15.5
2026-05-07T05:33:43Z,0,0,0,0.5,0,0,19.2,849.9,19.4,19.5,83.4,354,1169,0,0,78,0,0,19.6,17.4,15.2
2026-05-07T05:49:08Z,0,0,0,0.5,0,0,19.5,850,19.7,19.6,83.7,347,1118,0,0,78,0,0,19.7,17.6,15.3
2026-05-07T06:04:15Z,0,0,0,0.6,0,0,20.2,850.1,20.3,20.2,81.7,376,1539,0,0,78,0,0,20.3,17.9,15.8
2026-05-07T06:19:22Z,0,0,0,2.8,0,0,20.6,850.3,21,20.3,80.3,776,6057,0,0.2,78,0.4,0.4,20.4,17.9,15.9
2026-05-07T06:34:28Z,0,0,0,0.9,0,0,20.9,850.3,21.4,21.1,78.4,416,1896,0,0,78,0,0,21.2,18.3,16.6
2026-05-07T06:49:34Z,0,0,0,0.8,0,0,21.7,850.4,21.9,21.9,75.9,401,1765,0,0,78,0,0,22,18.8,17.3
2026-05-07T07:04:40Z,0,0,0,0.8,0,0,21.7,850.4,21.5,21.5,75.8,406,1857,0,0.6,78,1.1,1.1,21.6,18.4,16.9
2026-05-07T07:20:30Z,0,0,0,1.2,0,0,22.2,850.4,22.2,22.4,72.8,480,2627,0,0,78,0,0,22.5,18.9,17.7
2026-05-07T07:35:37Z,0,0,0,3.3,0,0,24.1,850.2,24.4,24.1,68.4,875,6785,0,0.1,78,0.9,0.9,24.2,19.9,19.1
2026-05-07T07:50:43Z,0,0,0,1,0,0,23.9,850,24.6,24.3,66.5,453,2175,0,0,78,0,0,24.4,19.8,19.3
2026-05-07T08:06:24Z,0,0,0,2.8,0,0,23.1,849.9,23.2,23.3,67.6,775,5871,0,0.2,78,1.1,1.1,23.4,19.1,18.5
2026-05-07T08:21:30Z,0,0,0,1.1,0,0,23.5,849.9,24,24,66.9,467,2368,0,0,78,0,0,24.1,19.5,19
2026-05-07T08:36:37Z,0,0,0,3.8,0,0,24,849.6,24.6,24.4,64.5,964,7812,0,0.6,78,1.1,1.1,24.4,19.6,19.3
2026-05-07T08:51:43Z,0,0,0,1.5,0,0,25,849.5,25.4,25.6,61.2,530,3030,0,0,78,0,0,25.7,20.2,20.3
2026-05-07T09:06:50Z,0,0,0,1.3,0,0,24.8,849.3,25.1,25.5,62.2,493,2536,0,0.1,78,0.6,0.6,25.6,20.2,20.2
2026-05-07T09:22:18Z,0,0,0,1.9,0,0,25.2,848.9,25.1,26,57.9,604,3648,0,1,78,1.7,1.7,26.1,20.1,20.6
2026-05-07T09:37:24Z,0,0,0,4.1,0,0,26.9,848.7,26.8,26.6,58.6,1027,8441,0,0,78,0,0,27.5,20.8,21.7
2026-05-07T09:52:31Z,0,0,0,1.1,0,0,25.4,848.4,26,25.6,57.5,464,2306,0,0.3,78,0.9,0.9,25.7,19.7,20.3
2026-05-07T10:07:38Z,0,0,0,4,0,0,24.8,848.2,25.6,25.4,63.9,1003,8157,0,0.5,78,1.5,1.5,25.5,20.4,20.2
2026-05-07T10:22:45Z,0,0,0,4.1,0,0,25.1,847.9,26.1,25.8,54.5,1017,8186,0,0.1,175,0.6,0.6,25.9,19.4,20.4
2026-05-07T10:37:51Z,0,0,0,4.1,0,0,26.2,847.6,26.5,27.3,54.9,1026,8332,0,0.2,80,1.1,1.1,28,20.7,22
2026-05-07T10:52:58Z,0,0,0,1.1,0,0,26.2,847.5,27.1,27.2,54.9,461,2253,0,0,80,0,0,27.9,20.7,22
2026-05-07T11:08:20Z,0,0,0,0.7,0,0,25.4,847.4,26.1,25.8,56.5,393,1502,0,0.4,171,2.2,2.2,25.8,19.7,20.4
2026-05-07T11:23:26Z,0,0,0,3.2,0,0,26.7,847.2,27.2,27.3,54.3,862,6537,0,0.3,171,1.1,1.1,28.1,20.7,22.1
2026-05-07T11:38:32Z,0,0,0,3.2,0,0,27,846.9,27.3,28,52.6,846,6371,0,0.7,78,2,2,28.7,21,22.5
2026-05-07T11:53:39Z,0,0,0,2.9,0,0,27.1,846.7,27.6,28.1,52,800,5906,0,0.4,177,1.3,1.3,28.8,21,22.6
2026-05-07T12:08:46Z,0,0,0,2.9,0,0,27.9,846.4,28.2,28.9,50.5,806,6028,0,1.5,124,2.4,2.4,29.6,21.5,23.2
2026-05-07T12:23:52Z,0,0,0,2.4,0,0,25.6,846.3,26.4,26.4,58.1,710,5061,0,0.9,174,2.6,2.6,26.5,20.5,21
2026-05-07T12:39:17Z,0,0,0,2.3,0,0,25.8,846,25.9,26.6,56.8,690,4880,0,0.5,84,1.2,1.2,27.4,20.4,21.6
2026-05-07T12:54:24Z,0,0,0,1.5,0,0,25.7,845.9,26.2,26.5,58.1,545,3246,0,0.1,75,0.7,0.7,26.6,20.6,21
2026-05-07T13:09:30Z,0,0,0,1.9,0,0,26.6,846,27,27.8,53.2,605,3940,0,0.8,82,2.2,2.2,28.5,21,22.4
2026-05-07T13:24:37Z,0,0,0,1.6,0,0,26.8,846,27.7,28,53.7,558,3433,0,0.7,175,2.3,2.3,28.8,21.2,22.6
2026-05-07T13:39:43Z,0,0,0,0.5,0,0,25.1,846.1,25.6,26,59.7,350,1034,0,0.2,174,1.1,1.1,26.1,20.3,20.6
2026-05-07T13:55:11Z,0,0,0,1,0,0,25.3,846,25.9,26.3,58.3,451,2301,0,0.2,90,1.1,1.1,26.4,20.4,20.9
2026-05-07T14:10:36Z,0,0,0,0.3,0,0,24.8,846.3,25.2,25.9,58.4,309,680,0,0.4,105,1.7,1.7,25.9,20,20.5
2026-05-07T14:25:43Z,0,0,0,0.2,0,0,23.9,846.5,24.3,24.5,63.1,298,579,0,0.5,140,1.9,1.9,24.6,19.5,19.4
2026-05-07T14:40:49Z,0,0,0,0.2,0,0,23.4,846.6,23.6,23.8,66.3,292,535,0,0.3,84,0.9,0.9,23.9,19.3,18.9
2026-05-07T14:55:56Z,0,0,0,0.2,0,0,22.9,846.7,23.1,23.3,68.2,286,485,0,0.2,82,0.8,0.8,23.4,19.1,18.5
2026-05-07T15:11:02Z,0,0,0,0.1,0,0,22.5,846.8,22.8,22.9,70.5,277,416,0,0.6,83,2.3,2.3,23,19.1,18.2
2026-05-07T15:26:10Z,0,0,0,0,0,0,22.2,847,22.3,22.5,72.8,263,287,0,0.2,83,1,1,22.6,19,17.8
2026-05-07T15:41:16Z,0,0,0,0,0,0,21.8,847,21.9,22.1,75.2,259,254,0,0,83,0.2,0.2,22.2,18.9,17.5
2026-05-07T15:56:41Z,0,0,0,0,0,0,21.4,847.1,21.6,21.8,76.3,259,253,0,0.2,83,1.1,1.1,21.9,18.7,17.2
2026-05-07T16:11:47Z,0,0,0,0,0,0,21.2,847.2,21.4,21.5,76.7,260,253,0,0.1,83,0.7,0.7,21.6,18.5,17
2026-05-07T16:26:54Z,0,0,0,0,0,0,20.9,847.5,21.1,21.2,77.7,260,252,0,0,83,0,0,21.3,18.4,16.7
2026-05-07T16:42:01Z,0,0,0,0,0,0,20.6,847.8,20.7,20.9,79.1,261,253,0,0,83,0,0,21,18.3,16.5
2026-05-07T16:57:07Z,0,0,0,0,0,0,20.2,848,20.3,20.5,81.8,260,254,0,0,83,0,0,20.6,18.2,16.1
2026-05-07T17:12:14Z,0,0,0,0,0,0,19.8,848.2,19.9,20.2,84.2,261,255,0,0,83,0,0,20.3,18.2,15.8
2026-05-07T17:27:20Z,0,0,0,0,0,0,19.6,848.3,19.7,19.9,86.7,261,254,0,0,83,0,0,20,18.2,15.6
2026-05-07T17:42:45Z,0,0,0,0,0,0,19.4,848.5,19.5,19.7,88.5,261,253,0,0,83,0,0,19.8,18.3,15.4
2026-05-07T17:57:52Z,0,0,0,0,0,0,19.1,848.8,19.2,19.4,89.1,260,253,0,0,83,0,0,19.6,18.1,15.2
2026-05-07T18:12:59Z,0,0,0,0,0,0,19,849.1,19,19.3,90.2,259,253,0,0,83,0,0,19.4,18.1,15.1
2026-05-07T18:28:06Z,0,0,0,0,0,0,18.7,849.3,18.9,19.1,90.2,260,254,0,0,83,0,0,19.2,17.9,14.9
2026-05-07T18:43:13Z,0,0,0,0,0,0,18.5,849.5,18.6,18.9,91.4,259,253,0,0,83,0,0,19,17.8,14.7
2026-05-07T18:58:20Z,0,0,0,0,0,0,18.4,849.6,18.5,18.7,92,261,255,0,0,83,0,0,18.9,17.7,14.5
2026-05-07T19:13:26Z,0,0,0,0,0,0,18.3,849.7,18.4,18.6,92.6,259,253,0,0,83,0,0,18.8,17.7,14.4
2026-05-07T19:28:50Z,0,0,0,0,0,0,18.2,849.8,18.4,18.6,92.7,260,254,0,0,83,0,0,18.8,17.7,14.4
2026-05-07T19:43:57Z,0,0,0,0,0,0,18.3,849.9,18.5,18.7,92.8,261,252,0,0,83,0.2,0.2,18.9,17.8,14.5
2026-05-07T19:59:04Z,0,0,0,0,0,0,18.3,849.9,18.6,18.8,92,261,253,0,0,83,0,0,19,17.8,14.6
2026-05-07T20:14:11Z,0,0,0,0,0,0,18.4,850,18.6,18.8,92.1,260,253,0,0,83,0,0,19,17.8,14.6
2026-05-07T20:29:18Z,0,0,0,0,0,0,18.4,849.8,18.6,18.8,92,259,254,0,0,83,0,0,18.9,17.8,14.6
2026-05-07T20:44:25Z,0,0,0,0,0,0,18.4,849.7,18.5,18.8,91.8,261,253,0,0,83,0.2,0.2,18.9,17.8,14.6
2026-05-07T20:59:32Z,0,0,0,0,0,0,18.4,849.7,18.6,18.8,91.5,261,253,0,0,83,0.2,0.2,19,17.8,14.6
2026-05-07T21:14:56Z,0,0,0,0,0,0,18.4,849.7,18.6,18.8,91.6,261,254,0,0,83,0.2,0.2,19,17.8,14.6
2026-05-07T21:30:03Z,0,0,0,0,0,0,18.4,849.5,18.5,18.8,92,260,254,0,0,83,0,0,18.9,17.8,14.6
2026-05-07T21:45:10Z,0,0,0,0,0,0,18.2,849.3,18.4,18.6,92.2,260,253,0,0,83,0,0,18.7,17.6,14.4
2026-05-07T22:00:17Z,0,0,0,0,0,0,18,849.2,18.1,18.3,93.5,259,254,0,0,83,0,0,18.4,17.5,14.1
2026-05-07T22:15:24Z,0,0,0,0,0,0,17.9,849,18,18.2,94,259,254,0,0,83,0,0,18.3,17.5,14
2026-05-07T22:30:31Z,0,0,0,0,0,0,18,848.8,18.1,18.3,94.5,259,253,0,0,83,0,0,18.5,17.7,14.2
2026-05-07T22:45:38Z,0,0,0,0,0,0,18.2,848.7,18.3,18.5,94.5,261,253,0,0,83,0.2,0.2,18.7,17.9,14.4
2026-05-07T23:01:00Z,0,0,0,0,0,0,18.3,848.6,18.4,18.7,93.6,260,253,0,0,83,0,0,18.8,17.9,14.5
2026-05-07T23:16:07Z,0,0,0,0,0,0,18.2,848.4,18.3,18.5,94.2,260,254,0,0,83,0.2,0.2,18.7,17.8,14.3
2026-05-07T23:31:14Z,0,0,0,0,0,0,18.1,848.3,18.1,18.4,94.6,261,253,0,0,83,0,0,18.6,17.7,14.3
2026-05-07T23:46:21Z,0,0,0,0,0,0,18.1,848.4,18.2,18.5,94.6,261,253,0,0,83,0.2,0.2,18.6,17.8,14.3
2026-05-08T00:00:10Z,0,0,0,0,0,0,18.1,848.4,18.1,18.4,94.8,261,254,0,0.5,83,1.1,1.1,18.6,17.8,14.3
2026-05-08T00:15:17Z,0,0,0,0,0,0,18.1,848.4,18.2,18.4,95,261,253,0,0,83,0,0,18.6,17.8,14.3
2026-05-08T00:30:23Z,0,0,0,0,0,0,18.1,848.2,18.2,18.5,95,260,253,0,0,83,0.4,0.4,18.6,17.8,14.3
2026-05-08T00:45:30Z,0,0,0,0,0,0,18,848.3,18.2,18.4,94.9,259,253,0,0,83,0,0,18.6,17.8,14.3
2026-05-08T01:00:37Z,0,0,0,0,0,0,18,848.4,18.1,18.4,94.8,260,254,0,0,83,0,0,18.5,17.7,14.2
2026-05-08T01:15:44Z,0,0,0,0,0,0,18.1,848.3,18.2,18.4,94.5,260,253,0,0,83,0,0,18.6,17.8,14.3
2026-05-08T01:31:06Z,0,0,0,0,0,0,18.1,848.3,18.2,18.5,94.3,260,253,0,0,83,0,0,18.6,17.8,14.3
2026-05-08T01:46:13Z,0,0,0,0,0,0,18,848.5,18.1,18.3,93.8,260,253,0,0,83,0,0,18.5,17.6,14.2
2026-05-08T02:01:20Z,0,0,0,0,0,0,18,848.5,18.1,18.3,94.2,261,253,0,0,83,0,0,18.5,17.6,14.2
2026-05-08T02:16:27Z,0,0,0,0,0,0,17.9,848.7,18,18.2,93.5,261,254,0,0,83,0,0,18.4,17.4,14.1
2026-05-08T02:31:34Z,0,0,0,0,0,0,17.9,848.9,18,18.2,93.9,260,253,0,0.3,83,0.7,0.7,18.4,17.5,14.1
2026-05-08T02:46:41Z,0,0,0,0,0,0,17.7,848.8,17.9,18.1,94.4,260,254,0,0.3,83,0.7,0.7,18.3,17.4,14
2026-05-08T03:02:08Z,0,0,0,0,0,0,17.5,848.9,17.7,17.8,94.8,260,253,0,0,83,0.2,0.2,18,17.2,13.7
2026-05-08T03:17:15Z,0,0,0,0,0,0,17.6,848.8,17.7,17.9,95.4,260,260,0,0.1,83,0.7,0.7,18,17.3,13.8
2026-05-08T03:32:22Z,0,0,0,0.1,0,0,17.5,849.1,17.6,17.8,95.1,265,308,0,0,83,0,0,18,17.2,13.7
2026-05-08T03:47:29Z,0,0,0,0.1,0,0,17.6,849.3,17.7,17.9,94.7,276,430,0,0,83,0,0,18,17.2,13.8
2026-05-08T04:02:36Z,0,0,0,0.2,0,0,17.8,849.6,17.9,18.1,94.4,288,579,0,0,83,0.2,0.2,18.3,17.4,14
2026-05-08T04:17:43Z,0,0,0,0.5,0,0,18.1,849.7,18.3,18.5,92.9,344,1260,0,0,83,0.2,0.2,18.6,17.6,14.3
2026-05-08T04:32:51Z,0,0,0,0.4,0,0,18.5,849.8,18.7,18.8,90.2,331,1030,0,0.1,83,0.7,0.7,19,17.6,14.6
2026-05-08T04:48:12Z,0,0,0,0.6,0,0,18.6,850,18.8,18.9,90.6,364,1350,0,0.6,83,1.1,1.1,19.1,17.8,14.7
2026-05-08T05:03:32Z,0,0,0,0.9,0,0,19.4,850,19.9,19.6,88,425,2001,0,0.7,83,1.7,1.7,19.7,18.1,15.3
2026-05-08T05:18:38Z,0,0,0,0.7,0,0,20,850.1,20.6,20,86.4,393,1646,0,0.6,83,1.3,1.3,20.2,18.4,15.7
2026-05-08T05:33:45Z,0,0,0,0.7,0,0,19.9,850.2,20.5,20.1,85,387,1536,0,0.4,83,2.2,2.2,20.3,18.3,15.8
2026-05-08T05:48:52Z,0,0,0,0.9,0,0,19.5,850.1,20,19.9,86.5,434,2071,0,0.4,83,1.1,1.1,20.1,18.2,15.6
2026-05-08T06:04:14Z,0,0,0,1.1,0,0,19.8,850.3,20.2,20.2,85,461,2348,0,0.7,83,2,2,20.4,18.4,15.9
2026-05-08T06:19:20Z,0,0,0,1.5,0,0,20.2,850.4,20.8,20.6,81.5,533,3057,0,1.3,82,2.6,2.6,20.8,18.3,16.2
2026-05-08T06:34:27Z,0,0,0,2.3,0,0,20.9,850.5,21.5,21.1,81.9,689,4771,0,0.2,83,0.9,0.9,21.3,18.9,16.7
2026-05-08T06:49:34Z,0,0,0,1.6,0,0,22.2,850.3,22.8,22.5,74.8,554,3307,0,0.2,83,0.7,0.7,22.6,19.3,17.8
2026-05-08T07:04:40Z,0,0,0,3.2,0,0,22.6,850.2,23.5,22.9,71.6,846,6516,0,0.8,83,1.5,1.5,23,19.2,18.2
2026-05-08T07:19:47Z,0,0,0,1.5,0,0,22.9,850.2,23.8,23.3,69.6,537,3209,0,0.8,83,1.5,1.5,23.4,19.3,18.5
2026-05-08T07:34:54Z,0,0,0,1,0,0,23.5,850.2,23.5,23.6,69,438,2202,0,0,83,0,0,23.7,19.5,18.7
2026-05-08T07:50:18Z,0,0,0,2.1,0,0,22.4,850,23,22.9,68.7,644,4268,0,0.4,83,0.9,0.9,23,18.8,18.1
2026-05-08T08:05:24Z,0,0,0,4.5,0,0,23.9,849.9,24.6,23.7,67.6,1099,9224,0,0.8,83,1.3,1.3,23.8,19.4,18.8
2026-05-08T08:20:31Z,0,0,0,1.4,0,0,24.7,849.7,25.4,24.9,64.8,523,2965,0,0.6,83,1.7,1.7,25,20.1,19.8
2026-05-08T08:35:37Z,0,0,0,3.6,0,0,23.7,849.6,24.5,23.7,66,928,7345,0,0.9,83,1.5,1.5,23.8,19.2,18.8
2026-05-08T08:50:43Z,0,0,0,3.6,0,0,25.3,849.4,25.7,25.8,61.4,922,7177,0,0,83,0.2,0.2,26,20.5,20.5
2026-05-08T09:05:49Z,0,0,0,4.1,0,0,25.6,849.2,26.1,26.2,57.5,1030,8370,0,0.8,83,2.2,2.2,26.3,20.2,20.8
2026-05-08T09:20:56Z,0,0,0,4.5,0,0,25.5,849.1,25.9,25.7,58.5,1095,9143,0,0,83,0.2,0.2,25.8,19.9,20.4
2026-05-08T09:36:21Z,0,0,0,4.2,0,0,25.3,848.7,25.8,26,60.2,1039,8450,0,0.2,83,1.4,1.4,26.1,20.4,20.6
2026-05-08T09:51:27Z,0,0,0,1.6,0,0,25,848.5,25.7,25.5,59,564,3204,0,0.1,83,0.7,0.7,25.5,19.8,20.2
2026-05-08T10:06:34Z,0,0,0,4,0,0,26.2,848.2,26.8,26.7,55.7,1008,8080,0,0.3,82,1.3,1.3,27.5,20.4,21.6
2026-05-08T10:21:40Z,0,0,0,3.9,0,0,26.2,847.8,26.9,26.6,55.7,989,7880,0,0.8,173,1.3,1.3,27.4,20.3,21.6
2026-05-08T10:36:47Z,0,0,0,4,0,0,26.7,847.6,27.4,27.5,50.6,996,7930,0,0.6,171,1.6,1.6,28,20.3,22
2026-05-08T10:51:53Z,0,0,0,1.1,0,0,26.9,847.3,27.8,27.4,51.9,469,2169,0,0.1,191,0.4,0.4,28,20.4,22
2026-05-08T11:07:00Z,0,0,0,3.7,0,0,25.8,847.2,26.3,26.1,55.2,943,7476,0,0.9,176,1.5,1.5,26.2,19.8,20.7
2026-05-08T11:22:24Z,0,0,0,3.6,0,0,26.8,846.9,27.4,27,51.8,925,7213,0,0.3,183,1.3,1.3,27.5,20,21.7
2026-05-08T11:37:30Z,0,0,0,0.6,0,0,26.5,846.8,27.4,27.1,49.1,373,1301,0,1.2,181,2.4,2.4,27.5,19.7,21.6
2026-05-08T11:52:37Z,0,0,0,3.1,0,0,27.2,846.4,27.6,28,50,832,6200,0,0.2,182,0.9,0.9,28.5,20.6,22.4
2026-05-08T12:07:44Z,0,0,0,0.6,0,0,26.5,846.3,27.2,27.2,51.8,362,1184,0,0.5,169,1.3,1.3,27.8,20.2,21.8
2026-05-08T12:22:50Z,0,0,0,2.7,0,0,25.9,846.1,26.4,26.3,55.2,762,5580,0,0.1,80,1.1,1.1,26.3,19.9,20.8
2026-05-08T12:37:56Z,0,0,0,0.6,0,0,26.4,846.2,26.9,27.3,52.7,359,1167,0,0.6,80,1.5,1.5,27.9,20.4,21.9
2026-05-08T12:53:04Z,0,0,0,0.4,0,0,25.1,846.2,25.4,25.7,61.5,328,848,0,0.2,116,1.3,1.3,25.8,20.4,20.4
2026-05-08T13:08:27Z,0,0,0,1.6,0,0,25.5,846,25.9,26.3,60.6,555,3384,0,0.2,90,1.5,1.5,26.4,20.7,20.8
2026-05-08T13:23:33Z,0,0,0,0.4,0,0,24.7,846.2,24.8,25.2,63.6,330,896,0,0,88,0,0,25.4,20.2,20
2026-05-08T13:38:39Z,0,0,0,0.2,0,0,24.2,846.2,24.3,24.6,65.1,286,487,0,0,89,0.2,0.2,24.8,19.9,19.6
2026-05-08T13:54:37Z,0,0,0,0.1,0,0,22.6,846.4,23.1,23.1,73.9,268,329,0,0.7,183,3.1,3.1,23.3,19.7,18.4
2026-05-08T14:09:44Z,0.2,0,5.4,0.1,0,0,19.3,846.8,19.5,19.2,89.3,273,379,0,0.2,225,0.4,0.4,19.4,17.9,15
2026-05-08T14:24:50Z,0,0,7.2,0.1,0,0,18.2,847.2,18.4,18.3,92.6,274,364,0,0,322,0.2,0.2,18.4,17.4,14.1
2026-05-08T14:39:57Z,0,0,7.4,0.1,0,0,17.8,847.2,18,18,94,273,364,0,0.1,339,0.4,0.4,18.1,17.3,13.8
2026-05-08T14:55:04Z,0,0,7.4,0.1,0,0,17.4,847.4,17.6,17.7,94.7,270,354,0,1,243,2,2,17.8,17.1,13.6
2026-05-08T15:10:11Z,0,0,7.4,0,0,0,17.8,847.5,18.1,18.2,93.2,264,296,0,1.6,253,2.6,2.6,18.3,17.3,14
2026-05-08T15:25:35Z,0,0,7.4,0,0,0,17.6,847.6,17.9,17.9,91.4,260,259,0,1.1,254,1.7,1.7,18,16.9,13.7
2026-05-08T15:40:42Z,0,0,7.4,0,0,0,17.4,848,17.7,17.8,92.5,261,253,0,0.1,212,0.7,0.7,17.9,16.9,13.6
2026-05-08T15:55:49Z,0,0,7.8,0,0,0,17.2,848.2,17.4,17.6,93.2,260,252,0,0.1,13,0.4,0.4,17.7,16.8,13.4
2026-05-08T16:10:56Z,0,0,8.4,0,0,0,16.9,848.3,16.9,17.2,94.2,260,254,0,0.2,353,0.7,0.7,17.3,16.5,13.1
2026-05-08T16:26:03Z,0,0,8.6,0,0,0,16.8,848.4,16.9,17.2,94.7,260,253,0,0,51,0,0,17.3,16.5,13
2026-05-08T16:41:09Z,0,0,8.6,0,0,0,16.9,848.5,17,17.3,95.1,260,253,0,0.1,19,0.4,0.4,17.4,16.7,13.2
2026-05-08T16:56:32Z,0,0,8.6,0,0,0,16.8,848.6,16.9,17.2,94.9,261,255,0,0.1,0,0.4,0.4,17.3,16.6,13.1
2026-05-08T17:11:38Z,0,0,8.6,0,0,0,16.8,848.8,17,17.2,95,260,254,0,0,68,0,0,17.3,16.6,13.1
2026-05-08T17:26:45Z,0.2,0,11,0,0,0,16.8,848.8,16.9,17.2,95.8,260,253,0,0.1,69,0.4,0.4,17.3,16.7,13.1
2026-05-08T17:41:51Z,0,0,11.2,0,0,0,16.7,848.8,16.8,17,96.3,260,253,0,0,68,0,0,17.2,16.6,12.9
2026-05-08T17:56:58Z,0,0,11.2,0,0,0,16.7,848.9,16.8,17.1,96.5,261,253,0,0,68,0,0,17.2,16.7,13
2026-05-08T18:12:41Z,0,0,11.2,0,0,0,16.8,849.1,16.9,17.2,96.8,260,253,0,0,68,0.2,0.2,17.4,16.8,13.1
2026-05-08T18:27:48Z,0,0,11.2,0,0,0,16.7,849.4,16.8,17,96.7,260,254,0,0,68,0,0,17.1,16.6,12.9
2026-05-08T18:42:55Z,0,0,11.2,0,0,0,16.7,849.5,16.8,17.1,96.8,260,254,0,0,68,0,0,17.2,16.7,13
2026-05-08T18:58:01Z,0,0,11.2,0,0,0,17,849.8,17.1,17.3,96.9,260,253,0,0,68,0,0,17.4,16.9,13.2
2026-05-08T19:13:08Z,0,0,11.2,0,0,0,17.1,849.6,17.2,17.5,96.9,260,254,0,0,131,0,0,17.7,17.1,13.4
2026-05-08T19:28:40Z,0,0,11.2,0,0,0,17.2,849.8,17.3,17.5,96.9,260,254,0,0,131,0,0,17.7,17.1,13.4
2026-05-08T19:43:47Z,0,0,11.2,0,0,0,17.2,849.8,17.2,17.5,96.9,260,253,0,0,131,0,0,17.7,17.2,13.5
2026-05-08T19:58:54Z,0,0,11.2,0,0,0,17.2,849.7,17.2,17.5,97,261,254,0,0,131,0,0,17.7,17.2,13.5
2026-05-08T20:14:01Z,0,0,11.2,0,0,0,17.2,849.8,17.2,17.5,97,260,253,0,0,131,0,0,17.6,17.1,13.4
2026-05-08T20:29:08Z,0,0,11.2,0,0,0,17.1,849.6,17.2,17.5,97.1,260,254,0,0,131,0,0,17.6,17.1,13.4
2026-05-08T20:44:14Z,0,0,11.2,0,0,0,17.1,849.5,17.2,17.4,97.2,260,253,0,0,131,0,0,17.6,17.1,13.3
2026-05-08T20:59:40Z,0,0,11.2,0,0,0,17.3,849.7,17.4,17.6,97.2,260,253,0,0,131,0,0,17.8,17.3,13.5
2026-05-08T21:14:47Z,0,0,11.2,0,0,0,17.2,849.5,17.3,17.5,97.3,262,254,0,0,131,0.2,0.2,17.7,17.2,13.5
2026-05-08T21:29:54Z,0,0,11.2,0,0,0,17.4,849.4,17.4,17.7,97.3,259,252,0,0,131,0,0,17.9,17.3,13.6
2026-05-08T21:45:02Z,0,0,11.2,0,0,0,17.1,849.3,17.2,17.4,97.2,260,254,0,0,131,0,0,17.6,17.1,13.3
2026-05-08T22:00:09Z,0,0,11.2,0,0,0,17.2,849.3,17.4,17.6,97.1,260,254,0,0,131,0,0,17.8,17.2,13.5
2026-05-08T22:15:16Z,0,0,11.4,0,0,0,17.2,849.2,17.2,17.5,97,259,254,0,0,131,0,0,17.7,17.1,13.4
2026-05-08T22:30:43Z,0,0,11.4,0,0,0,17.3,849.1,17.4,17.6,97.1,259,253,0,0,131,0,0,17.7,17.2,13.5
2026-05-08T22:45:50Z,0,0,11.4,0,0,0,17.2,848.9,17.3,17.6,97.1,261,254,0,0,132,0,0,17.7,17.2,13.5
2026-05-08T23:00:57Z,0,0,11.4,0,0,0,17.3,848.8,17.4,17.6,97.2,259,253,0,0,131,0,0,17.8,17.3,13.5
2026-05-08T23:16:04Z,0,0,11.4,0,0,0,17.4,848.7,17.5,17.7,97.2,260,253,0,0,131,0.2,0.2,17.9,17.4,13.6
2026-05-08T23:31:11Z,0,0,11.4,0,0,0,17.3,848.7,17.4,17.6,97.1,260,253,0,0,131,0,0,17.8,17.3,13.5
2026-05-08T23:46:18Z,0,0,11.4,0,0,0,17.3,848.5,17.4,17.6,97,261,253,0,0.6,131,1.3,1.3,17.8,17.2,13.5
2026-05-09T00:00:24Z,0,0,11.4,0,0,0,17.3,848.7,17.5,17.7,96.8,259,255,0,0,132,0,0,17.9,17.3,13.6
2026-05-09T00:15:47Z,0,0,11.4,0,0,0,17.4,848.6,17.5,17.7,96.8,262,253,0,0,132,0.2,0.2,17.9,17.3,13.6
2026-05-09T00:30:54Z,0,0,11.4,0,0,0,17.4,848.7,17.5,17.7,96.8,262,253,0,0,132,0.2,0.2,17.9,17.3,13.6
2026-05-09T00:46:01Z,0,0,11.4,0,0,0,17.4,848.8,17.6,17.8,96.8,260,253,0,0,132,0,0,18,17.4,13.7
2026-05-09T01:01:08Z,0,0,11.4,0,0,0,17.4,848.8,17.6,17.8,96.9,259,253,0,0,132,0,0,18,17.4,13.7
2026-05-09T01:16:57Z,0,0,11.4,0,0,0,17.4,848.9,17.5,17.7,97,261,254,0,0,132,0,0,17.9,17.4,13.6
2026-05-09T01:32:03Z,0,0,11.4,0,0,0,17.4,849,17.5,17.7,97,261,253,0,0,132,0,0,17.9,17.4,13.6
2026-05-09T01:47:11Z,0,0,11.4,0,0,0,17.4,849,17.4,17.7,97,259,254,0,0.1,132,0.4,0.4,17.9,17.3,13.6
2026-05-09T02:02:17Z,0,0,11.4,0,0,0,17.3,849,17.4,17.7,97.1,261,253,0,0,132,0,0,17.9,17.3,13.6
2026-05-09T02:17:24Z,0,0,11.4,0,0,0,17.4,849.1,17.6,17.8,97.1,261,253,0,0,132,0.2,0.2,17.9,17.4,13.7
2026-05-09T02:33:01Z,0,0,11.4,0,0,0,17.3,849.2,17.5,17.7,96.9,260,253,0,0,132,0,0,17.9,17.3,13.6
2026-05-09T02:48:07Z,0,0,11.4,0,0,0,17.4,849.4,17.6,17.7,96.9,260,253,0,0,132,0,0,17.9,17.4,13.6
2026-05-09T03:03:14Z,0,0,11.4,0,0,0,17.4,849.4,17.5,17.7,96.9,261,254,0,0.1,132,0.7,0.7,17.9,17.4,13.6
2026-05-09T03:18:57Z,0,0,11.4,0,0,0,17.5,849.5,17.6,17.8,97,262,265,0,0.1,132,0.7,0.7,18,17.4,13.7
2026-05-09T03:34:03Z,0,0,11.4,0,0,0,17.4,849.5,17.6,17.8,96.9,264,302,0,0.2,76,0.4,0.4,18,17.4,13.7
2026-05-09T03:49:34Z,0,0,11.4,0,0,0,17.5,849.7,17.6,17.8,96.9,265,309,0,0.4,90,0.9,0.9,18,17.5,13.7
2026-05-09T04:05:14Z,0,0,11.4,0.1,0,0,17.5,850,17.6,17.8,96.8,271,365,0,0.1,118,1.1,1.1,18,17.4,13.7
2026-05-09T04:20:16Z,0,0,11.4,0.2,0,0,17.5,850.1,17.6,17.8,96.8,300,663,0,0.2,83,0.9,0.9,18,17.4,13.7
2026-05-09T04:35:27Z,0,0,11.4,0.4,0,0,17.5,850.3,17.7,17.9,96.5,333,1007,0,0.3,75,0.9,0.9,18,17.4,13.8
2026-05-09T04:50:33Z,0,0,11.4,0.7,0,0,18.1,850.5,18.4,18.5,96.1,389,1645,0,0,75,0,0,18.7,18,14.3
2026-05-09T05:06:01Z,0,0,11.4,0.5,0,0,18.6,850.7,18.8,18.9,93.7,349,1233,0,0,76,0,0,19.1,18.2,14.8
2026-05-09T05:21:07Z,0,0,11.4,0.5,0,0,18.4,850.6,18.6,18.8,92.2,343,1134,0,0,116,0.4,0.4,19,17.8,14.6
2026-05-09T05:36:08Z,0,0,11.4,0.6,0,0,18.8,850.6,19.1,19.2,91.3,364,1333,0,0,97,0,0,19.4,18.2,15
2026-05-09T05:51:14Z,0,0,11.4,0.6,0,0,19,850.7,19.1,19.4,89.8,361,1300,0,0,107,0,0,19.6,18.2,15.2
2026-05-09T06:06:20Z,0,0,0,1,11.4,0,20,850.8,20.2,20.2,87.2,452,2311,0,0.1,122,0.7,0.7,20.4,18.6,15.9
2026-05-09T06:21:26Z,0,0,0,1.9,11.4,0,20.1,850.8,20.6,20.5,85.6,618,3991,0,0.1,182,0.4,0.4,20.7,18.7,16.1
2026-05-09T06:36:33Z,0,0,0,0.7,11.4,0,22.3,850.6,22.8,22.4,78.5,392,1419,0,0.2,103,0.4,0.4,22.6,19.7,17.8
2026-05-09T06:51:40Z,0,0,0,3.1,11.4,0,22.6,850.6,23,23,71.8,835,6488,0,0,113,0.4,0.4,23.2,19.4,18.3
2026-05-09T07:07:02Z,0,0,0,3.2,11.4,0,23.3,850.5,23.9,23.6,70.9,856,6498,0,0,113,0,0,23.7,19.8,18.8
2026-05-09T07:22:09Z,0,0,0,1.4,11.4,0,22.8,850.5,23,23.2,71.7,523,2910,0,0.3,113,0.7,0.7,23.3,19.5,18.4
2026-05-09T07:37:16Z,0,0,0,3,11.4,0,23.6,850.4,24.2,24.1,68.1,819,6076,0,0.5,176,1.5,1.5,24.2,19.8,19.1
2026-05-09T07:52:22Z,0,0,0,1.5,11.4,0,23.4,850.4,24.4,24.1,68.9,531,3042,0,0,167,0,0,24.2,19.9,19.1
2026-05-09T08:07:29Z,0,0,0,3,11.4,0,23.8,850.4,24.6,24.5,70.1,813,6043,0,0,158,0,0,24.6,20.5,19.5
2026-05-09T08:22:35Z,0,0,0,2.1,11.4,0,24.7,850.2,25.1,25.4,65.8,644,4304,0,0.1,114,0.4,0.4,25.5,20.7,20.2
2026-05-09T08:37:42Z,0,0,0,1.6,11.4,0,22.4,850.1,22.9,23,71.8,554,3342,0,0.5,101,1.7,1.7,23.2,19.3,18.3
2026-05-09T08:53:06Z,0,0,0,5.7,11.4,0,23.5,850.1,23.8,24.1,70.4,1316,11611,0,0.7,88,1.3,1.3,24.2,20.1,19.2
2026-05-09T09:08:13Z,0,0,0,2.2,11.4,0,23.8,849.9,24.4,24.5,68.3,671,4577,0,0,127,0,0,24.6,20.2,19.4
2026-05-09T09:23:20Z,0,0,0,2.3,11.4,0,24.6,849.7,25.1,25.2,65.9,678,4583,0,0,169,0.4,0.4,25.3,20.5,20
2026-05-09T09:38:26Z,0,0,0,2,11.4,0,25.3,849.4,25.6,25.9,65.8,632,4059,0,0,169,0,0,26,21.1,20.6
2026-05-09T09:53:33Z,0,0,0,4.1,11.4,0,25.5,849,26.2,26.1,62,1023,8180,0,0.7,134,1.3,1.3,26.3,20.8,20.8
2026-05-09T10:08:39Z,0,0,0,4.1,11.4,0,24.5,848.7,24.8,25.3,64.4,1024,8244,0,0.6,83,1.3,1.3,25.5,20.5,20.1
2026-05-09T10:23:46Z,0,0,0,4.3,11.4,0,25.6,848.6,26.1,26.3,61.1,1064,8711,0,0.4,130,1.1,1.1,26.5,20.9,20.9
2026-05-09T10:39:10Z,0,0,0,1.1,11.4,0,25.3,848.2,25.9,25.7,63.1,459,2250,0,0.4,183,1.1,1.1,25.8,20.6,20.4
2026-05-09T10:54:17Z,0,0,0,1.6,11.4,0,24.6,847.9,25.4,25.3,62.1,550,2983,0,0.9,184,2,2,25.4,20.1,20.1
2026-05-09T11:09:24Z,0,0,0,3.7,11.4,0,25.7,847.7,26.2,26.4,60.5,946,7419,0,0.5,123,1.5,1.5,26.6,20.9,21
2026-05-09T11:24:30Z,0,0,0,3.7,11.4,0,25.8,847.4,26.2,26.1,59.8,938,7386,0,0.1,170,0.2,0.2,26.2,20.5,20.7
2026-05-09T11:40:10Z,0,0,0,0.7,11.4,0,26,847.3,26.5,26.8,60.5,389,1460,0,0,170,0,0,27.9,21.2,21.9
2026-05-09T11:55:34Z,0,0,0,3.2,11.4,0,25.7,847.1,26.2,26.5,58.7,844,6405,0,0.7,123,1.7,1.7,26.7,20.7,21
2026-05-09T12:10:40Z,0,0,0,0.9,11.4,0,26.7,846.8,27.3,27.7,56.8,431,1925,0,0.4,201,1.3,1.3,28.7,21.4,22.5
2026-05-09T12:25:47Z,0,0,0,0.5,11.4,0,24.7,846.7,25.2,25.4,60.5,353,1063,0,0,168,0.4,0.4,25.5,20,20.2
2026-05-09T12:41:35Z,0,0,0,2.2,11.4,0,25,846.6,25.4,25.6,62.7,672,4580,0,0.3,186,2,2,25.7,20.4,20.3
2026-05-09T12:56:41Z,0,0,0,2.1,11.4,0,26.2,846.6,26.9,27.3,58.6,647,4354,0,0.4,139,1.5,1.5,28.3,21.3,22.3
2026-05-09T13:11:48Z,0,0,0,2.2,11.4,0,26.6,846.6,26.7,28.2,55,677,4816,0,1,75,2.8,2.8,29.1,21.5,22.8
2026-05-09T13:26:54Z,0,0,0,0.3,11.4,0,24.5,846.6,25.1,25.3,65.9,307,697,0,0,161,0,0,25.5,20.7,20.1
2026-05-09T13:42:00Z,0,0,0,0.3,11.4,0,23.1,846.8,23.4,23.6,69.4,309,722,0,0.7,94,1.7,1.7,23.7,19.6,18.7
2026-05-09T13:57:07Z,0,0,0,0.3,11.4,0,23.1,846.9,23.3,23.5,71.2,319,828,0,0.1,124,0.7,0.7,23.6,19.7,18.7
2026-05-09T14:12:13Z,0,0,0,0.3,11.4,0,22.9,847,23.1,23.3,71.6,311,734,0,0.6,119,2.2,2.2,23.4,19.6,18.5
2026-05-09T14:27:20Z,0,0,0,0.3,11.4,0,22.6,847.1,22.8,23,73.1,305,669,0,0.3,121,1.1,1.1,23.2,19.5,18.3
2026-05-09T14:42:41Z,0,0,0,0.2,11.4,0,22.3,847.3,22.5,22.7,74,289,524,0,0.1,122,0.7,0.7,22.9,19.4,18
2026-05-09T14:57:48Z,0,0,0.4,0.1,11.4,0,22,847.5,22.2,22.4,75.4,278,403,0,0,123,0,0,22.5,19.2,17.7
2026-05-09T15:12:55Z,0,0,0.4,0.1,11.4,0,21.7,847.8,21.8,22,77.2,269,337,0,0.1,112,0.9,0.9,22.2,19.1,17.5
2026-05-09T15:28:02Z,0,0,0.4,0,11.4,0,21.4,847.9,21.5,21.7,78.2,262,270,0,0,90,0,0,21.9,19,17.2
2026-05-09T15:43:08Z,0,0,0.4,0,11.4,0,20.9,848,20.9,21.2,80.8,261,255,0,0,90,0,0,21.4,18.8,16.8
2026-05-09T15:58:15Z,0,0,0.4,0,11.4,0,20.5,847.9,20.6,20.8,82.8,260,252,0,0,103,0,0,21,18.7,16.4
2026-05-09T16:13:22Z,0,0,0.4,0,11.4,0,20.3,848,20.4,20.6,83.4,260,254,0,0,103,0,0,20.7,18.5,16.2
2026-05-09T16:28:46Z,0,0,0.4,0,11.4,0,20.1,848.2,20.2,20.4,83.3,260,253,0,0.1,111,0.5,0.5,20.6,18.4,16.1
2026-05-09T16:43:49Z,0,0,0.4,0,11.4,0,19.8,848.4,19.9,20.1,84.4,259,252,0,0,111,0,0,20.3,18.2,15.8
2026-05-09T16:58:56Z,0,0,0.4,0,11.4,0,19.7,848.7,19.8,20,84.9,260,254,0,0,101,0,0,20.1,18.1,15.7
2026-05-09T17:14:03Z,0,0,0.4,0,11.4,0,19.4,848.8,19.6,19.7,86.7,260,255,0,0,101,0,0,19.9,18.1,15.4
2026-05-09T17:29:10Z,0,0,0.4,0,11.4,0,19.1,849.1,19.2,19.4,88.3,260,253,0,0,101,0,0,19.5,17.9,15.1
2026-05-09T17:44:16Z,0,0,0.4,0,11.4,0,18.9,849.5,19.1,19.3,88.5,261,253,0,0,101,0,0,19.4,17.9,15.1
2026-05-09T17:59:23Z,0,0,0.4,0,11.4,0,18.8,849.8,18.9,19.1,89.2,260,253,0,0.1,87,0.7,0.7,19.2,17.8,14.9
2026-05-09T18:14:50Z,0,0,0.4,0,11.4,0,19,849.8,19.1,19.3,88,260,254,0,0,113,0,0,19.4,17.8,15.1
2026-05-09T18:29:57Z,0,0,0.4,0,11.4,0,19,849.8,19.2,19.3,87.9,260,254,0,0,113,0.2,0.2,19.5,17.8,15.1
2026-05-09T18:45:04Z,0,0,0.4,0,11.4,0,18.9,849.9,19.1,19.2,88.4,260,252,0,0,113,0,0,19.4,17.8,15
2026-05-09T19:00:10Z,0,0,0.4,0,11.4,0,18.8,850.2,18.9,19.2,89.4,259,255,0,0,113,0,0,19.3,17.9,14.9
2026-05-09T19:15:17Z,0,0,0.4,0,11.4,0,18.9,850.2,19.1,19.3,89.7,259,254,0,0,113,0,0,19.4,18,15
2026-05-09T19:30:25Z,0,0,0.4,0,11.4,0,19.1,850.3,19.3,19.5,89.5,260,254,0,0,113,0.2,0.2,19.7,18.2,15.3
2026-05-09T19:45:32Z,0,0,0.4,0,11.4,0,19.1,850.2,19.2,19.5,89.1,260,253,0,0,79,0,0,19.7,18.2,15.3
2026-05-09T20:00:54Z,0,0,0.4,0,11.4,0,18.9,850.1,18.9,19.1,89.6,261,253,0,0,79,0,0,19.3,17.9,14.9
2026-05-09T20:16:00Z,0,0,0.4,0,11.4,0,18.6,850.1,18.6,18.8,90.9,262,253,0,0,78,0,0,19,17.7,14.6
2026-05-09T20:31:07Z,0,0,0.4,0,11.4,0,18.4,849.9,18.5,18.7,91.5,259,254,0,0,78,0,0,18.9,17.7,14.5
2026-05-09T20:46:15Z,0,0,0.4,0,11.4,0,18.3,849.9,18.4,18.6,91.8,259,253,0,0,78,0,0,18.7,17.6,14.4
2026-05-09T21:01:22Z,0,0,0.4,0,11.4,0,18.1,849.9,18.3,18.5,92.2,258,254,0,0.1,56,0.7,0.7,18.6,17.5,14.3
2026-05-09T21:16:29Z,0,0,0.4,0,11.4,0,18.1,849.7,18.2,18.4,91.3,259,254,0,0.3,90,1.5,1.5,18.6,17.4,14.2
2026-05-09T21:31:36Z,0,0,0.4,0,11.4,0,18.2,849.7,18.4,18.5,91.2,260,252,0,0,77,0,0,18.6,17.4,14.3
2026-05-09T21:46:58Z,0,0,0.4,0,11.4,0,18.5,849.5,18.6,18.8,88.4,260,252,0,0.2,125,0.4,0.4,18.9,17.4,14.6
2026-05-09T22:02:04Z,0,0,0.4,0,11.4,0,18.3,849.5,18.5,18.6,86.9,261,253,0,0.1,163,0.7,0.7,18.7,17.1,14.4
2026-05-09T22:17:12Z,0,0,0.4,0,11.4,0,18.1,849.5,18.2,18.5,87.5,260,253,0,0.4,107,1.5,1.5,18.5,16.9,14.2
2026-05-09T22:32:19Z,0,0,0.4,0,11.4,0,17.9,849.4,18,18.3,88.6,260,253,0,1.7,161,3.5,3.5,18.4,16.9,14.1
2026-05-09T22:47:26Z,0,0,0.4,0,11.4,0,17.4,849.3,17.6,17.8,90.4,260,254,0,0.2,170,0.9,0.9,17.9,16.6,13.6
2026-05-09T23:02:33Z,0,0,0.4,0,11.4,0,17.2,849.3,17.2,17.5,91.6,261,252,0,0.1,170,0.7,0.7,17.6,16.5,13.4
2026-05-09T23:17:40Z,0,0,0.4,0,11.4,0,17.1,849.2,17.2,17.5,92.1,261,253,0,0,170,0,0,17.6,16.6,13.4
2026-05-09T23:33:02Z,0,0,0.4,0,11.4,0,17.1,849.3,17.2,17.5,92.2,260,253,0,0,170,0.2,0.2,17.6,16.6,13.4
2026-05-09T23:48:09Z,0,0,0.4,0,11.4,0,17.1,849.3,17.2,17.4,92.3,259,253,0,0.2,170,0.4,0.4,17.5,16.5,13.3
2026-05-10T00:00:15Z,0,0,0.4,0,11.4,0,16.9,849.4,17,17.3,92.6,261,254,0,1,170,2,2,17.4,16.4,13.2
2026-05-10T00:15:22Z,0,0,0.4,0,11.4,0,16.8,849.4,16.9,17.1,93.3,260,254,0,0,170,0,0,17.2,16.3,13
2026-05-10T00:30:29Z,0,0,0.4,0,11.4,0,16.7,849.5,16.8,17,93.8,260,253,0,0.3,170,1.3,1.3,17.1,16.3,12.9
2026-05-10T00:45:36Z,0,0,0.4,0,11.4,0,16.6,849.5,16.8,17,94.2,261,254,0,0,170,0,0,17.1,16.3,12.8
2026-05-10T01:00:44Z,0,0,0.4,0,11.4,0,16.5,849.5,16.6,16.8,94.3,261,252,0,0,170,0,0,16.9,16.1,12.6
2026-05-10T01:16:05Z,0,0,0.4,0,11.4,0,16.2,849.4,16.3,16.5,94.4,261,254,0,0,170,0,0,16.6,15.8,12.4
2026-05-10T01:31:12Z,0,0,0.4,0,11.4,0,16.2,849.5,16.4,16.6,95.1,260,254,0,0,170,0,0,16.7,16,12.5
2026-05-10T01:46:19Z,0,0,0.4,0,11.4,0,16.3,849.7,16.3,16.6,94.7,260,253,0,0,170,0.2,0.2,16.7,16,12.5
2026-05-10T02:01:26Z,0,0,0.4,0,11.4,0,16.2,849.8,16.3,16.6,94.5,261,254,0,0.1,170,0.9,0.9,16.6,15.9,12.4
2026-05-10T02:16:33Z,0,0,0.4,0,11.4,0,16.1,849.9,16.3,16.5,94.6,260,253,0,0.2,170,0.7,0.7,16.6,15.9,12.4
2026-05-10T02:31:40Z,0,0,0.4,0,11.4,0,16.1,850.1,16.3,16.5,94.7,260,254,0,0,170,0.2,0.2,16.5,15.8,12.3
2026-05-10T02:47:18Z,0,0,0.4,0,11.4,0,16.2,850.1,16.3,16.5,94.9,259,253,0,0,170,0,0,16.6,15.9,12.4
2026-05-10T03:02:24Z,0,0,0.4,0,11.4,0,16.2,850.2,16.2,16.5,95.1,260,254,0,0.2,170,0.4,0.4,16.6,15.9,12.4
2026-05-10T03:17:31Z,0,0,0.4,0,11.4,0,16.2,850.3,16.3,16.6,95,262,265,0,0.2,170,0.9,0.9,16.7,16,12.5
2026-05-10T03:32:38Z,0,0,0.4,0.1,11.4,0,16.2,850.6,16.2,16.5,94.9,267,319,0,0,170,0.2,0.2,16.6,15.9,12.4
2026-05-10T03:47:45Z,0,0,0.4,0.1,11.4,0,16.1,850.6,16.3,16.5,94.9,278,393,0,0,170,0.2,0.2,16.6,15.9,12.4
2026-05-10T04:02:52Z,0,0,0.4,0.2,11.4,0,16.2,850.8,16.2,16.5,95,298,608,0,0,170,0.2,0.2,16.6,15.9,12.4
2026-05-10T04:18:14Z,0,0,0.4,0.3,11.4,0,16.6,851,16.7,16.9,95.1,322,872,0,0.5,170,1.5,1.5,17,16.3,12.8
2026-05-10T04:33:21Z,0,0,0.4,0.5,11.4,0,17,851.2,17.2,17.2,92.9,351,1186,0,0.2,170,0.7,0.7,17.3,16.4,13.1
2026-05-10T04:48:28Z,0,0,0.4,0.7,11.4,0,17.9,851.6,18,18,90.8,392,1695,0,0,170,0,0,18.1,16.9,13.8
2026-05-10T05:03:35Z,0,0,0.4,0.6,11.4,0,18.1,851.6,18.4,18.5,88.2,367,1380,0,0,170,0,0,18.6,17,14.2
2026-05-10T05:18:42Z,0,0,0.4,0.4,11.4,0,18.3,851.8,18.4,18.7,86.7,339,1073,0,0,170,0.2,0.2,18.8,17.1,14.5
2026-05-10T05:33:49Z,0,0,0.4,0.4,11.4,0,18.2,851.9,18.4,18.4,88,333,1057,0,0.2,129,0.7,0.7,18.5,16.9,14.2
2026-05-10T05:48:56Z,0,0,0.4,0.7,11.4,0,18,852.1,18.3,18.4,88.1,383,1561,0,0.4,140,1.1,1.1,18.4,16.9,14.1
2026-05-10T06:04:19Z,0,0,0,1,0.4,0,18.7,852.1,19.1,18.9,86.2,452,2230,0,0.1,164,0.4,0.4,19,17.3,14.7
2026-05-10T06:19:26Z,0,0,0,1.5,0.4,0,20,852.2,20.5,20.2,82,545,3277,0,0,164,0.2,0.2,20.4,18,15.9
2026-05-10T06:34:33Z,0,0,0,1.6,0.4,0,21.2,852.3,21.9,21.4,74.1,561,3390,0,0,254,0,0,21.5,18.1,16.9
2026-05-10T06:49:40Z,0,0,0,1,0.4,0,21.2,852.2,21.9,21.6,74.3,452,2280,0,0.1,168,0.4,0.4,21.7,18.4,17.1
2026-05-10T07:04:47Z,0,0,0,3.5,0.4,0,20.7,852.1,21.3,21,78,903,7283,0,0.6,225,1.3,1.3,21.1,18.3,16.6
2026-05-10T07:19:54Z,0,0,0,3.7,0.4,0,21.6,852,22.1,21.4,76.4,938,7495,0,0.2,200,0.9,0.9,21.5,18.4,16.9
2026-05-10T07:35:01Z,0,0,0,3.2,0.4,0,23.4,851.7,24.3,23.9,68.2,861,6700,0,0.2,156,1.6,1.6,24,19.7,19
2026-05-10T07:50:23Z,0,0,0,1.2,0.4,0,21.2,851.7,22.2,21.9,71.1,477,2519,0,0.1,157,1.5,1.5,22,18.2,17.3
2026-05-10T08:05:30Z,0,0,0,1.6,0.4,0,22,851.5,22.7,22.5,69,554,3226,0,0,157,0.2,0.2,22.5,18.5,17.8
2026-05-10T08:20:37Z,0,0,0,4.2,0.4,0,22.9,851.3,23.7,23.4,66.4,1046,8653,0,0.9,157,1.7,1.7,23.4,18.9,18.5
2026-05-10T08:35:44Z,0,0,0,2.8,0.4,0,24.2,851.1,24.9,24.5,62.8,775,5617,0,0.1,156,0.4,0.4,24.6,19.5,19.4
2026-05-10T08:50:50Z,0,0,0,4.3,0.4,0,24.1,850.8,24.8,24.5,61.1,1061,8879,0,0.7,121,1.7,1.7,24.5,19.2,19.4
2026-05-10T09:05:57Z,0,0,0,4.5,0.4,0,24.1,850.5,25,24.9,57.6,1101,9253,0,0.4,160,1.3,1.3,24.9,19,19.7
2026-05-10T09:21:04Z,0,0,0,1.8,0.4,0,24.1,850.3,24.9,24.6,59.7,597,3661,0,0.1,161,0.7,0.7,24.6,19.1,19.4
2026-05-10T09:36:26Z,0,0,0,0.9,0.4,0,23.1,850.1,23.4,23.4,63.1,424,1811,0,0.1,161,0.4,0.4,23.4,18.5,18.5
2026-05-10T09:51:33Z,0,0,0,4.3,0.4,0,24,850,24.5,24.1,64.8,1067,8885,0,0.5,208,1.3,1.3,24.2,19.3,19.1
2026-05-10T10:06:40Z,0,0,0,1,0.4,0,24.6,849.6,25,24.7,59.6,446,2043,0,0.9,161,2.4,2.4,24.7,19.2,19.5
2026-05-10T10:21:47Z,0,0,0,3.5,0.4,0,24.9,849.4,25.6,25.4,59,900,7037,0,0.3,173,1.1,1.1,25.4,19.7,20.1
2026-05-10T10:36:51Z,0,0,0,3.8,0.4,0,24.2,849.2,25,24.9,57.2,957,7676,0,0.5,185,1.3,1.3,24.9,19,19.7
2026-05-10T10:52:16Z,0,0,0,3.1,0.4,0,25,848.8,25.8,25.6,53.5,840,6291,0,1.5,167,3.1,3.1,25.6,19.1,20.2
2026-05-10T11:07:22Z,0,0,0,3.5,0.4,0,25.4,848.6,26.2,26,53.5,905,7072,0,0.1,133,0.9,0.9,26.1,19.4,20.6
2026-05-10T11:22:29Z,0,0,0,3.3,0.4,0,25.4,848.2,26.2,26.3,50,874,6731,0,0.9,182,2.6,2.6,26.3,19.1,20.7
2026-05-10T11:37:36Z,0,0,0,3.2,0.4,0,26.3,848.1,27.1,27.1,48.8,845,6412,0,0,159,0.4,0.4,27.4,19.6,21.6
2026-05-10T11:52:43Z,0,0,0,2.9,0.4,0,26,847.7,26.6,26.7,47.3,801,5961,0,0.2,118,0.7,0.7,26.7,19,21
2026-05-10T12:07:50Z,0,0,0,2,0.4,0,25.5,847.7,26.1,26.3,50,629,4013,0,0.7,193,1.7,1.7,26.3,19.1,20.7
2026-05-10T12:22:56Z,0,0,0,2.6,0.4,0,25.9,847.4,26.7,26.8,51.4,732,5319,0,0.5,173,1.1,1.1,27.3,19.8,21.5
2026-05-10T12:38:18Z,0,0,0,2.3,0.4,0,25.3,847.4,25.9,26,46.6,688,4826,0,0.4,129,1.5,1.5,25.9,18.3,20.5
2026-05-10T12:53:25Z,0,0,0,2.2,0.4,0,27.7,847.4,28.7,28.5,44.9,663,4546,0,0,129,0,0,28.6,20.2,22.4
2026-05-10T13:08:31Z,0,0,0,1.9,0.4,0,26.2,847.4,27.2,27.1,46.6,613,4069,0,0.3,168,0.7,0.7,27.3,19.2,21.5
2026-05-10T13:23:37Z,0,0,0,1.6,0.4,0,26.9,847.3,28,28.1,44.1,548,3336,0,0,168,0,0,28,19.6,22
2026-05-10T13:38:44Z,0,0,0,1.2,0.4,0,26.8,847.2,28,27.9,44.6,473,2493,0,0,197,0.2,0.2,27.9,19.6,21.9
2026-05-10T13:53:50Z,0,0,0,1.2,0.4,0,26.2,847.3,27.2,27.4,47.3,483,2754,0,0.1,125,0.7,0.7,27.6,19.6,21.8
2026-05-10T14:08:57Z,0,0,0,0.7,0.4,0,26.2,847.5,27.2,27.5,47.1,380,1533,0,0.2,122,0.9,0.9,27.7,19.7,21.8
2026-05-10T14:24:22Z,0,0,0,0.3,0.4,0,25.1,847.5,25.7,26.3,51.9,309,642,0,0.1,104,1.1,1.1,26.3,19.4,20.8
2026-05-10T14:39:28Z,0,0,0,0.2,0.4,0,23.8,847.8,24.1,24.4,58.9,301,619,0,0.4,142,1.7,1.7,24.4,18.8,19.3
2026-05-10T14:54:35Z,0,0,0,0.2,0.4,0,23.3,847.9,23.5,23.7,63.8,292,571,0,0.1,130,0.7,0.7,23.8,18.9,18.8
2026-05-10T15:09:41Z,0,0,0,0.1,0.4,0,22.9,848.1,23.1,23.3,65.7,274,376,0,0.5,175,2.4,2.4,23.4,18.8,18.4
2026-05-10T15:24:48Z,0,0,0,0,0.4,0,22.4,848.2,22.6,22.8,68.2,264,276,0,0.1,132,0.4,0.4,22.8,18.6,18
2026-05-10T15:39:55Z,0,0,0,0,0.4,0,22.1,848.3,22.2,22.4,69.6,261,257,0,0,132,0.2,0.2,22.4,18.5,17.7
2026-05-10T15:55:19Z,0,0,0,0,0.4,0,21.6,848.5,21.7,22,71.2,261,254,0,0,132,0,0,22,18.3,17.3
2026-05-10T16:10:26Z,0,0,0,0,0.4,0,21.3,848.7,21.4,21.7,71.8,260,253,0,0,132,0,0,21.7,18.1,17.1
2026-05-10T16:25:33Z,0,0,0,0,0.4,0,20.9,848.7,21.1,21.3,73.4,259,252,0,0,132,0,0,21.3,17.9,16.7
2026-05-10T16:40:39Z,0,0,0,0,0.4,0,20.6,848.9,20.7,20.9,74.9,261,254,0,0,132,0,0,21,17.8,16.4
2026-05-10T16:55:47Z,0,0,0,0,0.4,0,20.5,849,20.6,20.8,75.6,260,254,0,0,132,0,0,20.9,17.8,16.3
2026-05-10T17:10:54Z,0,0,0,0,0.4,0,20.5,849.2,20.7,20.8,75.8,261,254,0,0.1,132,1,1,20.9,17.8,16.4
2026-05-10T17:26:00Z,0,0,0,0,0.4,0,20.3,849.5,20.4,20.6,75.4,262,253,0,0,132,0,0,20.7,17.6,16.2
2026-05-10T17:41:43Z,0,0,0,0,0.4,0,20,849.6,20.2,20.3,74.5,260,252,0,0.1,132,0.7,0.7,20.3,17.2,15.9
2026-05-10T17:56:51Z,0,0,0,0,0.4,0,19.8,849.7,19.9,20.1,74.3,261,254,0,0,132,0,0,20.1,16.9,15.6
2026-05-10T18:11:57Z,0,0,0,0,0.4,0,19.7,850,19.9,19.9,74.4,260,253,0,0,132,0,0,19.9,16.8,15.5
2026-05-10T18:27:04Z,0,0,0,0,0.4,0,19.8,850.2,19.9,20,74.9,259,253,0,0,132,0,0,20,16.9,15.6
2026-05-10T18:42:28Z,0,0,0,0,0.4,0,19.6,850.4,19.8,20,78.9,261,253,0,0,132,0,0,20,17.3,15.6
2026-05-10T18:57:36Z,0,0,0,0,0.4,0,19.5,850.5,19.6,19.8,78.1,260,253,0,0,132,0,0,19.9,17.1,15.4
2026-05-10T19:12:43Z,0,0,0,0,0.4,0,20,850.6,20.1,20.2,72.1,260,253,0,0.1,123,1.1,1.1,20.2,16.7,15.7
2026-05-10T19:27:50Z,0,0,0,0,0.4,0,20,850.6,20.1,20.3,74,260,254,0,0,123,0,0,20.3,17.1,15.8
2026-05-10T19:42:57Z,0,0,0,0,0.4,0,19.7,850.6,19.8,20,74,260,252,0,0,123,0,0,20,16.8,15.5
2026-05-10T19:58:04Z,0,0,0,0,0.4,0,19.6,850.8,19.8,20,76.2,260,254,0,0,123,0.2,0.2,20,17,15.5
2026-05-10T20:13:32Z,0,0,0,0,0.4,0,20.1,850.8,20.2,20.5,73.9,259,253,0,0.1,135,0.7,0.7,20.5,17.2,16
2026-05-10T20:28:39Z,0,0,0,0,0.4,0,19.9,850.8,20.1,20.2,75.6,262,254,0,0.4,158,1.5,1.5,20.3,17.2,15.8
2026-05-10T20:43:46Z,0,0,0,0,0.4,0,19.4,850.7,19.6,19.8,78.4,260,254,0,0,187,0,0,19.8,17.1,15.4
2026-05-10T20:58:53Z,0,0,0,0,0.4,0,18.9,850.6,19.1,19.3,80.4,260,254,0,0.6,125,2,2,19.4,16.9,15
2026-05-10T21:14:00Z,0,0,0,0,0.4,0,18.6,850.6,18.8,19,82.1,260,253,0,0,120,0.4,0.4,19,16.8,14.7
2026-05-10T21:29:07Z,0,0,0,0,0.4,0,18.5,850.7,18.6,18.8,83.8,261,254,0,0.2,127,0.7,0.7,18.9,16.9,14.6
2026-05-10T21:44:14Z,0,0,0,0,0.4,0,18.3,850.6,18.4,18.7,84.7,259,253,0,0.2,131,0.9,0.9,18.8,16.8,14.4
2026-05-10T21:59:36Z,0,0,0,0,0.4,0,18,850.5,18.2,18.5,86.2,261,253,0,0.1,200,0.9,0.9,18.5,16.8,14.2
2026-05-10T22:14:43Z,0,0,0,0,0.4,0,17.8,850.6,18,18.2,87.1,260,254,0,0,168,0,0,18.3,16.7,14
2026-05-10T22:29:51Z,0,0,0,0,0.4,0,17.7,850.2,17.9,18.1,87.7,261,254,0,1.2,177,2.6,2.6,18.2,16.6,13.9
2026-05-10T22:44:58Z,0,0,0,0,0.4,0,17.5,850.4,17.6,17.9,88.7,260,252,0,0,160,0.2,0.2,18,16.5,13.7
2026-05-10T23:00:05Z,0,0,0,0,0.4,0,17.3,850.4,17.4,17.7,89.7,260,253,0,0.3,160,1.1,1.1,17.8,16.5,13.5
2026-05-10T23:15:12Z,0,0,0,0,0.4,0,17.2,850.4,17.3,17.5,90.5,260,254,0,0,160,0,0,17.6,16.4,13.4
2026-05-10T23:30:38Z,0,0,0,0,0.4,0,17.2,850.3,17.2,17.5,90.7,261,254,0,0,160,0.2,0.2,17.6,16.4,13.4
2026-05-10T23:45:45Z,0,0,0,0,0.4,0,17.3,850.2,17.3,17.6,90.6,259,253,0,0,160,0,0,17.7,16.5,13.4
2026-05-11T00:00:52Z,0,0,0,0,0.4,0,17.3,850,17.4,17.6,90.4,260,254,0,0.2,160,0.8,0.8,17.7,16.5,13.4
2026-05-11T00:16:00Z,0,0,0,0,0.4,0,17.2,849.9,17.2,17.5,90.7,259,253,0,0.1,160,0.2,0.2,17.6,16.4,13.4
2026-05-11T00:31:07Z,0,0,0,0,0.4,0,17.1,850,17.1,17.4,91.1,260,254,0,0,160,0,0,17.5,16.4,13.3
2026-05-11T00:46:14Z,0,0,0,0,0.4,0,17,850.1,17,17.4,91.5,262,252,0,0,160,0,0,17.4,16.3,13.2
2026-05-11T01:01:42Z,0,0,0,0,0.4,0,16.8,850.1,16.9,17.2,92.2,262,254,0,0,160,0,0,17.3,16.2,13
2026-05-11T01:16:49Z,0,0,0,0,0.4,0,16.6,850.1,16.6,16.8,93,261,254,0,0,160,0,0,16.9,16,12.7
2026-05-11T01:31:56Z,0,0,0,0,0.4,0,16.3,850.1,16.4,16.6,93.6,260,253,0,0,160,0,0,16.7,15.9,12.5
2026-05-11T01:47:04Z,0,0,0,0,0.4,0,16.2,850.3,16.4,16.6,94.1,260,253,0,0,160,0,0,16.7,15.9,12.5
2026-05-11T02:02:11Z,0,0,0,0,0.4,0,16.3,850.5,16.4,16.7,94.7,260,253,0,0,160,0,0,16.8,16,12.5
2026-05-11T02:17:19Z,0,0,0,0,0.4,0,16.5,850.6,16.7,16.9,95,261,252,0,0.1,160,0.4,0.4,17,16.3,12.8
2026-05-11T02:32:44Z,0,0,0,0,0.4,0,16.6,850.7,16.8,17,94.8,260,252,0,0,160,0,0,17.1,16.3,12.8
2026-05-11T02:47:51Z,0,0,0,0,0.4,0,16.7,850.8,16.8,17,94.5,261,254,0,0,160,0,0,17.2,16.4,12.9
2026-05-11T03:02:58Z,0,0,0,0,0.4,0,16.8,850.9,16.9,17.1,94.1,261,253,0,0.1,160,0.4,0.4,17.2,16.4,13
2026-05-11T03:18:06Z,0,0,0,0,0.4,0,16.8,851.1,16.9,17.2,93.8,261,257,0,0,160,0,0,17.3,16.4,13.1
2026-05-11T03:33:13Z,0,0,0,0,0.4,0,17,851.2,17,17.3,93.5,264,280,0,0.2,160,1.1,1.1,17.4,16.5,13.2
2026-05-11T03:48:20Z,0,0,0,0.1,0.4,0,17,851.4,17.2,17.4,93.3,277,422,0,0,160,0,0,17.5,16.6,13.3
2026-05-11T04:03:47Z,0,0,0,0.2,0.4,0,17.1,851.6,17.2,17.5,93.1,285,504,0,0,160,0,0,17.6,16.6,13.3
2026-05-11T04:18:55Z,0,0,0,0.2,0.4,0,17.3,851.8,17.4,17.6,92.2,301,665,0,0,160,0,0,17.7,16.7,13.5
2026-05-11T04:34:01Z,0,0,0,0.3,0.4,0,17.7,852,17.8,18,90.8,317,843,0,0,160,0,0,18.1,16.9,13.8
2026-05-11T04:49:07Z,0,0,0,0.5,0.4,0,18.4,852,18.4,18.5,87.9,352,1168,0,0,160,0.2,0.2,18.6,17.1,14.3
2026-05-11T05:04:14Z,0,0,0,0.4,0.4,0,20.3,851.9,20.6,19.6,85.1,326,782,0,0.2,160,0.4,0.4,19.7,17.7,15.3
2026-05-11T05:19:21Z,0,0,0,0.8,0.4,0,19.6,852.1,19.8,19.3,84.3,404,1739,0,0.4,247,0.9,0.9,19.4,17.4,15
2026-05-11T05:34:28Z,0,0,0,1.8,0.4,0,20.4,852.3,20.6,20.1,82.9,587,3837,0,0,259,0.2,0.2,20.2,18,15.8
2026-05-11T05:49:51Z,0,0,0,1.9,0.4,0,20.7,852.2,21.1,20.3,79.5,612,4067,0,0.9,226,1.3,1.3,20.4,17.7,15.9
2026-05-11T06:05:09Z,0,0,0,0.9,0,0,20.1,852.4,20.4,20,79.8,421,1914,0,0.5,266,1.1,1.1,20.1,17.5,15.7
2026-05-11T06:20:16Z,0,0,0,1.5,0,0,20.5,852.4,20.8,20.7,77.9,531,3110,0,0.1,231,0.7,0.7,20.7,17.9,16.2
2026-05-11T06:35:23Z,0,0,0,2.6,0,0,22.3,852.4,22.6,22,72.9,743,5550,0,0.5,239,1.1,1.1,22,18.5,17.3
2026-05-11T06:50:30Z,0,0,0,2.7,0,0,22.8,852.3,23.5,22.7,72.1,764,5679,0,0.1,147,0.4,0.4,22.8,19,17.9
2026-05-11T07:05:56Z,0,0,0,2.7,0,0,22.9,852.2,23.3,22.7,69,765,5702,0,0.4,161,0.9,0.9,22.8,18.7,18
2026-05-11T07:21:03Z,0,0,0,0.9,0,0,22.7,852.2,23.1,22.5,66.8,420,1987,0,0.8,263,2,2,22.6,18.2,17.8
2026-05-11T07:36:11Z,0,0,0,3.3,0,0,22.7,852.1,22.9,22.6,65.9,876,6833,0,1.6,259,2.6,2.6,22.7,18.2,17.9
2026-05-11T07:51:18Z,0,0,0,3.9,0,0,23.7,851.9,24.2,23.6,62.6,985,8032,0,1.9,253,3.3,3.3,23.6,18.6,18.6
2026-05-11T08:07:02Z,0,0,0,4.1,0,0,24.5,851.7,24.8,24,60.2,1014,8279,0,1.5,260,2.2,2.2,24,18.7,19
2026-05-11T08:22:15Z,0,0,0,3.8,0,0,24.3,851.5,24.8,24.1,60.9,956,7671,0,1.8,240,3.9,3.9,24.1,18.8,19.1
2026-05-11T08:37:23Z,0,0,0,3.8,0,0,24.5,851.3,24.9,24.3,59.8,963,7691,0,0.5,330,2,2,24.3,18.8,19.2
2026-05-11T08:52:29Z,0,0,0,3.7,0,0,25.1,851.1,25.6,25.1,63.1,949,7795,0,0.1,288,0.7,0.7,25.2,20,19.9
2026-05-11T09:07:36Z,0,0,0,0.8,0,0,25,851.1,25.6,25.2,59.3,396,1636,0,0,335,0.2,0.2,25.3,19.6,20
2026-05-11T09:22:41Z,0,0,0,3.7,0,0,24.5,850.9,24.8,24.4,58.9,949,7628,0,0.6,177,1.7,1.7,24.4,18.8,19.3
2026-05-11T09:38:04Z,0,0,0,1.3,0,0,25.7,850.6,26.2,26,54.9,495,2434,0,0.3,108,0.9,0.9,26.1,19.6,20.6
2026-05-11T09:53:11Z,0,0,0,1.2,0,0,25.3,850.4,25.8,25.6,57.8,474,2376,0,1.4,222,2.2,2.2,25.7,19.7,20.3
2026-05-11T10:08:18Z,0,0,0,3.9,0,0,25.5,850.2,26.1,25.8,54.5,988,8226,0,0.4,151,1.3,1.3,25.8,19.4,20.4
2026-05-11T10:23:24Z,0,0,0,3.7,0,0,25.3,849.9,25.9,25.5,57.2,948,7522,0,0.8,242,1.7,1.7,25.5,19.5,20.2
2026-05-11T10:38:31Z,0,0,0,4,0,0,26.6,849.6,27.2,26.7,52.8,994,8093,0,1.5,253,2.2,2.2,27.3,19.9,21.5
2026-05-11T10:53:37Z,0,0,0,3.7,0,0,27,849.4,27.8,27.5,52.2,955,7771,0,0.4,185,1.1,1.1,28.1,20.5,22.1
2026-05-11T11:08:44Z,0,0,0,4,0,0,26.6,849.2,27.4,27.4,50,998,8272,0,0.8,153,1.7,1.7,27.8,20,21.9
2026-05-11T11:24:09Z,0,0,0,1.2,0,0,27,848.9,27.9,27.9,50.5,476,2474,0,0.4,176,1,1,28.4,20.6,22.3
2026-05-11T11:39:16Z,0,0,0,1.1,0,0,26.8,848.6,27.3,27.1,51,462,2186,0,0.1,191,0.4,0.4,27.6,20,21.7
2026-05-11T11:54:23Z,0,0,0,2.9,0,0,27.1,848.4,27.8,27.7,50,803,5956,0,1,154,2,2,28.1,20.3,22.1
2026-05-11T12:10:18Z,0,0,0,2.8,0,0,27.7,848.2,28.3,28.2,46.2,776,5679,0,0.9,183,2.6,2.6,28.4,20.1,22.3
2026-05-11T12:25:25Z,0,0,0,0.6,0,0,26.3,848.2,26.9,27,53.4,367,1246,0,0.2,125,0.9,0.9,27.7,20.3,21.8
2026-05-11T12:40:32Z,0,0,0,2.3,0,0,26.4,848.2,26.9,27.1,54.9,691,4985,0,0.1,175,0.7,0.7,27.8,20.6,21.9
2026-05-11T12:55:39Z,0,0,0,0.7,0,0,26.1,848,26.6,26.8,52.6,383,1350,0,0.2,157,1.3,1.3,27.3,19.9,21.5
2026-05-11T13:10:46Z,0,0,0,1.8,0,0,27,847.9,27.5,28,49.4,599,3857,0,0.9,128,2,2,28.5,20.5,22.3
2026-05-11T13:25:53Z,0,0,0,0.6,0,0,26.6,847.9,27.1,27.5,55.9,370,1430,0,0.5,142,2,2,28.3,21.1,22.3
2026-05-11T13:41:15Z,0,0,0,0.3,0,0,24.4,848,24.6,24.9,63.8,318,794,0,0.3,156,2,2,25,19.9,19.7
2026-05-11T13:56:22Z,0,0,0,0.2,0,0,23.6,848,23.9,24,66.6,303,606,0,0.3,152,1.1,1.1,24.1,19.5,19.1
2026-05-11T14:11:29Z,0,0,0,0.3,0,0,23.2,848.2,23.4,23.5,69.8,305,680,0,0.5,106,1.5,1.5,23.7,19.5,18.7
2026-05-11T14:26:35Z,0,0,0,0.2,0,0,23.1,848.2,23.2,23.5,70.1,296,595,0,0.5,103,1.5,1.5,23.6,19.6,18.7
2026-05-11T14:42:19Z,0,0,0,0.1,0,0,23.1,848.2,23.2,23.4,68.9,273,369,0,1.1,138,2.4,2.4,23.5,19.3,18.6
2026-05-11T14:57:26Z,0,0,0,0.1,0,0,22.9,848.3,23.1,23.2,69.8,269,311,0,0.1,186,0.2,0.2,23.3,19.3,18.4
2026-05-11T15:12:33Z,0,0,0,0,0,0,22.7,848.5,22.8,23,69.6,263,275,0,0.2,169,0.9,0.9,23.1,19,18.2
2026-05-11T15:27:40Z,0,0,0,0,0,0,22.4,848.8,22.6,22.7,70.3,261,260,0,0.2,53,1.1,1.1,22.8,18.8,18
2026-05-11T15:43:32Z,0,0,0,0,0,0,22.2,849.1,22.3,22.5,71.2,261,254,0,0.1,141,0.4,0.4,22.6,18.8,17.8
2026-05-11T15:58:39Z,0,0,0,0,0,0,20.9,849.5,20.9,20.9,72.6,259,254,0,0.2,309,0.7,0.7,20.9,17.4,16.4
2026-05-11T16:13:46Z,0,0,0,0,0,0,19.2,849.8,19.2,19.4,80.2,260,252,0,1,343,2.8,2.8,19.4,17,15
2026-05-11T16:28:52Z,0,0,0,0,0,0,18,850,18,18.3,85,261,254,0,0.8,40,2,2,18.3,16.5,14
2026-05-11T16:43:59Z,0,0,0,0,0,0,17.3,850.4,17.4,17.6,88.7,258,253,0,0.3,191,1.3,1.3,17.7,16.3,13.4
2026-05-11T16:59:40Z,0,0,0.6,0,0,0,16.9,850.9,16.9,17.1,92.5,260,253,0,0.2,314,1.4,1.4,17.2,16.2,13
2026-05-11T17:14:47Z,0,0,0.8,0,0,0,16.7,851.2,16.8,17,92.8,259,254,0,0.5,58,1.3,1.3,17.1,16.1,12.9
2026-05-11T17:29:53Z,0,0,0.8,0,0,0,16.6,851.2,16.8,17,90.9,260,254,0,0.1,232,0.7,0.7,17.1,16,12.9
2026-05-11T17:45:28Z,0,0,0.8,0,0,0,16.4,851.2,16.6,16.8,88.9,260,253,0,0.4,331,1.1,1.1,16.8,15.5,12.6
2026-05-11T18:00:35Z,0,0,0.8,0,0,0,16.4,851.6,16.5,16.8,90.9,261,253,0,0.1,312,0.4,0.4,16.9,15.7,12.6
2026-05-11T18:15:42Z,0,0,1,0,0,0,16.3,851.5,16.4,16.7,90.9,261,253,0,0,312,0,0,16.7,15.6,12.5
2026-05-11T18:30:48Z,0,0,1,0,0,0,16.1,851.7,16.3,16.4,91.9,259,254,0,0,81,0,0,16.5,15.5,12.3
2026-05-11T18:45:56Z,0,0,1,0,0,0,15.9,852,16.2,16.3,92.6,261,253,0,0.1,77,0.4,0.4,16.4,15.4,12.1
2026-05-11T19:01:03Z,0,0,1,0,0,0,15.7,852,16.1,16.1,92.6,260,254,0,0.1,96,0.7,0.7,16.2,15.2,12
2026-05-11T19:16:29Z,0,0,1,0,0,0,15.8,852.1,16.1,16.2,93.2,260,255,0,0.1,332,0.4,0.4,16.3,15.4,12.1
2026-05-11T19:31:36Z,0,0,1,0,0,0,15.8,852.1,16.1,16.2,93.1,262,254,0,0,324,0.2,0.2,16.2,15.3,12
2026-05-11T19:47:33Z,0,0,1,0,0,0,15.9,852.1,16.2,16.3,93.3,260,252,0,0.1,316,0.4,0.4,16.4,15.5,12.2
2026-05-11T20:02:40Z,0,0,1,0,0,0,16,851.9,16.3,16.4,93.5,260,254,0,0,317,0,0,16.5,15.6,12.3
2026-05-11T20:17:47Z,0,0,1,0,0,0,16.2,851.9,16.2,16.6,93.6,259,254,0,0,318,0.2,0.2,16.6,15.8,12.4
2026-05-11T20:32:54Z,0,0,1,0,0,0,16.3,851.8,16.4,16.6,93.7,260,253,0,0.1,318,0.6,0.6,16.7,15.9,12.5
2026-05-11T20:48:31Z,0,0,1,0,0,0,16.3,851.8,16.5,16.7,93.6,260,253,0,0.2,318,0.9,0.9,16.8,16,12.6
2026-05-11T21:03:39Z,0,0,1,0,0,0,16.4,851.7,16.6,16.8,93.7,259,253,0,0,318,0,0,16.9,16,12.6
2026-05-11T21:18:45Z,0,0,1,0,0,0,16.4,851.6,16.6,16.8,93.7,261,254,0,0,65,0,0,16.9,16.1,12.7
2026-05-11T21:33:52Z,0,0,1,0,0,0,16.5,851.5,16.7,16.9,93.8,259,253,0,0,59,0,0,17,16.2,12.8
2026-05-11T21:49:48Z,0,0,1,0,0,0,16.6,851.1,16.7,16.9,93.7,260,253,0,0,59,0,0,17,16.2,12.8
2026-05-11T22:05:46Z,0,0,1,0,0,0,16.8,851,16.9,17.2,94.1,260,254,0,0.1,62,0.4,0.4,17.3,16.5,13
2026-05-11T22:20:53Z,0,0,1,0,0,0,16.7,851,16.8,17.1,93.6,261,254,0,0,32,0.2,0.2,17.2,16.3,12.9
2026-05-11T22:36:00Z,0,0,1,0,0,0,16.8,850.9,16.8,17.1,93.8,260,253,0,0,78,0.2,0.2,17.2,16.4,13
2026-05-11T22:51:07Z,0,0,1,0,0,0,16.8,850.8,16.9,17.2,93.9,261,253,0,0.5,94,1.7,1.7,17.3,16.4,13
2026-05-11T23:06:33Z,0,0,1,0,0,0,16.9,850.6,17.1,17.3,94.1,261,253,0,0.4,96,0.9,0.9,17.4,16.6,13.1
2026-05-11T23:21:40Z,0,0,1,0,0,0,16.9,850.5,17.1,17.3,93.2,260,253,0,0.4,107,0.9,0.9,17.4,16.4,13.1
2026-05-11T23:36:48Z,0,0,1,0,0,0,17.1,850.4,17.2,17.4,93.1,260,254,0,0,107,0,0,17.5,16.6,13.3
2026-05-11T23:51:55Z,0,0,1,0,0,0,17.1,850.5,17.1,17.4,93.2,260,254,0,0.1,107,0.4,0.4,17.5,16.6,13.2
2026-05-12T00:00:58Z,0,0,1,0,0,0,17.1,850.5,17.1,17.4,93.4,261,254,0,0,107,0,0,17.5,16.6,13.3
2026-05-12T00:16:06Z,0,0,1,0,0,0,17.1,850.4,17.2,17.4,93.6,262,252,0,0,107,0,0,17.5,16.6,13.3
2026-05-12T00:31:13Z,0,0,1,0,0,0,17.2,850.5,17.2,17.5,94.1,260,253,0,0,107,0,0,17.6,16.8,13.4
2026-05-12T00:46:40Z,0,0,1,0,0,0,17.2,850.5,17.3,17.6,94.3,259,252,0,0,107,0.2,0.2,17.7,16.9,13.5
2026-05-12T01:01:47Z,0,0,1,0,0,0,17.3,850.6,17.4,17.6,94.7,261,254,0,0,107,0,0,17.8,17,13.5
2026-05-12T01:16:55Z,0,0,1,0,0,0,17.2,850.8,17.2,17.5,94.7,260,253,0,0.3,107,1.1,1.1,17.7,16.9,13.4
2026-05-12T01:32:02Z,0.2,0,2.4,0,0,0,16.8,850.9,16.8,17.2,94.9,260,254,0,0.7,107,1.3,1.3,17.3,16.6,13.1
2026-05-12T01:47:09Z,0,0,2.4,0,0,0,16.6,851,16.7,17,95.5,261,253,0,0.9,107,2,2,17.2,16.5,12.9
2026-05-12T02:02:36Z,0,0,2.4,0,0,0,16.6,851.2,16.7,17,95.8,261,254,0,0.1,107,0.7,0.7,17.2,16.5,12.9
2026-05-12T02:17:43Z,0,0,2.4,0,0,0,16.4,851.4,16.6,16.8,95.9,261,253,0,0.3,107,0.9,0.9,17,16.3,12.7
2026-05-12T02:32:49Z,0,0,2.4,0,0,0,16.5,851.4,16.6,16.9,96.1,261,254,0,0,107,0,0,17,16.4,12.8
2026-05-12T02:47:56Z,0,0,2.6,0,0,0,16.4,851.4,16.5,16.8,96.2,261,254,0,0.5,107,1.1,1.1,16.9,16.3,12.7
2026-05-12T03:03:03Z,0,0,2.6,0,0,0,16.3,851.5,16.4,16.7,96.2,261,252,0,0.6,107,1.1,1.1,16.8,16.3,12.6
2026-05-12T03:18:10Z,0,0,2.8,0,0,0,16.1,851.7,16.2,16.5,96.4,260,256,0,0.4,107,1.1,1.1,16.6,16.1,12.4
2026-05-12T03:33:17Z,0,0,3,0,0,0,16.1,851.9,16.2,16.5,96.6,263,273,0,0.4,106,1.4,1.4,16.6,16,12.3
2026-05-12T03:48:41Z,0,0,3,0.1,0,0,16,852,16.3,16.5,96.6,266,288,0,0.6,106,1.3,1.3,16.6,16.1,12.4
2026-05-12T04:03:48Z,0,0,3,0.1,0,0,16.1,852.1,16.3,16.5,96.8,266,303,0,0.1,106,0.4,0.4,16.6,16.1,12.4
2026-05-12T04:18:55Z,0,0,3,0.1,0,0,15.9,852.1,16.2,16.3,96.8,266,298,0,0.2,106,0.8,0.8,16.4,15.9,12.2
2026-05-12T04:34:02Z,0,0,3,0.2,0,0,16,852.2,16.2,16.4,96.9,287,481,0,0.1,98,0.7,0.7,16.5,16,12.3
2026-05-12T04:49:10Z,0,0,3,0.3,0,0,16.2,852.2,16.3,16.6,97,322,862,0,0.5,98,1.5,1.5,16.8,16.3,12.5
2026-05-12T05:04:16Z,0,0,3,0.5,0,0,16.5,852.3,16.5,16.8,96.9,343,1091,0,0,98,0.2,0.2,16.9,16.4,12.7
2026-05-12T05:19:23Z,0,0,3,0.5,0,0,16.6,852.6,16.7,16.9,96.7,346,1095,0,0,98,0,0,17.1,16.5,12.8
2026-05-12T05:34:46Z,0,0,3,0.8,0,0,17,853,17.1,17.3,95.6,397,1671,0,0.1,98,0.4,0.4,17.5,16.8,13.2
2026-05-12T05:49:53Z,0,0,3,0.4,0,0,17.3,853.2,17.4,17.7,94.2,325,908,0,0,98,0.2,0.2,17.8,17,13.5
2026-05-12T06:04:59Z,0,0,0,0.8,3,0,17.5,853.2,17.5,17.7,92.6,398,1620,0,0,98,0.4,0.4,17.9,16.8,13.6
2026-05-12T06:20:07Z,0,0,0,0.7,3,0,18,853.2,18.1,18.3,91.4,392,1612,0,0.2,98,0.4,0.4,18.4,17.2,14.1
2026-05-12T06:35:56Z,0,0,0,1.5,3,0,18.9,853.1,18.9,19.3,87.2,543,3225,0,0.6,98,2,2,19.4,17.7,15
2026-05-12T06:51:53Z,0,0,0,1,3,0,19.6,853,19.5,19.6,85,436,2081,0,0,98,0,0,19.7,17.8,15.3
2026-05-12T07:07:00Z,0,0,0,1.2,3,0,19.8,853,19.9,20.3,82.6,482,2565,0,0,98,0.2,0.2,20.4,18.1,15.9
2026-05-12T07:22:06Z,0,0,0,2.3,3,0,19.8,852.9,20.7,20.4,80.7,679,4679,0,0.3,98,0.8,0.8,20.5,18,16
2026-05-12T07:37:13Z,0,0,0,2.5,3,0,22,852.9,22.8,22.5,75.4,715,5047,0,0,98,0,0,22.7,19.4,17.9
2026-05-12T07:52:20Z,0,0,0,2.6,3,0,21.5,852.8,22.3,21.6,74.1,738,5264,0,0.7,103,1.3,1.3,21.7,18.3,17
2026-05-12T08:07:27Z,0,0,0,2.3,3,0,22,852.6,22.9,22.6,72.4,694,4774,0,0.5,103,1.1,1.1,22.7,19,17.9
2026-05-12T08:23:23Z,0,0,0,4.2,3,0,23,852.4,23.9,23.6,70.6,1042,8534,0,0.1,103,0.4,0.4,23.7,19.7,18.8
2026-05-12T08:38:53Z,0,0,0,2.3,3,0,23.4,852.2,24.6,24.2,62.3,690,4693,0,0.2,103,0.9,0.9,24.2,19.1,19.2
2026-05-12T08:54:00Z,0,0,0,4.5,3,0,24.5,852,25.4,24.8,63,1099,9127,0,0.8,103,1.3,1.3,24.9,19.8,19.7
2026-05-12T09:09:07Z,0,0,0,4.2,3,0,25.1,851.6,25.8,25.9,61.8,1037,8295,0,0.2,103,1.7,1.7,26.1,20.6,20.6
2026-05-12T09:24:14Z,0,0,0,0.8,3,0,25,851.4,25.7,25.6,62.6,410,1522,0,0.2,103,0.7,0.7,25.7,20.4,20.3
2026-05-12T09:39:21Z,0,0,0,4.2,3,0,23.9,851.3,24.8,24.4,63.3,1049,8507,0,0.8,103,2.4,2.4,24.5,19.5,19.4
2026-05-12T09:54:28Z,0,0,0,4.4,3,0,24.3,851,24.9,24.9,62.1,1070,8736,0,0.1,103,0.4,0.4,25,19.7,19.8
2026-05-12T10:09:54Z,0,0,0,1.2,3,0,24.7,850.5,25.6,25.3,57.6,481,2440,0,0.4,103,1.4,1.4,25.3,19.4,20
2026-05-12T10:25:01Z,0,0,0,2.7,3,0,25.7,850.1,26.3,26.4,58.2,762,5367,0,0.5,103,1.5,1.5,26.5,20.5,20.9
2026-05-12T10:40:08Z,0,0,0,3.9,3,0,25.7,849.8,26.3,26.6,56,981,7746,0,0.5,103,1.1,1.1,27.4,20.4,21.6
2026-05-12T10:55:15Z,0,0,0,4.1,3,0,26.1,849.6,26.7,27,57.4,1021,8252,0,0.4,112,1.5,1.5,27.8,20.8,21.9
2026-05-12T11:10:22Z,0,0,0,3.5,3,0,26.1,849.3,26.8,26.9,54.7,917,7085,0,0.7,167,3.3,3.3,27.6,20.4,21.7
2026-05-12T11:25:29Z,0,0,0,2,3,0,26.6,849.1,27.2,27.5,54.9,640,4078,0,0.7,179,2.4,2.4,28.3,20.9,22.2
2026-05-12T11:40:56Z,0,0,0,0.7,3,0,25.9,848.9,26.6,26.7,55.9,388,1427,0,0.5,114,1.3,1.3,27.5,20.4,21.6
2026-05-12T11:56:02Z,0,0,0,3.7,3,0,26.9,848.7,27.6,27.7,54.7,941,7476,0,1.1,186,2.6,2.6,28.5,21.1,22.4
2026-05-12T12:11:09Z,0,0,0,0.8,3,0,25.3,848.6,25.8,26.2,57.7,400,1691,0,0.5,111,2,2,26.3,20.3,20.8
2026-05-12T12:26:15Z,0,0,0,1.3,3,0,24.8,848.5,25.2,25.4,58.2,495,2666,0,0.5,111,1.3,1.3,25.4,19.6,20.1
2026-05-12T12:41:22Z,0,0,0,1.1,3,0,25,848.4,25.4,25.6,57.8,456,2283,0,0.9,111,2.4,2.4,25.7,19.7,20.3
2026-05-12T12:57:01Z,0,0,0,0.8,3,0,24.7,848.3,25.1,25.3,61.8,412,1803,0,0,111,0,0,25.4,20,20
2026-05-12T13:12:08Z,0,0,0,0.6,3,0,24.5,848.4,24.7,25,60.8,368,1387,0,0.2,111,1.1,1.1,25.1,19.6,19.8
2026-05-12T13:27:15Z,0,0,0,0.4,3,0,24.2,848.5,24.4,24.7,62.9,336,1063,0,0.8,111,1.7,1.7,24.7,19.6,19.6
2026-05-12T13:42:21Z,0,0,0,0.3,3,0,24.1,848.5,24.3,24.5,63,315,831,0,0.3,111,1.3,1.3,24.6,19.5,19.4
2026-05-12T13:57:28Z,0,0,0,0.3,3,0,23.9,848.6,24.1,24.2,64.1,306,756,0,0.1,111,0.7,0.7,24.3,19.3,19.2
2026-05-12T14:12:35Z,0,0,0,0.3,3,0,23.7,848.8,23.9,24,62.7,306,721,0,0.2,111,0.9,0.9,24.1,19,19
2026-05-12T14:28:03Z,0,0,0,0.3,3,0,23.6,848.8,23.8,23.9,63.8,318,865,0,0.5,111,1.5,1.5,24,19.1,18.9
2026-05-12T14:43:10Z,0,0,0,0.2,3,0,23.3,849,23.5,23.7,66,288,512,0,0.5,111,2,2,23.8,19.2,18.8
2026-05-12T14:58:17Z,0,0,0,0.1,3,0,22.9,849,23.1,23.3,67.8,268,294,0,0,111,0,0,23.3,19,18.4
2026-05-12T15:13:23Z,0,0,0,0,3,0,22.6,849.4,22.8,23,70,264,271,0,0,111,0,0,23,19,18.2
2026-05-12T15:28:30Z,0,0,0,0,3,0,20.8,849.7,20.9,21,76.6,261,258,0,0.4,311,1.1,1.1,21,18,16.5
2026-05-12T15:43:36Z,0,0,0,0,3,0,20.3,849.9,20.5,20.5,78.4,260,256,0,1.1,245,1.7,1.7,20.6,17.8,16.1
2026-05-12T16:00:16Z,0,0,0,0,3,0,19.9,850,20.1,20.2,79.6,259,252,0,0.8,233,1.5,1.5,20.3,17.7,15.8
2026-05-12T16:15:22Z,0,0,0,0,3,0,19.7,850.3,19.9,20,81,261,253,0,1.9,250,3.3,3.3,20.1,17.7,15.7
2026-05-12T16:30:29Z,0.4,0,3.6,0,3,0,18.8,850.6,18.6,18.7,90.6,261,254,0,0.8,319,2.4,2.4,18.8,17.6,14.5
2026-05-12T16:46:07Z,0.2,0,7.8,0,3,0,17.7,850.8,17.8,18,93.8,260,253,0,0.1,251,0.4,0.4,18.1,17.2,13.8
2026-05-12T17:01:14Z,0.4,0,9.8,0,3,0,17.4,850.8,17.5,17.7,94.8,260,254,0,0.2,291,0.7,0.7,17.8,17.1,13.6
2026-05-12T17:16:21Z,0.2,0,21,0,3,0,17.1,850.7,17.1,17.4,95.7,261,253,0,0.6,235,2.2,2.2,17.5,16.8,13.3
2026-05-12T17:32:08Z,0,0,21.8,0,3,0,17.1,851.1,17.2,17.4,96.2,260,253,0,0,200,0.2,0.2,17.6,17,13.3
2026-05-12T17:47:15Z,0,0,23.2,0,3,0,16.9,851.3,17,17.3,96.5,261,254,0,0.5,315,1.3,1.3,17.4,16.9,13.2
2026-05-12T18:02:21Z,0.2,0,24.8,0,3,0,16.7,851.4,16.8,17.1,96.6,260,253,0,0.3,227,1.1,1.1,17.2,16.7,13
2026-05-12T18:18:16Z,0.2,0,26.4,0,3,0,16.7,851.3,16.8,17.1,96.8,260,253,0,0,227,0.2,0.2,17.2,16.7,13
2026-05-12T18:33:23Z,0,0,27.2,0,3,0,16.6,851.4,16.7,17,96.9,262,254,0,0.6,227,2,2,17.1,16.6,12.9
2026-05-12T18:48:30Z,0,0,27.6,0,3,0,16.7,851.5,16.7,17,97.1,261,254,0,0,227,0,0,17.1,16.6,12.9
2026-05-12T19:03:37Z,0,0,28,0,3,0,16.7,851.7,16.8,17.1,97.2,261,254,0,0,228,0.2,0.2,17.3,16.8,13
2026-05-12T19:18:44Z,0.2,0,28.8,0,3,0,16.8,851.9,16.9,17.2,97.3,261,253,0,0.1,228,0.4,0.4,17.3,16.8,13.1
2026-05-12T19:33:51Z,0,0,29,0,3,0,16.8,851.8,16.9,17.2,97.4,260,253,0,0.1,227,0.4,0.4,17.3,16.9,13.1
2026-05-12T19:49:12Z,0,0,29.2,0,3,0,16.9,851.7,16.9,17.2,97.5,261,254,0,0,227,0.2,0.2,17.4,16.9,13.1
2026-05-12T20:04:36Z,0,0,29.2,0,3,0,17,851.7,17.1,17.3,97.6,261,253,0,0.1,227,0.7,0.7,17.5,17,13.2
2026-05-12T20:19:43Z,0,0,29.2,0,3,0,17,851.5,17.1,17.3,97.7,260,253,0,0,227,0,0,17.5,17.1,13.3
2026-05-12T20:34:50Z,0,0,29.2,0,3,0,17,851.4,17.1,17.4,97.8,260,253,0,0,227,0,0,17.5,17.1,13.3
2026-05-12T20:50:15Z,0,0,29.2,0,3,0,17,851.3,17.1,17.3,97.8,260,253,0,0,227,0,0,17.5,17.1,13.2
2026-05-12T21:05:22Z,0,0,29.2,0,3,0,17,851.3,17.1,17.3,97.8,262,253,0,0,227,0,0,17.5,17,13.2
2026-05-12T21:20:29Z,0,0,29.2,0,3,0,17.1,851.2,17.2,17.4,97.9,260,253,0,0,227,0,0,17.6,17.1,13.3
2026-05-12T21:35:37Z,0,0,29.2,0,3,0,17.1,851.2,17.2,17.4,97.9,260,254,0,0,227,0,0,17.6,17.2,13.3
2026-05-12T21:50:43Z,0,0,29.2,0,3,0,17.1,851.1,17.2,17.5,97.9,260,254,0,0,227,0,0,17.7,17.2,13.4
2026-05-12T22:05:51Z,0,0,29.2,0,3,0,17.3,851,17.4,17.6,98,260,253,0,0,227,0,0,17.8,17.4,13.6
2026-05-12T22:20:58Z,0,0,29.4,0,3,0,17.5,850.9,17.6,17.9,98.1,261,254,0,0,227,0,0,18.1,17.6,13.8
2026-05-12T22:36:19Z,0,0,29.4,0,3,0,17.2,850.8,17.2,17.5,98.1,260,254,0,0,227,0.2,0.2,17.7,17.3,13.4
2026-05-12T22:51:26Z,0,0,29.4,0,3,0,17,850.5,17.1,17.3,98,259,254,0,0.1,227,0.9,0.9,17.4,17,13.2
2026-05-12T23:06:32Z,0,0,29.6,0,3,0,16.9,850.3,17,17.2,98.1,259,253,0,0,226,0,0,17.4,17,13.1
2026-05-12T23:21:39Z,0,0,29.6,0,3,0,16.9,850,17,17.2,98.1,260,253,0,0,226,0,0,17.4,17,13.2
2026-05-12T23:36:46Z,0,0,29.6,0,3,0,16.9,850,16.9,17.2,98.1,260,253,0,0.1,227,0.8,0.8,17.3,16.9,13.1
2026-05-12T23:51:53Z,0,0,29.6,0,3,0,16.8,850,16.9,17.1,98.2,260,253,0,0,226,0,0,17.2,16.9,13
2026-05-13T00:00:57Z,0,0,29.6,0,3,0,16.6,850,16.7,16.9,98.2,261,254,0,0,226,0,0,17.1,16.7,12.9
2026-05-13T00:16:21Z,0,0,29.6,0,3,0,16.6,850.1,16.8,17,98.2,262,254,0,0,226,0,0,17.1,16.7,12.9
2026-05-13T00:31:28Z,0,0,29.6,0,3,0,16.3,849.9,16.4,16.6,98.1,260,253,0,0,226,0,0,16.8,16.4,12.5
2026-05-13T00:46:35Z,0,0,29.6,0,3,0,16.2,849.9,16.2,16.5,98.2,261,253,0,0,227,0.2,0.2,16.7,16.3,12.4
2026-05-13T01:01:42Z,0,0,29.6,0,3,0,16.2,850,16.4,16.6,98.1,262,254,0,0,228,0,0,16.7,16.3,12.5
2026-05-13T01:16:50Z,0,0,29.6,0,3,0,16.3,850,16.5,16.7,98.2,261,253,0,0,228,0,0,16.8,16.5,12.6
2026-05-13T01:31:57Z,0,0,29.6,0,3,0,16.3,850,16.4,16.6,98.2,259,253,0,0,228,0,0,16.8,16.4,12.5
2026-05-13T01:47:04Z,0,0,29.6,0,3,0,16.2,850,16.2,16.5,98.1,260,252,0,0,228,0,0,16.6,16.2,12.4
2026-05-13T02:02:26Z,0,0,29.6,0,3,0,15.9,850.2,16.1,16.2,98.2,260,254,0,0,228,0,0,16.4,16,12.1
2026-05-13T02:17:33Z,0,0,29.6,0,3,0,15.8,850.3,16.1,16.1,98.2,260,251,0,0,228,0,0,16.3,15.9,12.1
2026-05-13T02:32:40Z,0,0,29.6,0,3,0,15.9,850.3,16.2,16.3,98.2,259,254,0,0,228,0,0,16.4,16.1,12.2
2026-05-13T02:47:46Z,0,0,29.6,0,3,0,16.1,850.5,16.2,16.5,98.2,259,254,0,0,228,0,0,16.7,16.3,12.4
2026-05-13T03:02:53Z,0,0,29.6,0,3,0,16.2,850.5,16.3,16.5,98.2,260,253,0,0,228,0,0,16.6,16.3,12.4
2026-05-13T03:18:00Z,0,0,29.6,0,3,0,16.2,850.6,16.4,16.6,98.3,262,258,0,0,228,0,0,16.8,16.4,12.6
2026-05-13T03:33:07Z,0,0,29.6,0,3,0,16.5,850.5,16.6,16.8,98.3,265,306,0,0,228,0,0,17,16.6,12.7
2026-05-13T03:48:32Z,0,0,29.6,0.1,3,0,16.6,850.7,16.7,16.9,98.2,273,395,0,0,228,0,0,17.1,16.7,12.8
2026-05-13T04:03:38Z,0,0,29.6,0.2,3,0,16.9,850.9,17,17.2,98.3,288,538,0,0,228,0,0,17.4,17,13.1
2026-05-13T04:18:46Z,0,0,29.6,0.3,3,0,17,851,17,17.2,98.3,306,756,0,0,228,0,0,17.4,17,13.2
2026-05-13T04:34:40Z,0,0,29.6,0.7,3,0,17.1,851.2,17.3,17.5,98.2,385,1669,0,0.2,229,0.4,0.4,17.6,17.2,13.4
2026-05-13T04:49:47Z,0,0,29.6,0.9,3,0,16.9,851.4,17.2,16.8,98,417,1964,0,0,228,0,0,17,16.6,12.8
2026-05-13T05:04:54Z,0,0,29.6,1.1,3,0,18.1,851.5,18.4,17.5,97.7,460,2450,0,0.1,229,0.4,0.4,17.7,17.3,13.5
2026-05-13T05:20:39Z,0,0,29.6,0.6,3,0,18.8,851.6,19,18.1,95.2,369,1289,0,0,228,0,0,18.3,17.6,14
2026-05-13T05:35:45Z,0,0,29.6,0.4,3,0,19.1,851.7,19.4,18.6,93.5,339,963,0,0.1,229,0.4,0.4,18.8,17.8,14.4
2026-05-13T05:50:52Z,0,0,29.6,0.8,3,0,19.9,851.7,20.1,19.6,88.4,414,1839,0,0,228,0,0,19.7,18.1,15.3
2026-05-13T06:06:39Z,0,0,0,2.2,29.6,0,20.5,851.7,20.6,20.2,83.2,670,4733,0,0.1,4,0.4,0.4,20.4,18.2,15.9
2026-05-13T06:21:46Z,0,0,0,1.3,29.6,0,21.3,851.8,21.2,21.1,80.3,507,2940,0,0,18,0.2,0.2,21.2,18.6,16.7
2026-05-13T06:36:53Z,0,0,0,1.5,29.6,0,22.2,851.7,21.8,21.8,77.7,536,3039,0,0.3,290,0.7,0.7,21.9,18.9,17.2
2026-05-13T06:51:59Z,0,0,0,0.7,29.6,0,21.7,851.9,21.9,21.6,75.9,387,1440,0,0,289,0,0,21.8,18.6,17.1
2026-05-13T07:07:06Z,0,0,0,3,29.6,0,21.8,851.9,22.1,21.6,76.2,825,6311,0,0,289,0,0,21.7,18.6,17.1
2026-05-13T07:22:24Z,0,0,0,1,29.6,0,23.5,851.7,23.9,23.6,70.6,439,1983,0,0.2,105,0.8,0.8,23.8,19.8,18.8
2026-05-13T07:37:49Z,0,0,0,4.1,29.6,0,23.5,851.5,23.7,23.9,69.4,1028,8445,0,0.6,105,1.5,1.5,24,19.8,18.9
2026-05-13T07:52:56Z,0,0,0,3.2,29.6,0,24.7,851.5,25.6,25.3,63,846,6406,0,0.1,184,0.7,0.7,25.4,20.2,20.1
2026-05-13T08:08:03Z,0,0,0,1.8,29.6,0,23,851.5,23.8,23.8,64.6,593,3687,0,0.9,88,1.3,1.3,23.8,19,18.8
2026-05-13T08:23:10Z,0,0,0,1.7,29.6,0,23.8,851.3,24.2,24.3,63.4,577,3606,0,0.1,89,0.4,0.4,24.3,19.3,19.2
2026-05-13T08:38:11Z,0,0,0,3.5,29.6,0,24,851.1,24.6,24,66.2,904,7020,0,0.3,88,0.7,0.7,24.1,19.5,19
2026-05-13T08:53:17Z,0,0,0,1.3,29.6,0,23.6,850.9,24.1,23.5,65.1,503,2846,0,0.1,88,0.4,0.4,23.5,18.9,18.6
2026-05-13T09:08:24Z,0,0,0,2.7,29.6,0,24.1,850.7,24.2,24.6,64.9,757,5427,0,0.3,88,0.7,0.7,24.7,19.8,19.5
2026-05-13T09:23:31Z,0,0,0,5.1,29.6,0,25,850.5,25.9,25.4,60.7,1200,10177,0,0.1,89,0.7,0.7,25.5,20,20.2
2026-05-13T09:38:54Z,0,0,0,1.8,29.6,0,25.6,850.2,26,26,57.3,593,3650,0,0.8,88,1.3,1.3,26,20,20.6
2026-05-13T09:54:00Z,0,0,0,1,29.6,0,24.8,850.1,25.7,25.1,60.5,453,2283,0,0,89,0.4,0.4,25.2,19.7,19.9
2026-05-13T10:09:07Z,0,0,0,1.3,29.6,0,24.4,849.8,24.9,25.2,60.2,502,2755,0,0.1,89,0.9,0.9,25.2,19.7,20
2026-05-13T10:24:13Z,0,0,0,1.6,29.6,0,24.3,849.6,24.6,25,61.6,554,3357,0,0.5,88,1.1,1.1,25.1,19.7,19.8
2026-05-13T10:39:20Z,0,0,0,1.6,29.6,0,23.9,849.3,24.2,24.6,62.3,555,3353,0,0.8,88,1.7,1.7,24.7,19.5,19.5
2026-05-13T10:54:26Z,0,0,0,1.1,29.6,0,25.1,849.1,25.7,25.9,62.2,470,2496,0,0,80,0,0,26,20.6,20.6
2026-05-13T11:11:35Z,0,0,0,1.3,29.6,0,24.6,848.9,25.1,25.3,65.3,504,2828,0,0,92,0,0,25.4,20.5,20.1
2026-05-13T11:26:41Z,0,0,0,1.4,29.6,0,24.9,848.6,25.4,25.5,63.1,513,2913,0,0,92,0,0,25.6,20.4,20.3
2026-05-13T11:41:48Z,0,0,0,1.5,29.6,0,25.1,848.5,25.4,25.8,62.7,542,3205,0,0,92,0,0,26,20.7,20.5
2026-05-13T11:57:46Z,0,0,0,1.5,29.6,0,24.7,848.3,24.9,25.4,61.3,529,3093,0,0.5,90,1.7,1.7,25.5,20.1,20.2
2026-05-13T12:12:52Z,0,0,0,1.2,29.6,0,24.8,848.1,25.2,25.5,62,479,2554,0,0.1,91,0.4,0.4,25.6,20.2,20.2
2026-05-13T12:27:58Z,0,0,0,0.8,29.6,0,25.1,848,25.6,25.7,61.8,405,1782,0,0.1,91,0.4,0.4,25.9,20.4,20.4
2026-05-13T12:43:04Z,0,0,0,0.9,29.6,0,24.3,847.9,24.6,24.9,62,418,1840,0,0.1,91,0.4,0.4,25,19.7,19.7
2026-05-13T12:58:11Z,0,0,0,0.9,29.6,0,24.5,847.9,24.6,25.3,60.8,431,1916,0,0.9,94,3.7,3.7,25.4,19.9,20.1
2026-05-13T13:13:18Z,0,0,0,0.7,29.6,0,25,847.8,25.5,26,58.9,386,1358,0,0.2,96,0.7,0.7,26.1,20.3,20.6
2026-05-13T13:29:04Z,0,0,0,1.7,29.6,0,25.3,847.8,25.9,26.4,60.3,579,3844,0,0.5,96,1.5,1.5,26.5,20.8,20.9
2026-05-13T13:44:11Z,0,0,0,1.4,29.6,0,25.8,847.7,26.4,27.2,57.5,515,3187,0,0.6,95,2.2,2.2,28.2,21.1,22.2
2026-05-13T13:59:17Z,0,0,0,1.2,29.6,0,25.2,847.8,25.8,26.5,57.7,483,2840,0,0.2,90,0.9,0.9,26.6,20.5,21
2026-05-13T14:14:24Z,0,0,0,0.2,29.6,0,23.6,848,23.9,24.3,64.8,286,512,0,1,100,2.6,2.6,24.4,19.5,19.3
2026-05-13T14:29:49Z,0,0,0,0.1,29.6,0,22.8,848.1,23.1,23.3,68.6,275,384,0,0.8,102,3.5,3.5,23.4,19.1,18.4
2026-05-13T14:44:56Z,0,0,0,0.1,29.6,0,22.4,848.1,22.6,22.8,70.8,275,354,0,0,101,0,0,22.8,18.9,18
2026-05-13T15:00:04Z,0,0,0,0.1,29.6,0,22,848.3,22.2,22.4,71.8,268,303,0,0.4,101,1.7,1.7,22.5,18.8,17.7
2026-05-13T15:15:11Z,0,0,0,0.1,29.6,0,21.8,848.5,21.9,22.1,73.1,266,281,0,0.1,101,0.7,0.7,22.2,18.7,17.5
2026-05-13T15:30:17Z,0,0,0,0,29.6,0,21.3,848.7,21.5,21.7,74,261,265,0,0.1,101,0.7,0.7,21.8,18.4,17.1
2026-05-13T15:45:24Z,0,0,0,0,29.6,0,21.1,848.8,21.2,21.4,74.6,259,254,0,0,101,0.2,0.2,21.5,18.2,16.9
2026-05-13T16:00:51Z,0,0,0,0,29.6,0,20.9,848.9,21.1,21.3,75.5,260,253,0,0,101,0.4,0.4,21.3,18.2,16.7
2026-05-13T16:15:57Z,0,0,0,0,29.6,0,20.8,849.2,20.9,21.1,76.2,260,255,0,0,101,0.4,0.4,21.2,18.1,16.6
2026-05-13T16:31:05Z,0,0,0,0,29.6,0,20.8,849.3,20.9,21.1,76.4,260,254,0,0.2,101,1.3,1.3,21.2,18.1,16.6
2026-05-13T16:46:11Z,0,0,0,0,29.6,0,20.8,849.5,20.9,21.1,76.1,260,254,0,0.3,101,1,1,21.2,18.1,16.6
2026-05-13T17:01:18Z,0,0,0,0,29.6,0,20.8,849.5,20.9,21.1,76.2,260,253,0,0.1,102,0.7,0.7,21.1,18.1,16.6
2026-05-13T17:17:01Z,0,0,0,0,29.6,0,20.8,849.5,20.9,21.1,76.3,259,254,0,0.1,102,0.7,0.7,21.2,18.1,16.6
2026-05-13T17:32:56Z,0,0,0,0,29.6,0,20.7,849.7,20.8,21,76.1,259,254,0,0.2,102,0.7,0.7,21,18,16.5
2026-05-13T17:48:03Z,0,0,0,0,29.6,0,20.6,849.9,20.7,20.9,76.2,259,253,0,0.6,102,2,2,21,17.9,16.4
2026-05-13T18:03:10Z,0,0,0,0,29.6,0,20.5,850.1,20.7,20.9,75.6,261,252,0,0.1,102,0.4,0.4,20.9,17.8,16.4
2026-05-13T18:18:16Z,0,0,0,0,29.6,0,20.5,850.4,20.7,20.8,75.6,260,253,0,0.7,102,2,2,20.9,17.8,16.3
2026-05-13T18:33:22Z,0,0,0,0,29.6,0,20.5,850.4,20.6,20.8,76.2,261,253,0,0,102,0,0,20.9,17.8,16.3
2026-05-13T18:48:29Z,0,0,0,0,29.6,0,20.4,850.6,20.5,20.7,76.4,259,253,0,0,102,0.2,0.2,20.8,17.8,16.2
2026-05-13T19:04:16Z,0,0,0,0,29.6,0,20.2,850.7,20.4,20.6,76,259,254,0,1,102,1.5,1.5,20.6,17.6,16.1
2026-05-13T19:19:22Z,0,0,0,0,29.6,0,20.3,850.8,20.4,20.6,75.1,260,254,0,0.1,102,0.4,0.4,20.6,17.5,16.1
2026-05-13T19:34:29Z,0,0,0,0,29.6,0,20.2,850.8,20.4,20.5,74.7,262,253,0,0.1,102,0.7,0.7,20.6,17.4,16.1
2026-05-13T19:49:36Z,0,0,0,0,29.6,0,20.1,850.8,20.2,20.4,74.2,258,253,0,0.2,116,1.1,1.1,20.4,17.2,16
2026-05-13T20:04:59Z,0,0,0,0,29.6,0,19.9,850.8,20,20.2,74.2,261,255,0,0,187,0.2,0.2,20.3,17,15.8
2026-05-13T20:20:05Z,0,0,0,0,29.6,0,19.6,850.8,19.8,20,75.1,260,254,0,0.4,187,1.3,1.3,20,16.9,15.5
2026-05-13T20:35:12Z,0,0,0,0,29.6,0,19.3,851,19.5,19.6,78.8,260,253,0,0.2,187,0.9,0.9,19.6,17,15.2
2026-05-13T20:50:20Z,0,0,0,0,29.6,0,19.2,851,19.2,19.5,72.9,260,252,0,0.5,172,1.5,1.5,19.5,16.2,15.1
2026-05-13T21:05:27Z,0,0,0,0,29.6,0,18.9,850.9,19.1,19.3,73.8,260,253,0,0.3,196,0.9,0.9,19.2,16.1,14.9
2026-05-13T21:20:34Z,0,0,0,0,29.6,0,18.7,850.9,18.9,19.1,74.8,260,253,0,0.2,105,0.9,0.9,19,16,14.7
2026-05-13T21:35:41Z,0,0,0,0,29.6,0,18.5,850.8,18.7,18.9,75.5,259,253,0,0.6,100,1.5,1.5,18.8,15.9,14.5
2026-05-13T21:51:02Z,0,0,0,0,29.6,0,18.4,850.6,18.6,18.8,76.1,262,252,0,0.6,117,2,2,18.7,15.9,14.4
2026-05-13T22:06:09Z,0,0,0,0,29.6,0,18.2,850.4,18.4,18.6,77.9,261,253,0,0,107,0.2,0.2,18.6,15.9,14.2
2026-05-13T22:21:16Z,0,0,0,0,29.6,0,18.1,850.4,18.2,18.5,77.6,260,254,0,0.3,107,1.7,1.7,18.4,15.7,14.1
2026-05-13T22:36:24Z,0,0,0,0,29.6,0,17.9,850.2,18.1,18.3,76.4,261,253,0,0.4,186,2.2,2.2,18.2,15.5,13.9
2026-05-13T22:51:31Z,0,0,0,0,29.6,0,17.8,850.1,17.9,18.1,75.5,261,253,0,0.1,108,0.7,0.7,18.1,15.2,13.8
2026-05-13T23:06:38Z,0,0,0,0,29.6,0,17.7,850,17.9,18,76.4,258,253,0,0,108,0,0,18,15.2,13.7
2026-05-13T23:21:45Z,0,0,0,0,29.6,0,17.5,849.9,17.7,17.9,77,260,254,0,0,108,0,0,17.8,15.1,13.5
2026-05-13T23:37:07Z,0,0,0,0,29.6,0,17.5,849.9,17.6,17.8,78.4,261,253,0,0,108,0,0,17.8,15.2,13.5
2026-05-13T23:52:14Z,0,0,0,0,29.6,0,17.4,850,17.6,17.8,80.9,260,253,0,0,108,0,0,17.7,15.5,13.5
2026-05-14T00:00:18Z,0,0,0,0,29.6,0,17.4,850,17.4,17.7,80.6,260,253,0,0,108,0,0,17.7,15.4,13.4
2026-05-14T00:15:25Z,0,0,0,0,29.6,0,17.3,850,17.4,17.6,81.7,260,253,0,0,108,0,0,17.6,15.4,13.3
2026-05-14T00:30:32Z,0,0,0,0,29.6,0,17,849.9,17.1,17.4,79.7,261,253,0,0,108,0,0,17.3,15,13.1
2026-05-14T00:45:39Z,0,0,0,0,29.6,0,16.9,850,17.1,17.3,80.7,261,253,0,0,108,0,0,17.2,15,13
2026-05-14T01:01:07Z,0,0,0,0,29.6,0,16.8,849.9,16.9,17.1,82.2,261,253,0,0,108,0,0,17.1,15,12.9
2026-05-14T01:16:14Z,0,0,0,0,29.6,0,16.7,850,16.8,17,83.3,260,253,0,0,108,0,0,17,15.1,12.8
2026-05-14T01:31:21Z,0,0,0,0,29.6,0,16.3,850,16.4,16.7,83.3,260,254,0,0,108,0,0,16.6,14.7,12.4
2026-05-14T01:46:27Z,0,0,0,0,29.6,0,16,850,16.2,16.3,85.9,258,254,0,0,108,0,0,16.3,14.7,12.1
2026-05-14T02:01:34Z,0,0,0,0,29.6,0,15.9,850.2,16.2,16.3,86.2,261,254,0,0,108,0,0,16.2,14.7,12
2026-05-14T02:16:41Z,0,0,0,0,29.6,0,16,850.3,16.2,16.4,88.1,261,253,0,0,108,0,0,16.4,15,12.2
2026-05-14T02:31:48Z,0,0,0,0,29.6,0,15.9,850.5,16.2,16.3,88.9,261,252,0,0,108,0,0,16.3,15,12.1
2026-05-14T02:47:11Z,0,0,0,0,29.6,0,15.8,850.6,16.1,16.2,89.8,260,253,0,0,108,0.2,0.2,16.2,15,12
2026-05-14T03:02:18Z,0,0,0,0,29.6,0,15.6,850.7,15.9,16,90.4,260,253,0,0,108,0,0,16,14.8,11.8
2026-05-14T03:17:25Z,0,0,0,0,29.6,0,15.5,850.8,15.8,15.9,91.1,261,264,0,0,108,0,0,15.9,14.8,11.7
2026-05-14T03:32:32Z,0,0,0,0.1,29.6,0,15.4,851,15.8,15.8,91.6,270,370,0,0,108,0,0,15.9,14.9,11.7
2026-05-14T03:47:38Z,0,0,0,0.2,29.6,0,15.6,851.1,16,16,91.8,284,515,0,0,108,0,0,16,15,11.8
2026-05-14T04:02:46Z,0,0,0,0.2,29.6,0,16.1,851.2,16.3,16.5,91.3,304,743,0,0,108,0,0,16.5,15.4,12.3
2026-05-14T04:17:52Z,0,0,0,0.3,29.6,0,17,851.4,17.2,17.2,87.7,323,915,0,0.3,108,0.7,0.7,17.3,15.8,13
2026-05-14T04:33:16Z,0,0,0,0.3,29.6,0,18,851.5,18.3,18,83.7,309,685,0,0,108,0.2,0.2,18,16,13.7
2026-05-14T04:48:22Z,0,0,0,0.8,29.6,0,19.2,851.6,19.4,18.9,78.8,410,1895,0,0.3,108,1.3,1.3,18.9,16.4,14.6
2026-05-14T05:03:29Z,0,0,0,1.1,29.6,0,21.1,851.7,21.1,20.3,74.1,469,2536,0,0.1,108,0.4,0.4,20.3,17.1,15.8
2026-05-14T05:18:35Z,0,0,0,1.4,29.6,0,22.6,851.9,22.3,21.3,69.5,524,3120,0,0.1,108,0.7,0.7,21.3,17.5,16.7
2026-05-14T05:33:42Z,0,0,0,1.5,29.6,0,22.7,851.9,22.1,21.4,69.7,532,3171,0,0,108,0,0,21.4,17.5,16.8
2026-05-14T05:48:48Z,0,0,0,1.7,29.6,0,21.8,852,22,21.7,67.8,573,3636,0,0,108,0,0,21.7,17.6,17.1
2026-05-14T06:03:55Z,0,0,0,1.5,0,0,22.9,852.2,22.8,22.5,65,537,3239,0,0,108,0,0,22.5,18,17.8
2026-05-14T06:19:00Z,0,0,0,1.3,0,0,23,852.2,22.8,22.6,62.8,494,2769,0,0,108,0,0,22.6,17.8,17.8
2026-05-14T06:34:43Z,0,0,0,1.5,0,0,22.2,852.2,22.3,21.9,66.4,538,3238,0,0,108,0,0,21.9,17.6,17.2
2026-05-14T06:49:50Z,0,0,0,1.6,0,0,21.1,852.2,21.5,20.9,68.7,565,3498,0,1,193,2,2,20.9,17,16.3
2026-05-14T07:04:56Z,0,0,0,1.6,0,0,21.7,852.2,22.3,21.5,68.5,549,3318,0,0.2,193,0.9,0.9,21.5,17.5,16.9
2026-05-14T07:20:03Z,0,0,0,3.3,0,0,22.1,852.1,22.6,22.1,69,880,6830,0,0,194,0.4,0.4,22.1,18.1,17.4
2026-05-14T07:35:30Z,0,0,0,3.3,0,0,23.4,852,24.1,23.3,65.2,879,6879,0,0.1,213,0.7,0.7,23.3,18.7,18.4
2026-05-14T07:50:37Z,0,0,0,3.5,0,0,22.3,852.1,22.8,22.1,66.6,914,7245,0,0.6,270,1.1,1.1,22.1,17.8,17.4
2026-05-14T08:05:43Z,0,0,0,3.7,0,0,23.6,852,24.4,23.7,61.8,940,7460,0,0.1,213,0.4,0.4,23.7,18.6,18.7
2026-05-14T08:20:49Z,0,0,0,3.6,0,0,24,851.8,24.4,23.8,58.7,927,7294,0,0.5,324,1.3,1.3,23.8,18.3,18.8
2026-05-14T08:35:56Z,0,0,0,3.6,0,0,24.2,851.6,24.9,24.4,58.7,930,7339,0,0.5,186,1.1,1.1,24.4,18.7,19.3
2026-05-14T08:51:02Z,0,0,0,3.8,0,0,25,851.4,25.9,25.1,57.2,966,7672,0,0.5,186,1.1,1.1,25.2,19.2,19.9
2026-05-14T09:06:29Z,0,0,0,4,0,0,25.1,851.2,26,25.5,53.5,1000,8024,0,0.8,203,1.5,1.5,25.5,19,20.2
2026-05-14T09:21:35Z,0,0,0,4,0,0,25.1,851,25.8,25.8,53.4,995,7975,0,0.5,115,1.1,1.1,25.8,19.2,20.4
2026-05-14T09:36:41Z,0,0,0,3.5,0,0,25.3,850.8,26,26.1,54,901,7099,0,0.1,138,0.4,0.4,26.1,19.6,20.6
2026-05-14T09:51:47Z,0,0,0,3.9,0,0,26,850.4,26.6,26.7,53.9,991,7899,0,0,117,0.4,0.4,27.3,20.1,21.5
2026-05-14T10:06:54Z,0,0,0,3.9,0,0,25.4,850.1,25.6,26.4,50.8,984,7859,0,1.4,70,2,2,26.4,19.3,20.8
2026-05-14T10:22:01Z,0,0,0,0.9,0,0,25.1,849.8,25.4,25.6,54.5,418,1701,0,0.9,70,1.5,1.5,25.7,19.2,20.3
2026-05-14T10:37:07Z,0,0,0,3.6,0,0,26,849.6,26.4,26.7,53.4,935,7342,0,0.2,68,1.1,1.1,27.3,20,21.5
2026-05-14T10:52:53Z,0,0,0,1.2,0,0,25.7,849.3,26.4,26.5,52.9,480,2356,0,0,105,0.2,0.2,26.6,19.8,21
2026-05-14T11:08:42Z,0,0,0,3.5,0,0,26.6,849,27.2,27.3,50.5,906,7029,0,0.1,189,0.4,0.4,27.7,20.1,21.8
2026-05-14T11:23:49Z,0,0,0,1.1,0,0,27.2,848.7,27.4,27.7,51.8,467,2247,0,0.5,132,1.3,1.3,28.3,20.6,22.2
2026-05-14T11:38:56Z,0,0,0,2.9,0,0,25.6,848.5,26.1,25.9,55.8,798,5976,0,0.9,157,1.5,1.5,25.9,19.6,20.5
2026-05-14T11:54:03Z,0,0,0,2.8,0,0,26.1,848.3,26.5,26.7,52.4,784,5761,0,0.3,121,0.8,0.8,27.3,19.8,21.5
2026-05-14T12:09:10Z,0,0,0,2.7,0,0,27.2,848.2,27.7,28.2,49.6,755,5445,0,0.6,170,1.6,1.6,28.6,20.7,22.5
2026-05-14T12:24:32Z,0,0,0,2.4,0,0,28.1,848.1,28.2,29.1,47.3,706,4937,0,0.2,140,0.7,0.7,29.4,21,23
2026-05-14T12:39:39Z,0,0,0,2.2,0,0,27.2,848,27.4,28.4,46.2,668,4553,0,0.3,64,1.3,1.3,28.6,20.3,22.4
2026-05-14T12:54:46Z,0,0,0,2,0,0,27.6,847.9,28.1,29,47.3,620,4077,0,1.4,158,3.7,3.7,29.3,20.9,22.9
2026-05-14T13:09:53Z,0,0,0,1.8,0,0,27.2,847.9,27.6,28.6,47.4,590,3805,0,0.8,70,1.7,1.7,28.9,20.7,22.7
2026-05-14T13:25:00Z,0,0,0,1.5,0,0,27.3,847.9,27.8,29,49.7,535,3198,0,1.1,68,2.4,2.4,29.6,21.3,23.1
2026-05-14T13:40:07Z,0,0,0,1.2,0,0,26.4,847.9,27.1,28,52.2,477,2590,0,1.1,70,2,2,28.6,20.9,22.5
2026-05-14T13:55:14Z,0,0,0,0.3,0,0,25.7,848,26,27,53.2,316,680,0,0.9,89,1.7,1.7,27.6,20.2,21.7
2026-05-14T14:10:36Z,0,0,0,0.2,0,0,24.7,848,25.1,25.7,56.9,300,532,0,0.8,101,1.9,1.9,25.8,19.7,20.4
2026-05-14T14:25:43Z,0,0,0,0.3,0,0,23.6,848.2,23.9,24.1,61.4,318,809,0,0.5,153,1.4,1.4,24.1,18.9,19.1
2026-05-14T14:40:49Z,0,0,0,0.2,0,0,23.4,848.3,23.6,23.8,63.2,289,456,0,0.4,171,1.1,1.1,23.8,18.9,18.8
2026-05-14T14:55:56Z,0,0,0,0.1,0,0,23,848.5,23.2,23.4,63.8,282,413,0,0.4,120,0.9,0.9,23.4,18.6,18.5
2026-05-14T15:11:02Z,0,0,0,0.1,0,0,22.6,848.5,22.8,23,65.2,272,358,0,0.5,105,1.7,1.7,23,18.4,18.2
2026-05-14T15:26:08Z,0,0,0,0,0,0,22.2,848.7,22.4,22.5,66.7,265,278,0,0,95,0.2,0.2,22.5,18.2,17.8
2026-05-14T15:41:15Z,0,0,0,0,0,0,21.8,849,21.9,22.1,69.7,260,256,0,0,159,0,0,22.2,18.2,17.5
2026-05-14T15:56:40Z,0,0,0,0,0,0,21.6,849.1,21.7,21.9,71.1,260,254,0,0,159,0.2,0.2,22,18.2,17.3
2026-05-14T16:11:46Z,0,0,0,0,0,0,21.3,849.3,21.4,21.6,72.6,259,254,0,0,159,0.2,0.2,21.7,18.1,17
2026-05-14T16:26:53Z,0,0,0,0,0,0,21.3,849.3,21.5,21.6,72.6,260,253,0,0,184,0,0,21.7,18.1,17
2026-05-14T16:41:59Z,0,0,0,0,0,0,21.2,849.4,21.4,21.5,73.1,260,252,0,0.3,136,1.5,1.5,21.6,18.1,17
2026-05-14T16:57:06Z,0,0,0,0,0,0,21,849.6,21.1,21.3,74.5,259,254,0,0,144,0,0,21.4,18.1,16.8
2026-05-14T17:12:12Z,0,0,0,0,0,0,20.9,849.8,21.1,21.2,74.9,261,254,0,0.1,144,0.7,0.7,21.3,18.1,16.7
2026-05-14T17:27:19Z,0,0,0,0,0,0,20.7,849.9,20.9,21.1,73.6,259,254,0,0.1,172,0.4,0.4,21.1,17.7,16.5
2026-05-14T17:42:44Z,0,0,0,0,0,0,20.3,850.1,20.4,20.7,74.3,261,253,0,0,172,0,0,20.7,17.4,16.2
2026-05-14T17:57:51Z,0,0,0,0,0,0,19.9,850.2,20,20.2,76.7,262,254,0,0,172,0,0,20.2,17.3,15.8
2026-05-14T18:12:58Z,0,0,0,0,0,0,19.7,850.4,19.8,20,77.4,260,254,0,0.1,172,0.7,0.7,20.1,17.2,15.6
2026-05-14T18:28:04Z,0,0,0,0,0,0,19.8,850.5,20.1,20.1,76.3,260,254,0,0,89,0,0,20.2,17.2,15.7
2026-05-14T18:43:11Z,0,0,0,0,0,0,19.7,850.6,19.9,20,76.6,260,254,0,0,99,0.4,0.4,20.1,17.1,15.6
2026-05-14T18:58:19Z,0,0,0,0,0,0,19.7,850.7,19.9,20,77,260,254,0,0,108,0,0,20.1,17.2,15.6
2026-05-14T19:13:26Z,0,0,0,0,0,0,19.6,850.8,19.8,19.9,77.5,260,253,0,0,108,0,0,20,17.1,15.5
2026-05-14T19:28:47Z,0,0,0,0,0,0,19.3,850.9,19.4,19.6,76.9,261,253,0,0,108,0,0,19.6,16.8,15.2
2026-05-14T19:43:55Z,0,0,0,0,0,0,19,851,19.2,19.3,79,260,254,0,0,73,0,0,19.4,16.8,15
2026-05-14T19:59:02Z,0,0,0,0,0,0,18.8,850.9,19,19.2,77.9,260,254,0,0.4,74,1.1,1.1,19.2,16.5,14.8
2026-05-14T20:14:09Z,0,0,0,0,0,0,19.2,851,19.3,19.5,76.5,262,255,0,0,157,0.2,0.2,19.5,16.6,15.1
2026-05-14T20:29:16Z,0,0,0,0,0,0,19.4,851,19.6,19.8,74.7,261,254,0,0,178,0.2,0.2,19.8,16.6,15.3
2026-05-14T20:44:22Z,0,0,0,0,0,0,19.4,851,19.5,19.7,72.6,260,254,0,0,172,0.2,0.2,19.7,16.3,15.3
2026-05-14T20:59:30Z,0,0,0,0,0,0,19.1,851,19.3,19.5,72.1,259,253,0,0.7,195,2.8,2.8,19.5,16.1,15.1
2026-05-14T21:14:51Z,0,0,0,0,0,0,18.9,850.8,19.1,19.3,73,261,252,0,0.1,184,1.1,1.1,19.2,16,14.9
2026-05-14T21:29:59Z,0,0,0,0,0,0,18.5,850.8,18.7,19,74.5,259,254,0,0.7,190,2.2,2.2,18.9,15.9,14.6
2026-05-14T21:45:06Z,0,0,0,0,0,0,18,850.7,18.2,18.5,76.7,261,254,0,0.3,104,0.9,0.9,18.4,15.7,14.1
2026-05-14T22:00:11Z,0,0,0,0,0,0,17.6,850.7,17.8,18,78.6,261,253,0,0,146,0.4,0.4,18,15.5,13.7
2026-05-14T22:15:17Z,0,0,0,0,0,0,17.6,850.6,17.8,18,79.5,261,253,0,0,110,0,0,18,15.6,13.7
2026-05-14T22:30:41Z,0,0,0,0,0,0,17.6,850.4,17.8,18,79.7,261,253,0,0.7,66,1.3,1.3,17.9,15.5,13.6
2026-05-14T22:45:54Z,0,0,0,0,0,0,17.4,850.1,17.6,17.8,81.4,259,254,0,0.5,144,1.1,1.1,17.8,15.6,13.6
2026-05-14T23:01:01Z,0,0,0,0,0,0,17.2,849.9,17.3,17.6,83.3,260,253,0,0.3,166,0.9,0.9,17.6,15.6,13.3
2026-05-14T23:16:08Z,0,0,0,0,0,0,16.9,849.7,17.1,17.3,84.5,260,254,0,0.5,188,1.5,1.5,17.3,15.5,13.1
2026-05-14T23:32:03Z,0,0,0,0,0,0,16.6,849.8,16.7,17,85.8,261,255,0,0.1,98,0.2,0.2,17,15.3,12.8
2026-05-14T23:47:10Z,0,0,0,0,0,0,16.3,849.9,16.4,16.7,87.4,261,253,0,0,67,0,0,16.7,15.2,12.5
2026-05-15T00:00:15Z,0,0,0,0,0,0,16,849.8,16.2,16.3,88.6,261,252,0,0,67,0,0,16.3,15,12.1
2026-05-15T00:15:23Z,0,0,0,0,0,0,15.8,850,16,16.1,90.4,261,253,0,0,67,0,0,16.1,15,11.9
2026-05-15T00:30:30Z,0,0,0,0,0,0,15.8,849.9,16.1,16.2,91.4,261,253,0,0,67,0,0,16.2,15.1,12
2026-05-15T00:45:37Z,0,0,0,0,0,0,15.9,849.9,16.2,16.3,90.6,260,253,0,0,67,0,0,16.4,15.2,12.1
2026-05-15T01:00:51Z,0,0,0,0,0,0,16,850.1,16.2,16.4,90.8,260,253,0,0,67,0,0,16.4,15.3,12.2
2026-05-15T01:16:00Z,0,0,0,0,0,0,16.1,850.1,16.4,16.6,90.5,259,254,0,0,67,0,0,16.6,15.5,12.4
2026-05-15T01:31:06Z,0,0,0,0,0,0,16.3,850.2,16.4,16.7,89.9,259,255,0,0.2,85,0.7,0.7,16.7,15.5,12.5
2026-05-15T01:46:13Z,0,0,0,0,0,0,16.4,850.1,16.6,16.7,89.9,260,253,0,0,85,0,0,16.8,15.5,12.6
2026-05-15T02:01:20Z,0,0,0,0,0,0,16.3,850.2,16.4,16.7,89.3,260,254,0,0,85,0,0,16.7,15.4,12.5
2026-05-15T02:16:27Z,0,0,0,0,0,0,16.3,850.2,16.3,16.6,90.1,260,254,0,0,85,0,0,16.6,15.4,12.4
2026-05-15T02:31:34Z,0,0,0,0,0,0,16,850.2,16.2,16.4,90.7,259,253,0,0,85,0,0,16.4,15.3,12.2
2026-05-15T02:46:40Z,0,0,0,0,0,0,15.7,850.3,15.9,16,91.6,260,253,0,0,85,0,0,16,15,11.8
2026-05-15T03:02:04Z,0,0,0,0,0,0,15.6,850.4,15.8,15.9,92.8,260,254,0,0,85,0,0,16,15.1,11.8
2026-05-15T03:17:11Z,0,0,0,0,0,0,15.5,850.5,15.8,15.9,93.2,261,263,0,0,85,0,0,15.9,15.1,11.7
2026-05-15T03:32:11Z,0,0,0,0.1,0,0,15.4,850.7,15.7,15.7,93.8,267,311,0,0,85,0,0,15.8,15,11.6
2026-05-15T03:47:17Z,0,0,0,0.1,0,0,15.3,850.8,15.6,15.7,94.2,277,404,0,0,85,0,0,15.7,15,11.5
2026-05-15T04:02:24Z,0,0,0,0.2,0,0,15.6,850.9,15.9,15.9,94.7,290,510,0,0,85,0,0,15.9,15.3,11.7
2026-05-15T04:17:31Z,0,0,0,0.2,0,0,16,851,16.2,16.2,94.8,299,581,0,0,85,0,0,16.3,15.6,12.1
2026-05-15T04:33:14Z,0,0,0,0.3,0,0,16.4,851.3,16.7,16.6,91.9,323,842,0,0,77,0,0,16.7,15.7,12.5
2026-05-15T04:48:21Z,0,0,0,0.3,0,0,17.2,851.5,17.4,17.2,89.7,323,820,0,0.1,40,0.4,0.4,17.3,16,13.1
2026-05-15T05:03:28Z,0,0,0,0.5,0,0,17.3,851.6,17.4,17.6,87.8,346,1154,0,0,59,0,0,17.6,16.1,13.4
2026-05-15T05:19:09Z,0,0,0,0.5,0,0,17.6,851.8,18.1,18,85.3,346,1142,0,0.1,109,0.7,0.7,18,16.2,13.7
2026-05-15T05:34:32Z,0,0,0,0.5,0,0,18.1,851.8,18.4,18.5,84.6,342,1054,0,0,113,0,0,18.6,16.6,14.2
2026-05-15T05:49:39Z,0,0,0,0.5,0,0,18.6,851.8,18.8,18.9,83,355,1308,0,0,101,0,0,18.9,16.8,14.6
2026-05-15T06:04:46Z,0,0,0,0.7,0,0,19,851.8,19.1,19.3,80.4,383,1556,0,0,101,0,0,19.3,16.9,14.9
2026-05-15T06:19:52Z,0,0,0,0.8,0,0,19.5,851.8,19.6,19.6,78.8,413,1828,0,0,101,0,0,19.6,17,15.2
2026-05-15T06:34:58Z,0,0,0,1.8,0,0,19.5,851.7,19.6,19.3,78.9,595,3797,0,0,114,0.2,0.2,19.4,16.8,15
2026-05-15T06:50:05Z,0,0,0,2.7,0,0,20.9,851.6,21.6,20.9,73.5,757,5566,0,0,114,0,0,20.9,17.5,16.3
2026-05-15T07:05:11Z,0,0,0,2.9,0,0,22,851.7,22.7,21.9,69.6,806,6098,0,0.2,320,0.7,0.7,21.9,18,17.2
2026-05-15T07:20:37Z,0,0,0,3.5,0,0,22.4,851.6,22.6,23,64.7,916,7451,0,0.3,149,0.8,0.8,23.1,18.4,18.2
2026-05-15T07:35:44Z,0,0,0,1.8,0,0,21.8,851.5,22.6,22.3,68,584,3652,0,0.1,149,0.4,0.4,22.3,18.1,17.6
2026-05-15T07:50:51Z,0,0,0,3.8,0,0,22.5,851.4,23.4,23.1,66.6,971,7887,0,0,173,0.4,0.4,23.1,18.7,18.2
2026-05-15T08:05:57Z,0,0,0,4,0,0,23,851.3,24,23.5,63,1011,8364,0,0.3,168,1.1,1.1,23.5,18.6,18.6
2026-05-15T08:21:04Z,0,0,0,1,0,0,23.1,851.2,24.2,23.8,62.4,437,1935,0,0.2,131,0.9,0.9,23.8,18.8,18.8
2026-05-15T08:36:10Z,0,0,0,4.3,0,0,23.5,851,24.6,24,61.1,1059,8824,0,0.4,169,1.1,1.1,24,18.8,19
2026-05-15T08:51:17Z,0,0,0,1.2,0,0,22.9,850.8,23.8,23.3,61.7,478,2406,0,0.9,191,1.7,1.7,23.3,18.2,18.4
2026-05-15T09:06:42Z,0,0,0,1.2,0,0,23.8,850.6,24.4,24.5,60.3,475,2420,0,0,191,0.2,0.2,24.5,19.1,19.4
2026-05-15T09:21:48Z,0,0,0,1.7,0,0,24.5,850.4,25,24.7,57.5,566,3361,0,0.4,147,1.1,1.1,24.7,18.9,19.6
2026-05-15T09:36:55Z,0,0,0,1.2,0,0,24.6,850.2,25.2,24.8,57.5,480,2431,0,0.9,226,2.4,2.4,24.8,19,19.6
2026-05-15T09:52:47Z,0,0,0,4,0,0,23.9,850,24.4,24.3,59.8,1005,8286,0,0.7,155,1.7,1.7,24.3,18.8,19.2
2026-05-15T10:07:54Z,0,0,0,3.9,0,0,24.4,849.8,25.4,25.2,56.9,991,8138,0,0.2,187,0.9,0.9,25.3,19.2,20
2026-05-15T10:23:01Z,0,0,0,3.7,0,0,25.3,849.5,26.4,26.2,51.8,946,7738,0,0.5,165,2.1,2.1,26.2,19.3,20.7
2026-05-15T10:38:07Z,0,0,0,0.9,0,0,25.3,849.2,26.1,25.9,51.8,416,1736,0,0.6,149,2.2,2.2,25.9,19,20.4
2026-05-15T10:53:13Z,0,0,0,3.7,0,0,25.7,849,26.6,26.3,52,939,7591,0,1.1,183,3.1,3.1,26.3,19.4,20.8
2026-05-15T11:08:40Z,0,0,0,3.3,0,0,25.4,848.7,26.2,26.2,53,877,6959,0,0.3,184,0.9,0.9,26.2,19.5,20.7
2026-05-15T11:23:47Z,0,0,0,3.3,0,0,25.4,848.6,26.2,26.1,51.4,864,6802,0,0.5,175,1.1,1.1,26.2,19.2,20.7
2026-05-15T11:38:53Z,0,0,0,2.9,0,0,25.6,848.5,26.4,26.3,54,800,6051,0,0.8,176,1.5,1.5,26.3,19.7,20.8
2026-05-15T11:54:03Z,0,0,0,3,0,0,26.7,848.2,27.2,26.8,50.5,807,6113,0,0.2,233,0.4,0.4,27.3,19.6,21.5
2026-05-15T12:09:09Z,0,0,0,2.6,0,0,27.4,847.9,27.9,27.6,46.1,749,5488,0,0,202,0.4,0.4,27.7,19.6,21.8
2026-05-15T12:24:16Z,0,0,0,0.9,0,0,27.7,847.7,28.2,27.9,49.7,428,1886,0,0,200,0.2,0.2,28.3,20.5,22.3
2026-05-15T12:39:23Z,0,0,0,0.9,0,0,25.7,847.6,26.3,26,51.2,420,1830,0,0.6,202,1.5,1.5,26,19.1,20.6
2026-05-15T12:54:44Z,0,0,0,1.9,0,0,25.1,847.4,25.7,25.7,52.7,604,3984,0,0,176,0,0,25.7,19,20.3
2026-05-15T13:09:51Z,0,0,0,2,0,0,26.3,847.4,27.1,26.6,49.9,623,4236,0,0.1,176,0.4,0.4,26.6,19.3,21
2026-05-15T13:24:57Z,0,0,0,1.5,0,0,26.7,847.2,27.6,27.3,51.7,543,3488,0,0.2,183,0.4,0.4,27.8,20.2,21.9
2026-05-15T13:40:04Z,0,0,0,0.3,0,0,25.3,847.4,26.2,25.9,54.3,320,832,0,0.5,176,0.9,0.9,25.9,19.4,20.5
2026-05-15T13:55:10Z,0,0,0,0.3,0,0,24.4,847.4,24.9,24.8,58.4,323,811,0,0.1,176,0.4,0.4,24.8,19.1,19.6
2026-05-15T14:10:16Z,0,0,0,0.8,0,0,25.1,847.4,25.9,25.7,55.4,414,1919,0,0.1,176,0.4,0.4,25.8,19.5,20.4
2026-05-15T14:25:23Z,0,0,0,0.6,0,0,25.2,847.4,25.9,26,55.4,363,1567,0,0.2,153,1.1,1.1,26.1,19.7,20.6
2026-05-15T14:40:49Z,0,0,0,0.1,0,0,24.2,847.5,24.5,24.8,62.2,276,428,0,0.1,146,0.4,0.4,24.8,19.6,19.6
2026-05-15T14:55:56Z,0,0,0,0.2,0,0,23.4,847.5,23.7,23.9,65.9,287,533,0,0.3,130,0.9,0.9,24,19.3,18.9
2026-05-15T15:11:02Z,0,0,0,0.1,0,0,23,847.8,23.2,23.4,67.7,269,336,0,0.1,140,1.1,1.1,23.5,19.1,18.5
2026-05-15T15:26:09Z,0,0,0,0,0,0,22.5,847.9,22.7,22.9,69.2,264,273,0,0,102,0.4,0.4,23,18.9,18.1
2026-05-15T15:41:16Z,0,0,0,0,0,0,22.1,848.1,22.2,22.5,70.6,261,256,0,0.5,88,1.3,1.3,22.5,18.6,17.7
2026-05-15T15:56:23Z,0,0,0,0,0,0,21.7,848.4,21.9,22.1,71.9,260,253,0,0.1,122,0.4,0.4,22.2,18.5,17.4
2026-05-15T16:11:30Z,0,0,0,0,0,0,21.7,848.5,21.9,22,71.7,260,254,0,0,131,0,0,22.1,18.4,17.4
2026-05-15T16:26:53Z,0,0,0,0,0,0,21.6,848.7,21.7,21.9,71.7,260,253,0,0,79,0,0,21.9,18.2,17.3
2026-05-15T16:42:00Z,0,0,0,0,0,0,21.4,848.9,21.6,21.8,71.4,260,253,0,0.7,98,1.5,1.5,21.8,18.1,17.2
2026-05-15T16:57:06Z,0,0,0,0,0,0,21.3,849,21.5,21.6,71.5,260,253,0,0.3,119,0.7,0.7,21.7,18,17
2026-05-15T17:12:13Z,0,0,0,0,0,0,21.2,849.3,21.3,21.5,72.8,259,254,0,0,86,0,0,21.6,18.1,16.9
2026-05-15T17:27:19Z,0,0,0,0,0,0,21.1,849.4,21.2,21.4,73.6,259,254,0,0,82,0,0,21.5,18.1,16.9
2026-05-15T17:43:03Z,0,0,0,0,0,0,21.1,849.4,21.3,21.4,71.2,261,253,0,1.1,72,1.7,1.7,21.4,17.7,16.8
2026-05-15T17:58:09Z,0,0,0,0,0,0,21.1,849.6,21.2,21.4,73,260,253,0,0,78,0.4,0.4,21.5,18,16.8
2026-05-15T18:13:16Z,0,0,0,0,0,0,20.9,849.7,21,21.2,74.6,260,253,0,0,32,0,0,21.3,18,16.7
2026-05-15T18:28:23Z,0,0,0,0,0,0,20.7,849.8,20.8,20.9,75.5,260,253,0,0,68,0,0,21,17.8,16.4
2026-05-15T18:43:30Z,0,0,0,0,0,0,20.4,850.1,20.6,20.8,76.1,261,254,0,0,81,0,0,20.8,17.8,16.3
2026-05-15T18:58:37Z,0,0,0,0,0,0,20.3,850.1,20.4,20.6,75.8,261,253,0,0.1,112,0.7,0.7,20.7,17.6,16.2
2026-05-15T19:13:58Z,0,0,0,0,0,0,20,850.1,20.1,20.4,76.7,260,253,0,0,83,0.2,0.2,20.5,17.5,16
2026-05-15T19:29:05Z,0,0,0,0,0,0,19.8,850.3,19.9,20.1,78.4,261,254,0,0,82,0.2,0.2,20.1,17.4,15.7
2026-05-15T19:44:12Z,0,0,0,0,0,0,19.7,850.3,19.8,20,79.1,260,252,0,0,83,0.2,0.2,20.1,17.4,15.6
2026-05-15T19:59:18Z,0,0,0,0,0,0,19.6,850.3,19.8,20,79.4,259,254,0,0,97,0,0,20,17.4,15.6
2026-05-15T20:14:25Z,0,0,0,0,0,0,19.8,850.3,19.9,20.1,78,260,253,0,0.1,143,0.4,0.4,20.1,17.4,15.7
2026-05-15T20:29:32Z,0,0,0,0,0,0,19.9,850.3,20,20.2,74.8,260,252,0,0.8,201,2.6,2.6,20.2,17.1,15.8
2026-05-15T20:44:39Z,0,0,0,0,0,0,19.5,850.4,19.7,19.9,76.4,260,253,0,0,156,0.4,0.4,19.9,17,15.5
2026-05-15T21:00:02Z,0,0,0,0,0,0,19.1,850.2,19.3,19.5,78,262,253,0,0.6,156,2.6,2.6,19.6,16.8,15.2
2026-05-15T21:15:09Z,0,0,0,0,0,0,18.7,850.3,18.9,19.1,80,260,254,0,0.4,153,1.5,1.5,19.2,16.7,14.8
2026-05-15T21:30:16Z,0,0,0,0,0,0,18.4,850.3,18.5,18.8,81.5,259,254,0,0,145,0,0,18.9,16.6,14.5
2026-05-15T21:45:23Z,0,0,0,0,0,0,18.4,850.2,18.5,18.7,82.2,259,253,0,0,145,0.2,0.2,18.8,16.6,14.4
2026-05-15T22:00:30Z,0,0,0,0,0,0,18.3,850,18.5,18.7,82.6,259,253,0,0,164,0,0,18.8,16.6,14.4
2026-05-15T22:15:37Z,0,0,0,0,0,0,18,849.9,18.2,18.5,83.7,259,252,0,0.6,155,1.7,1.7,18.5,16.5,14.2
2026-05-15T22:30:44Z,0,0,0,0,0,0,17.9,849.8,18,18.2,84.7,260,253,0,0.2,158,1.1,1.1,18.3,16.4,14
2026-05-15T22:46:06Z,0,0,0,0,0,0,17.6,849.7,17.8,18,85.2,261,254,0,0.4,147,1.7,1.7,18,16.2,13.8
2026-05-15T23:01:13Z,0,0,0,0,0,0,17.5,849.6,17.6,17.8,86.3,259,254,0,0.2,147,0.8,0.8,17.9,16.2,13.6
2026-05-15T23:16:21Z,0,0,0,0,0,0,17.3,849.6,17.5,17.7,87.1,260,253,0,0,131,0.2,0.2,17.7,16.2,13.5
2026-05-15T23:31:28Z,0,0,0,0,0,0,17.2,849.6,17.3,17.5,87.7,260,253,0,0.3,130,0.9,0.9,17.6,16.1,13.3
2026-05-15T23:46:35Z,0,0,0,0,0,0,17.1,849.3,17.2,17.5,88.4,260,253,0,0.4,130,1.3,1.3,17.5,16.1,13.3
2026-05-16T00:00:42Z,0,0,0,0,0,0,17,849.4,17.1,17.4,88.6,260,253,0,0,131,0.2,0.2,17.4,16,13.2
2026-05-16T00:16:08Z,0,0,0,0,0,0,16.8,849.3,16.9,17.1,89.3,260,253,0,0,131,0,0,17.2,15.9,13
2026-05-16T00:31:15Z,0,0,0,0,0,0,16.7,849.4,16.8,17.1,90.7,260,253,0,0,131,0,0,17.1,16,12.9
2026-05-16T00:46:23Z,0,0,0,0,0,0,17,849.4,17.1,17.3,90.1,259,254,0,0,131,0.2,0.2,17.4,16.1,13.1
2026-05-16T01:01:30Z,0,0,0,0,0,0,17.1,849.4,17.2,17.4,89.1,259,254,0,0,131,0,0,17.5,16.1,13.3
2026-05-16T01:16:37Z,0,0,0,0,0,0,17.2,849.4,17.4,17.5,89.1,261,253,0,0,131,0,0,17.6,16.2,13.3
2026-05-16T01:31:44Z,0,0,0,0,0,0,17.1,849.5,17.2,17.5,88.9,261,253,0,0.1,131,0.4,0.4,17.5,16.2,13.3
2026-05-16T01:46:51Z,0,0,0,0,0,0,17.1,849.8,17.2,17.5,89.1,260,254,0,0,131,0,0,17.5,16.2,13.3
2026-05-16T02:02:13Z,0,0,0,0,0,0,17.2,849.7,17.2,17.5,89.4,260,253,0,0,131,0.2,0.2,17.6,16.3,13.3
2026-05-16T02:17:19Z,0,0,0,0,0,0,17.2,849.8,17.2,17.5,89.6,259,254,0,0.1,131,0.2,0.2,17.6,16.3,13.4
2026-05-16T02:32:26Z,0,0,0,0,0,0,17.2,849.8,17.2,17.5,90.1,262,252,0,0,131,0,0,17.6,16.4,13.4
2026-05-16T02:47:33Z,0,0,0,0,0,0,17,849.9,17.1,17.4,89.5,259,254,0,0,131,0,0,17.5,16.2,13.2
2026-05-16T03:02:40Z,0,0,0,0,0,0,16.9,849.9,17,17.2,90.9,260,254,0,0,131,0,0,17.3,16.1,13
2026-05-16T03:17:46Z,0,0,0,0,0,0,16.8,849.8,16.9,17.1,91.6,262,291,0,0,131,0,0,17.2,16.1,13
2026-05-16T03:32:53Z,0,0,0,0.1,0,0,16.8,849.8,16.8,17.1,92,267,319,0,0,131,0.2,0.2,17.2,16.1,12.9
2026-05-16T03:48:17Z,0,0,0,0.1,0,0,16.9,849.9,17.1,17.2,92.2,282,525,0,0,131,0,0,17.3,16.3,13.1
2026-05-16T04:03:48Z,0,0,0,0.1,0,0,17.3,850.1,17.4,17.6,90.8,275,449,0,0,131,0,0,17.7,16.5,13.4
2026-05-16T04:19:18Z,0,0,0,0.1,0,0,17.4,850.4,17.6,17.7,90.2,275,402,0,0,131,0,0,17.8,16.6,13.6
2026-05-16T04:34:25Z,0,0,0,0.2,0,0,17.5,850.6,17.7,17.8,90,298,657,0,0,131,0.4,0.4,17.9,16.6,13.6
2026-05-16T04:49:31Z,0,0,0,0.3,0,0,17.7,850.7,17.8,18,89,314,824,0,0.1,131,0.4,0.4,18.1,16.7,13.8
2026-05-16T05:05:30Z,0,0,0,0.4,0,0,17.9,850.8,18.1,18.1,87.1,340,1146,0,0.8,246,1.6,1.6,18.2,16.6,13.9
2026-05-16T05:20:37Z,0,0,0,0.4,0,0,18.1,850.9,18.2,18.4,86.8,331,1027,0,0.2,206,0.4,0.4,18.5,16.8,14.2
2026-05-16T05:35:43Z,0,0,0,0.8,0,0,18.4,850.9,18.6,18.7,84.7,407,1813,0,1.1,260,1.7,1.7,18.8,16.8,14.4
2026-05-16T05:50:49Z,0,0,0,1.1,0,0,19.5,851.1,19.8,19.6,80.7,471,2472,0,0.8,231,2,2,19.7,17.3,15.3
2026-05-16T06:06:16Z,0,0,0,1,0,0,19.7,851.2,20,19.9,80.1,445,2265,0,0.2,241,0.9,0.9,19.9,17.4,15.5
2026-05-16T06:21:22Z,0,0,0,2.4,0,0,20,851.2,20.4,20.4,79.3,707,5201,0,0,199,0.2,0.2,20.4,17.8,16
2026-05-16T06:36:29Z,0,0,0,0.9,0,0,20,851.2,20.2,20,78.6,435,2179,0,0.6,215,1.7,1.7,20,17.3,15.6
2026-05-16T06:51:35Z,0,0,0,1.9,0,0,20.2,851.1,20.6,20.4,78.7,609,3967,0,0.2,231,0.9,0.9,20.5,17.8,16
2026-05-16T07:06:43Z,0,0,0,1.9,0,0,20.5,851.1,20.7,20.4,74.9,610,4008,0,1.7,257,2.8,2.8,20.5,17.3,16
2026-05-16T07:21:49Z,0,0,0,1.4,0,0,20.8,851,21.1,21,75.4,526,3131,0,0,193,0.2,0.2,21,17.9,16.5
2026-05-16T07:36:56Z,0,0,0,1.6,0,0,21.8,851,21.9,21.8,69.6,563,3498,0,0.5,308,1.1,1.1,21.8,17.9,17.2
2026-05-16T07:52:20Z,0,0,0,1.8,0,0,22.2,851,22.6,22.4,68.2,596,3841,0,0,200,0.2,0.2,22.4,18.3,17.7
2026-05-16T08:07:27Z,0,0,0,1.7,0,0,22.7,850.9,23.2,22.8,67.2,573,3528,0,0.1,210,1.1,1.1,22.9,18.5,18
2026-05-16T08:22:33Z,0,0,0,1.7,0,0,22.3,850.7,22.7,22.2,68.7,568,3526,0,0.1,191,0.7,0.7,22.2,18.2,17.5
2026-05-16T08:37:39Z,0,0,0,2.9,0,0,22.4,850.5,22.6,22.2,67.4,797,5906,0,0.8,261,1.7,1.7,22.2,18,17.5
2026-05-16T08:52:46Z,0,0,0,1.8,0,0,23.3,850.3,24,23.5,63.9,586,3670,0,0.9,157,1.3,1.3,23.6,18.7,18.6
2026-05-16T09:07:52Z,0,0,0,4,0,0,22.5,850,22.8,22.5,66.9,994,8285,0,0.8,240,1.5,1.5,22.5,18.2,17.7
2026-05-16T09:23:00Z,0,0,0,1.4,0,0,24.1,849.7,23.9,23.7,63.1,523,2918,0,0.7,320,1.5,1.5,23.7,18.8,18.7
2026-05-16T09:38:25Z,0,0,0,1.9,0,0,24.1,849.4,24.2,23.8,61,610,3809,0,0.9,254,2.2,2.2,23.8,18.6,18.8
2026-05-16T09:53:31Z,0,0,0,1.2,0,0,24.3,849.2,24.7,24.2,60.5,476,2393,0,0.6,152,1.1,1.1,24.2,18.9,19.2
2026-05-16T10:08:38Z,0,0,0,1.2,0,0,24.2,848.8,24.8,24.8,56.3,484,2399,0,1.4,169,3.3,3.3,24.8,18.8,19.6
2026-05-16T10:23:45Z,0,0,0,3.8,0,0,24.8,848.7,25.4,25.4,57.2,966,7856,0,0.6,160,1.7,1.7,25.5,19.5,20.1
2026-05-16T10:38:51Z,0,0,0,4,0,0,25.9,848.4,26.6,26.4,56.1,999,8157,0,0.6,172,2.2,2.2,26.4,20.1,20.9
2026-05-16T10:53:57Z,0,0,0,3.7,0,0,26.1,848.2,26.9,26.6,59.3,951,7673,0,0.5,157,1.5,1.5,27.6,20.8,21.7
2026-05-16T11:09:03Z,0,0,0,3.4,0,0,26,848.1,26.7,26.6,53.7,889,6913,0,0.2,192,0.7,0.7,26.6,19.9,21
2026-05-16T11:24:28Z,0,0,0,3.5,0,0,26.4,847.8,27.2,26.6,54.5,905,7118,0,0.4,199,1.1,1.1,27.3,20.1,21.5
2026-05-16T11:39:47Z,0,0,0,0.8,0,0,25.6,847.6,26.2,26.2,53.8,409,1726,0,0.3,184,1.3,1.3,26.3,19.6,20.7
2026-05-16T11:54:54Z,0,0,0,3,0,0,26.2,847.5,26.6,26.8,51.1,811,6146,0,1,161,1.5,1.5,27.3,19.7,21.5
2026-05-16T12:10:00Z,0,0,0,1,0,0,26.1,847.4,26.8,26.4,52,446,2143,0,0.7,198,1.3,1.3,26.4,19.5,20.8
2026-05-16T12:25:25Z,0,0,0,2.6,0,0,25.6,847.2,26.1,26.2,54.1,738,5439,0,0.1,179,0.8,0.8,26.2,19.7,20.7
2026-05-16T12:40:32Z,0,0,0,2.4,0,0,26.9,847.1,27.7,27.8,51.4,709,5135,0,0.9,172,2.4,2.4,28.3,20.6,22.3
2026-05-16T12:55:39Z,0,0,0,2.2,0,0,26.5,847.1,27.2,27.5,52.2,661,4624,0,0.2,158,0.7,0.7,28.1,20.5,22.1
2026-05-16T13:10:45Z,0,0,0,1.2,0,0,26.4,847.2,27.1,27.6,52.6,477,2531,0,0.4,160,1.3,1.3,28.2,20.6,22.1
2026-05-16T13:26:34Z,0,0,0,1.5,0,0,24.9,847.1,25.4,25.7,58.9,532,3241,0,0,164,0.2,0.2,25.8,19.9,20.3
2026-05-16T13:41:40Z,0,0,0,0.5,0,0,25.2,847.1,25.7,26.2,58.5,348,1100,0,0.7,124,3.7,3.7,26.4,20.4,20.8
2026-05-16T13:56:47Z,0,0,0,0.3,0,0,23.9,847.3,24.1,24.5,64.6,312,679,0,0.3,161,1.1,1.1,24.6,19.7,19.4
2026-05-16T14:11:54Z,0,0,0,0.3,0,0,23.3,847.3,23.5,23.8,66.1,306,607,0,0.5,114,1.5,1.5,23.9,19.3,18.9
2026-05-16T14:27:00Z,0,0,0,0.4,0,0,23.4,847.5,23.7,23.8,66.7,331,1004,0,0,73,0.4,0.4,23.9,19.4,18.9
2026-05-16T14:42:08Z,0,0,0,0.2,0,0,23.4,847.6,23.5,23.7,67.4,289,550,0,0.4,73,1.1,1.1,23.8,19.4,18.8
2026-05-16T14:57:32Z,0,0,0,0.1,0,0,23,847.8,23.2,23.4,68.6,271,350,0,0.3,73,0.9,0.9,23.5,19.2,18.5
2026-05-16T15:12:39Z,0,0,0,0.1,0,0,22.5,848,22.7,22.9,69.7,271,342,0,1.5,87,3.1,3.1,23,18.9,18.1
2026-05-16T15:27:39Z,0,0,0,0,0,0,22.1,848.1,22.2,22.4,71.4,264,272,0,1.3,126,2.8,2.8,22.5,18.7,17.7
2026-05-16T15:42:46Z,0,0,0,0,0,0,21.8,848.2,21.9,22.1,72.8,261,253,0,0.3,77,1.5,1.5,22.2,18.6,17.5
2026-05-16T15:57:52Z,0,0,0,0,0,0,21.6,848.3,21.8,21.9,72.9,259,253,0,0.2,151,0.7,0.7,22,18.4,17.3
2026-05-16T16:12:59Z,0,0,0,0,0,0,21.2,848.4,21.3,21.6,73.1,259,253,0,0.9,118,2.2,2.2,21.6,18.2,17
2026-05-16T16:28:06Z,0,0,0,0,0,0,20.8,848.6,20.9,21.2,74.2,261,253,0,0,60,0.4,0.4,21.2,17.9,16.7
2026-05-16T16:43:13Z,0,0,0,0,0,0,20.5,849,20.6,20.8,75.4,261,252,0,0.1,60,0.7,0.7,20.9,17.7,16.3
2026-05-16T16:58:37Z,0,0,0,0,0,0,20.6,849.3,20.8,20.9,75.4,259,253,0,0,60,0.2,0.2,20.9,17.8,16.4
2026-05-16T17:13:45Z,0,0,0,0,0,0,20.6,849.3,20.8,21,74.3,260,253,0,0,67,0,0,21,17.7,16.4
2026-05-16T17:28:51Z,0,0,0,0,0,0,20.6,849.5,20.7,20.9,74.7,259,254,0,0,67,0,0,20.9,17.7,16.4
2026-05-16T17:43:58Z,0,0,0,0,0,0,20.4,849.6,20.5,20.7,75.6,260,252,0,0,67,0,0,20.7,17.6,16.2
2026-05-16T17:59:04Z,0,0,0,0,0,0,20.1,849.6,20.2,20.5,77.1,259,252,0,0,67,0,0,20.5,17.6,16
2026-05-16T18:14:11Z,0,0,0,0,0,0,19.8,849.6,19.9,20.1,78.7,261,254,0,0,67,0,0,20.2,17.5,15.7
2026-05-16T18:29:18Z,0,0,0,0,0,0,19.5,849.8,19.6,19.8,80.7,260,253,0,0,67,0,0,19.8,17.4,15.4
2026-05-16T18:44:40Z,0,0,0,0,0,0,19.3,849.9,19.4,19.6,82.1,260,254,0,0,67,0,0,19.7,17.4,15.3
2026-05-16T18:59:59Z,0,0,0,0,0,0,19.3,850,19.4,19.7,82.8,261,253,0,0,67,0,0,19.8,17.6,15.3
2026-05-16T19:15:06Z,0,0,0,0,0,0,19.4,850.1,19.6,19.8,81.1,260,253,0,0.4,67,1.1,1.1,19.8,17.4,15.4
2026-05-16T19:30:12Z,0,0,0,0,0,0,20,850.1,20.1,20.2,78.7,261,253,0,0.5,67,1.5,1.5,20.3,17.6,15.8
2026-05-16T19:45:19Z,0,0,0,0,0,0,19.7,850,19.8,20,79.4,261,253,0,0.2,129,1.1,1.1,20.1,17.5,15.7
2026-05-16T20:00:43Z,0,0,0,0,0,0,19.2,850.2,19.4,19.6,82.1,259,254,0,0.2,200,0.7,0.7,19.7,17.4,15.3
2026-05-16T20:15:50Z,0,0,0,0,0,0,19,850.2,19.1,19.4,83.3,259,252,0,0.6,145,1.5,1.5,19.5,17.3,15.1
2026-05-16T20:30:57Z,0,0,0,0,0,0,18.8,850.4,19,19.2,83.9,260,252,0,0.1,127,0.7,0.7,19.3,17.2,14.9
2026-05-16T20:46:04Z,0,0,0,0,0,0,18.6,850.3,18.8,19,84.5,259,253,0,0.6,183,2.4,2.4,19,17.1,14.7
2026-05-16T21:01:11Z,0,0,0,0,0,0,18.4,850.3,18.6,18.8,84.9,261,253,0,0.6,176,2,2,18.9,17,14.5
2026-05-16T21:16:18Z,0,0,0,0,0,0,18.1,850.3,18.3,18.6,86,261,253,0,0.1,177,0.4,0.4,18.6,16.9,14.3
2026-05-16T21:31:25Z,0,0,0,0,0,0,18,850.3,18.2,18.5,85.9,260,253,0,0,154,0.2,0.2,18.5,16.7,14.2
2026-05-16T21:46:47Z,0,0,0,0,0,0,17.9,850.2,18,18.3,86.7,260,252,0,0,137,0.2,0.2,18.4,16.7,14.1
2026-05-16T22:01:54Z,0,0,0,0,0,0,17.6,850.3,17.8,17.9,88.8,260,253,0,0.1,167,0.7,0.7,18,16.6,13.7
2026-05-16T22:17:00Z,0,0,0,0,0,0,17.3,850.2,17.5,17.8,90.7,260,253,0,0.2,154,1.7,1.7,17.8,16.6,13.6
2026-05-16T22:32:07Z,0,0,0,0,0,0,17.1,850.1,17.2,17.5,91.8,260,253,0,0,159,0,0,17.5,16.5,13.3
2026-05-16T22:47:13Z,0,0,0,0,0,0,17,849.9,17.1,17.4,92.2,260,254,0,0,159,0.2,0.2,17.5,16.4,13.2
2026-05-16T23:02:20Z,0,0,0,0,0,0,17,849.9,17.1,17.3,92.7,260,253,0,0,159,0,0,17.4,16.5,13.2
2026-05-16T23:17:27Z,0,0,0,0,0,0,17,849.8,17.1,17.4,92.9,260,254,0,0,159,0,0,17.5,16.5,13.2
2026-05-16T23:32:50Z,0,0,0,0,0,0,16.9,849.6,16.9,17.3,92.5,259,254,0,0,159,0,0,17.4,16.4,13.1
2026-05-16T23:47:57Z,0,0,0,0,0,0,16.8,849.3,16.9,17.2,92.8,260,255,0,0,159,0,0,17.3,16.3,13
2026-05-17T00:00:03Z,0,0,0,0,0,0,16.8,849.5,16.9,17.1,92.6,261,255,0,0,159,0,0,17.2,16.2,13
2026-05-17T00:15:59Z,0,0,0,0,0,0,16.7,849.6,16.8,17.1,92.8,259,253,0,0,159,0,0,17.2,16.2,12.9
2026-05-17T00:31:06Z,0,0,0,0,0,0,16.9,849.7,17,17.2,93,259,253,0,0,159,0,0,17.3,16.3,13
2026-05-17T00:46:13Z,0,0,0,0,0,0,16.9,849.6,16.9,17.2,92.6,261,253,0,0.1,159,0.4,0.4,17.3,16.4,13.1
2026-05-17T01:01:19Z,0,0,0,0,0,0,17,849.7,17,17.3,92,260,254,0,0,159,0.4,0.4,17.4,16.4,13.2
2026-05-17T01:16:26Z,0,0,0,0,0,0,17,849.7,17.1,17.4,91.6,260,253,0,0.2,159,1.3,1.3,17.4,16.3,13.2
2026-05-17T01:31:32Z,0,0,0,0,0,0,17,849.7,17.1,17.3,91.3,259,253,0,0.1,159,0.8,0.8,17.4,16.3,13.2
2026-05-17T01:46:54Z,0,0,0,0,0,0,17,849.7,17.1,17.3,91.5,260,254,0,0,159,0,0,17.4,16.3,13.2
2026-05-17T02:02:01Z,0,0,0,0,0,0,17,849.7,17.1,17.3,91.6,261,253,0,0,159,0,0,17.4,16.3,13.2
2026-05-17T02:17:08Z,0,0,0,0,0,0,17,849.6,17.1,17.4,91.7,261,254,0,0,159,0,0,17.4,16.4,13.2
2026-05-17T02:32:15Z,0,0,0,0,0,0,17,849.7,17.1,17.3,91.4,260,254,0,0,159,0,0,17.4,16.3,13.2
2026-05-17T02:47:41Z,0,0,0,0,0,0,17,850,17.1,17.3,91.8,260,253,0,0,159,0,0,17.4,16.3,13.2
2026-05-17T03:03:05Z,0,0,0,0,0,0,17,849.8,17.1,17.3,92,261,254,0,0,159,0,0,17.4,16.4,13.2
2026-05-17T03:18:12Z,0,0,0,0,0,0,17,850,17.1,17.4,91.8,260,258,0,0,159,0,0,17.5,16.4,13.2
2026-05-17T03:33:19Z,0,0,0,0,0,0,17.1,850.1,17.2,17.4,91.5,263,281,0,0,159,0,0,17.5,16.4,13.3
2026-05-17T03:48:26Z,0,0,0,0.1,0,0,17.1,850.2,17.2,17.5,90.9,267,350,0,0,159,0,0,17.6,16.4,13.3
2026-05-17T04:04:05Z,0,0,0,0.1,0,0,17.2,850.3,17.3,17.6,90.7,271,365,0,0,159,0,0,17.7,16.5,13.4
2026-05-17T04:19:13Z,0,0,0,0.1,0,0,17.4,850.5,17.5,17.7,91.1,266,338,0,0,159,0,0,17.8,16.6,13.5
2026-05-17T04:34:20Z,0,0,0,0.1,0,0,17.4,850.7,17.6,17.8,90.9,280,462,0,0,159,0,0,17.9,16.7,13.6
2026-05-17T04:49:27Z,0,0,0,0.3,0,0,17.6,850.9,17.8,18,90.3,316,853,0,0,159,0,0,18.1,16.8,13.8
2026-05-17T05:04:33Z,0,0,0,0.5,0,0,18.1,851,18.2,18.5,88.3,352,1258,0,0.6,159,1.3,1.3,18.6,17,14.2
2026-05-17T05:19:40Z,0,0,0,0.8,0,0,18.4,851.2,18.6,18.7,86.1,399,1723,0,0.3,183,1.1,1.1,18.8,17,14.4
2026-05-17T05:34:48Z,0,0,0,1.1,0,0,18.7,851.4,18.8,18.8,84.2,455,2282,0,1.2,265,2.2,2.2,18.9,16.9,14.5
2026-05-17T05:50:12Z,0,0,0,1.3,0,0,19.9,851.5,20.6,20,79.8,499,2728,0,0.4,177,1.3,1.3,20.1,17.5,15.7
2026-05-17T06:05:18Z,0,0,0,1.1,0,0,19.6,851.6,20,19.7,81.8,458,2333,0,0,181,0,0,19.8,17.5,15.4
2026-05-17T06:20:25Z,0,0,0,0.8,0,0,19.3,851.6,19.5,19.3,81.4,399,1632,0,0.3,183,0.9,0.9,19.4,17.1,15
2026-05-17T06:35:31Z,0,0,0.2,2.6,0,0,20.6,851.6,21.1,20.8,75.7,742,5689,0,0.8,183,1.5,1.5,20.9,17.8,16.3
2026-05-17T06:50:37Z,0,0,0.2,2.1,0,0,20.1,851.9,20.4,20,78.5,645,4453,0,1.6,183,2.6,2.6,20.1,17.4,15.6
2026-05-17T07:05:43Z,0,0,0.2,2.9,0,0,20.1,851.8,20.3,20.1,77,802,6086,0,0.4,183,0.9,0.9,20.1,17.3,15.7
2026-05-17T07:20:49Z,0,0,0.2,2.2,0,0,23,851.7,23.6,23.1,66.9,663,4428,0,0.3,183,1.3,1.3,23.1,18.7,18.2
2026-05-17T07:35:55Z,0,0,0.2,0.9,0,0,21.9,851.8,22.6,21.8,70.2,432,2121,0,1,183,2.4,2.4,21.8,18,17.2
2026-05-17T07:51:17Z,0,0,0.2,1.1,0,0,21.1,851.8,21.6,21.4,73.6,458,2192,0,0.2,183,0.9,0.9,21.4,18,16.8
2026-05-17T08:06:24Z,0,0,0.2,4,0,0,21.9,851.6,22.5,22.1,70.5,996,8243,0,0,183,0.2,0.2,22.1,18.3,17.4
2026-05-17T08:21:30Z,0,0,0.2,1.2,0,0,22.5,851.5,23.1,22.3,69.2,487,2513,0,1.1,183,1.7,1.7,22.4,18.4,17.6
2026-05-17T08:36:37Z,0,0,0.2,3.9,0,0,22,851.3,22.2,21.9,70,988,8154,0,1.1,183,2,2,22,18.1,17.3
2026-05-17T08:51:43Z,0,0,0.2,2.1,0,0,22.5,851,22.9,22.5,69.5,651,4216,0,0.5,183,1.7,1.7,22.5,18.5,17.8
2026-05-17T09:06:49Z,0,0,0.2,1.3,0,0,23,850.9,23.6,23.2,65.9,493,2482,0,0.4,183,1.5,1.5,23.2,18.7,18.3
2026-05-17T09:21:55Z,0,0,0.2,4.1,0,0,23.7,850.7,24.2,23.5,62.4,1024,8585,0,1.4,183,2.2,2.2,23.5,18.5,18.6
2026-05-17T09:37:20Z,0,0,0.2,4.1,0,0,23.7,850.4,24.4,24.4,60.2,1013,8360,0,1.2,183,2.6,2.6,24.4,19,19.3
2026-05-17T09:52:26Z,0,0,0.2,4.1,0,0,24.7,850.2,25,24.7,60.6,1014,8305,0,0.2,325,0.7,0.7,24.7,19.3,19.5
2026-05-17T10:07:33Z,0,0,0.2,1.1,0,0,24.1,850,24.3,23.9,60.8,457,2051,0,0.4,290,1.3,1.3,23.9,18.7,18.9
2026-05-17T10:22:39Z,0,0,0.2,1.4,0,0,24.8,849.7,25.1,25,57.3,510,2800,0,0,304,0.4,0.4,25,19.1,19.7
2026-05-17T10:37:46Z,0,0,0.2,1.3,0,0,24,849.6,24.7,24.5,58.4,498,2574,0,0.5,199,1.3,1.3,24.5,18.8,19.4
2026-05-17T10:52:53Z,0,0,0.2,4.2,0,0,26.9,849.3,27.4,27.1,53.5,1036,8830,0,0.9,199,1.7,1.7,27.7,20.4,21.8
2026-05-17T11:07:59Z,0,0,0.2,3.7,0,0,25.5,849.1,26.2,26.2,53.7,950,7871,0,0.1,183,1.1,1.1,26.2,19.6,20.7
2026-05-17T11:23:25Z,0,0,0.2,1,0,0,25.5,849,25.9,26.2,55.7,447,2133,0,0,183,0.4,0.4,26.3,19.9,20.8
2026-05-17T11:38:31Z,0,0,0.2,1.1,0,0,25.3,848.8,25.9,25.9,56.4,472,2432,0,0.5,183,1.1,1.1,26,19.8,20.5
2026-05-17T11:53:37Z,0,0,0.2,0.8,0,0,24,848.6,24.4,24.6,61,398,1692,0,0.2,124,1.7,1.7,24.6,19.3,19.5
2026-05-17T12:08:43Z,0,0,0.2,0.6,0,0,23.6,848.5,23.9,24.1,61.5,359,1302,0,0.3,164,0.7,0.7,24.1,18.9,19.1
2026-05-17T12:23:49Z,0,0,0.2,0.8,0,0,23.3,848.3,23.5,23.7,65.3,406,1783,0,0.3,181,1.3,1.3,23.8,19.1,18.8
2026-05-17T12:38:56Z,0,0,0.2,1.1,0,0,23.9,848.1,24.4,24.4,63.2,455,2284,0,0.3,174,1.3,1.3,24.5,19.4,19.4
2026-05-17T12:54:03Z,0,0,0.2,1.1,0,0,23.9,848.2,24.2,24.4,63,459,2377,0,0.5,101,2.4,2.4,24.5,19.4,19.4
2026-05-17T13:09:28Z,0,0,0.2,0.7,0,0,23.7,848.1,24.1,24.3,62.5,385,1496,0,0.3,161,0.9,0.9,24.4,19.2,19.3
2026-05-17T13:24:35Z,0,0,0.2,1.2,0,0,23.9,848.1,24.3,24.5,61.8,473,2570,0,0.2,149,0.9,0.9,24.6,19.3,19.4
2026-05-17T13:39:41Z,0,0,0.2,1.3,0,0,24.5,848,25,25.4,59.2,495,2827,0,1.3,111,4.1,4.1,25.5,19.8,20.2
2026-05-17T13:54:48Z,0,0,0.2,0.8,0,0,24.1,848,24.8,25,60.2,410,1888,0,0.9,183,2,2,25.1,19.6,19.9
2026-05-17T14:09:54Z,0,0,0.2,0.7,0,0,23.7,848.2,24.2,24.6,60.8,392,1704,0,0.1,176,1.3,1.3,24.7,19.3,19.5
2026-05-17T14:25:00Z,0,0,0.2,0.3,0,0,23.6,848.4,24,24.5,62,310,757,0,0.5,119,2.6,2.6,24.5,19.3,19.4
2026-05-17T14:40:06Z,0,0,0.2,0.2,0,0,22.7,848.6,22.9,23.3,65.8,284,491,0,0.1,153,0.7,0.7,23.3,18.7,18.4
2026-05-17T14:55:31Z,0,0,0.2,0.1,0,0,22.5,848.8,22.7,22.9,67.9,279,451,0,0,84,0,0,22.9,18.7,18.1
2026-05-17T15:10:37Z,0,0,0.2,0.1,0,0,22.1,848.9,22.2,22.5,68.7,267,300,0,0.1,99,0.7,0.7,22.5,18.4,17.8
2026-05-17T15:25:44Z,0,0,0.2,0,0,0,21.7,849,21.8,22,70.3,263,275,0,0.3,105,1.1,1.1,22.1,18.2,17.4
2026-05-17T15:40:51Z,0,0,0.2,0,0,0,21.3,849.2,21.4,21.7,72.2,261,254,0,0.2,124,0.7,0.7,21.7,18.1,17.1
2026-05-17T15:55:57Z,0,0,0.2,0,0,0,20.9,849.4,21,21.3,74.3,260,253,0,0.1,156,0.9,0.9,21.3,18,16.7
2026-05-17T16:11:03Z,0,0,0.2,0,0,0,20.6,849.7,20.8,21,75.5,258,252,0,0,156,0,0,21,17.9,16.5
2026-05-17T16:26:10Z,0,0,0.2,0,0,0,20.4,849.9,20.6,20.8,77,260,253,0,0.1,156,0.4,0.4,20.8,17.9,16.3
2026-05-17T16:41:35Z,0,0,0.2,0,0,0,20.4,850.1,20.5,20.7,77.4,260,253,0,0.4,156,0.7,0.7,20.8,17.9,16.3
2026-05-17T16:56:41Z,0,0,0.2,0,0,0,20.3,850.2,20.4,20.7,77.7,260,255,0,0.6,156,1.1,1.1,20.7,17.9,16.2
2026-05-17T17:11:48Z,0,0,0.2,0,0,0,20.2,850.3,20.3,20.6,77.7,260,253,0,0,156,0,0,20.6,17.8,16.1
2026-05-17T17:27:14Z,0,0,0.2,0,0,0,19.9,850.4,20.1,20.3,78.1,260,253,0,0.1,156,0.4,0.4,20.3,17.5,15.8
2026-05-17T17:42:37Z,0,0,0.2,0,0,0,19.9,850.5,20.1,20.2,78.4,259,254,0,0,100,0,0,20.3,17.6,15.8
2026-05-17T17:57:43Z,0,0,0.2,0,0,0,19.7,850.5,19.9,20.1,78.8,260,253,0,0,108,0,0,20.2,17.5,15.7
2026-05-17T18:12:50Z,0,0,0.2,0,0,0,19.6,850.7,19.7,19.9,79.5,261,253,0,0,126,0,0,19.9,17.3,15.5
2026-05-17T18:27:57Z,0,0,0.2,0,0,0,19.4,850.9,19.6,19.8,80.3,262,254,0,0,126,0,0,19.8,17.3,15.4
2026-05-17T18:43:45Z,0,0,0.2,0,0,0,19.4,851.1,19.5,19.7,81.6,259,253,0,0,126,0.2,0.2,19.8,17.4,15.4
2026-05-17T18:58:51Z,0,0,0.2,0,0,0,19.4,851.2,19.6,19.7,81.3,258,254,0,0,126,0.4,0.4,19.8,17.4,15.4
2026-05-17T19:13:57Z,0,0,0.2,0,0,0,19.6,851.3,19.7,19.9,77.9,260,253,0,0.9,129,2.6,2.6,19.9,17.2,15.5
2026-05-17T19:29:03Z,0,0,0.2,0,0,0,19.5,851.4,19.6,19.9,78,261,254,0,0.4,149,1.3,1.3,19.9,17.2,15.5
2026-05-17T19:44:11Z,0,0,0.2,0,0,0,19.3,851.4,19.4,19.7,78.9,260,253,0,0,76,0.2,0.2,19.7,17.1,15.3
2026-05-17T19:59:17Z,0,0,0.2,0,0,0,19.1,851.4,19.2,19.5,79.5,259,253,0,0,126,0,0,19.5,17,15.1
2026-05-17T20:14:42Z,0,0,0.2,0,0,0,19.1,851.3,19.2,19.5,79.8,259,254,0,0.1,151,0.7,0.7,19.5,17,15.1
2026-05-17T20:29:49Z,0,0,0.2,0,0,0,19.1,851.3,19.2,19.5,80.1,260,253,0,0.1,174,0.4,0.4,19.5,17,15.1
2026-05-17T20:44:55Z,0,0,0.2,0,0,0,18.6,851.4,18.8,19.1,82.5,258,254,0,0.2,152,1.1,1.1,19.1,16.9,14.8
2026-05-17T21:00:02Z,0,0,0.2,0,0,0,18.1,851.3,18.2,18.6,85.4,260,254,0,0,152,0.4,0.4,18.7,16.8,14.3
2026-05-17T21:15:09Z,0,0,0.2,0,0,0,18.2,851.3,18.2,18.5,84.9,260,253,0,0.1,189,1.1,1.1,18.6,16.7,14.3
2026-05-17T21:30:15Z,0,0,0.2,0,0,0,18.1,851.2,18.2,18.5,84.8,262,253,0,0.6,189,1.7,1.7,18.6,16.7,14.3
2026-05-17T21:45:21Z,0,0,0.2,0,0,0,18.1,851.2,18.2,18.5,85.4,261,254,0,0.2,186,0.7,0.7,18.6,16.7,14.2
2026-05-17T22:00:47Z,0,0,0.2,0,0,0,18,851.1,18.1,18.4,84.8,261,253,0,0,186,0.2,0.2,18.4,16.5,14.1
2026-05-17T22:15:53Z,0,0,0.2,0,0,0,17.8,850.9,17.9,18.2,85.5,261,253,0,0,185,0,0,18.2,16.5,14
2026-05-17T22:31:01Z,0,0,0.2,0,0,0,17.7,850.8,17.8,18.1,85.8,260,254,0,0,112,0,0,18.1,16.4,13.8
2026-05-17T22:46:08Z,0,0,0.2,0,0,0,17.6,850.6,17.8,18,86.2,260,253,0,0.1,135,0.7,0.7,18,16.3,13.7
2026-05-17T23:01:16Z,0,0,0.2,0,0,0,17.5,850.4,17.7,17.9,87.3,261,253,0,0,141,0,0,18,16.4,13.7
2026-05-17T23:16:23Z,0,0,0.2,0,0,0,17.4,850.2,17.6,17.8,87,260,254,0,0.1,148,0.4,0.4,17.9,16.3,13.6
2026-05-17T23:31:49Z,0,0,0.2,0,0,0,17.4,850.1,17.5,17.7,88.2,260,254,0,0,148,0,0,17.8,16.3,13.5
2026-05-17T23:46:56Z,0,0,0.2,0,0,0,17.3,850.1,17.4,17.7,88.3,259,252,0,0,148,0,0,17.7,16.3,13.5
2026-05-18T00:00:02Z,0,0,0.2,0,0,0,17.2,849.9,17.3,17.6,88.3,261,253,0,0,148,0,0,17.6,16.2,13.4
2026-05-18T00:15:09Z,0,0,0.2,0,0,0,17.1,849.8,17.2,17.4,89.3,260,254,0,0,148,0,0,17.5,16.2,13.3
2026-05-18T00:30:16Z,0,0,0.2,0,0,0,17.1,849.5,17.2,17.4,90.1,259,253,0,0,148,0,0,17.5,16.2,13.2
2026-05-18T00:45:23Z,0,0,0.2,0,0,0,17,849.6,17.1,17.4,90.2,259,252,0,0,148,0,0,17.5,16.2,13.2
2026-05-18T01:00:30Z,0,0,0.2,0,0,0,16.8,849.9,16.9,17.2,90.9,260,253,0,0,148,0.2,0.2,17.3,16.1,13
2026-05-18T01:15:54Z,0,0,0.2,0,0,0,17,850,17.1,17.3,91.3,260,253,0,0,148,0,0,17.4,16.3,13.1
2026-05-18T01:31:01Z,0,0,0.2,0,0,0,17,850,17.2,17.4,90.9,260,253,0,0,148,0,0,17.5,16.3,13.2
2026-05-18T01:46:18Z,0,0,0.2,0,0,0,17.1,850.1,17.2,17.4,90.8,260,252,0,0,148,0,0,17.5,16.3,13.3
2026-05-18T02:01:47Z,0,0,0.2,0,0,0,17.2,850.3,17.3,17.5,90.9,260,253,0,0,148,0,0,17.6,16.4,13.3
2026-05-18T02:16:53Z,0,0,0.2,0,0,0,17.2,850.3,17.2,17.5,91.5,260,253,0,0.1,148,0.2,0.2,17.6,16.5,13.4
2026-05-18T02:32:00Z,0,0,0.2,0,0,0,16.9,850.4,17,17.3,91.9,260,252,0,0.6,148,1.3,1.3,17.4,16.3,13.1
2026-05-18T02:47:07Z,0,0,0.2,0,0,0,16.7,850.6,16.8,17.1,92.4,260,253,0,0,96,0,0,17.2,16.2,12.9
2026-05-18T03:02:14Z,0,0,0.2,0,0,0,16.6,850.8,16.7,17,92.7,259,254,0,0.2,98,0.7,0.7,17.1,16.1,12.8
2026-05-18T03:17:21Z,0,0,0.2,0,0,0,16.6,850.9,16.7,16.9,93.1,261,259,0,0,102,0.4,0.4,17,16.1,12.8
2026-05-18T03:32:46Z,0,0,0.2,0,0,0,16.6,851,16.7,17,93.2,264,282,0,0,64,0,0,17.1,16.2,12.8
2026-05-18T03:47:53Z,0,0,0.2,0.1,0,0,16.7,851.1,16.8,17,93.3,274,386,0,0,79,0.2,0.2,17.1,16.2,12.9
2026-05-18T04:02:53Z,0,0,0.2,0.2,0,0,16.7,851.2,16.8,17,93,294,632,0,0,342,0,0,17.1,16.2,12.9
2026-05-18T04:18:00Z,0,0,0.2,0.2,0,0,16.9,851.3,17,17.2,92.6,299,663,0,0,343,0.2,0.2,17.3,16.3,13.1
2026-05-18T04:33:07Z,0,0,0.2,0.3,0,0,17.1,851.5,17.1,17.4,92,317,878,0,0,342,0.2,0.2,17.5,16.4,13.2
2026-05-18T04:48:13Z,0,0,0.2,0.3,0,0,17.5,851.6,17.6,17.7,91,313,813,0,0,341,0,0,17.8,16.7,13.6
2026-05-18T05:03:20Z,0,0,0.2,0.4,0,0,18,851.7,18.1,18.3,90.1,341,1142,0,0,342,0.2,0.2,18.4,17.1,14.1
2026-05-18T05:18:27Z,0,0,0.2,0.5,0,0,18.3,851.9,18.4,18.5,87.9,343,1116,0,0,341,0,0,18.7,17.1,14.3
2026-05-18T05:34:07Z,0,0,0.2,0.8,0,0,18.7,851.9,18.9,19,86.3,406,1764,0,0,341,0,0,19.1,17.3,14.7
2026-05-18T05:49:13Z,0,0,0.2,0.6,0,0,19.7,852,19.9,19.9,83.2,366,1427,0,0,27,0,0,20,17.8,15.6
2026-05-18T06:04:20Z,0,0,0,1.2,0.2,0,19.7,852,20.1,19.9,82.3,478,2513,0,0,328,0,0,20,17.8,15.6
2026-05-18T06:19:45Z,0,0,0,1.1,0.2,0,21.3,852.1,21.9,21.2,76.8,459,2412,0,0.2,215,0.8,0.8,21.3,18.2,16.7
2026-05-18T06:34:52Z,0,0,0,0.3,0.2,0,19.6,852.1,20,19.8,81,322,967,0,0.5,218,1.2,1.2,19.8,17.4,15.4
2026-05-18T06:49:58Z,0,0,0,0.9,0.2,0,19.7,852.1,20,20,81.7,422,1951,0,0.1,189,0.5,0.5,20.1,17.7,15.6
2026-05-18T07:05:04Z,0,0,0,1.1,0.2,0,20.8,852.2,21.2,21,78.1,470,2509,0,0.6,189,1.6,1.6,21.1,18.3,16.6
2026-05-18T07:20:52Z,0,0,0,0.9,0.2,0,20.4,852.2,20.7,20.4,77.4,430,1945,0,0.4,260,0.9,0.9,20.5,17.6,16
2026-05-18T07:35:59Z,0,0,0,2.9,0.2,0,21.3,852,21.7,21.2,75.4,797,6069,0,0.5,256,1.1,1.1,21.3,18.1,16.7
2026-05-18T07:51:06Z,0,0,0,3.4,0.2,0,22.6,851.9,23.3,22.6,69.9,897,7130,0,0.9,230,1.7,1.7,22.6,18.7,17.8
2026-05-18T08:06:12Z,0,0,0,3.8,0.2,0,23.3,851.7,24.2,23.7,67.9,971,7930,0,0.5,187,1.1,1.1,23.8,19.4,18.8
2026-05-18T08:21:18Z,0,0,0,0.9,0.2,0,22.9,851.7,23.6,22.9,67.6,427,2056,0,1.4,262,2.6,2.6,23,18.7,18.1
2026-05-18T08:36:25Z,0,0,0,1.1,0.2,0,21.9,851.7,22.1,21.9,71.2,466,2391,0,1,259,2,2,21.9,18.2,17.2
2026-05-18T08:51:51Z,0,0,0,4,0.2,0,23.4,851.4,23.9,23.7,63.9,1011,8332,0,1,198,2.4,2.4,23.7,18.8,18.7
2026-05-18T09:07:02Z,0,0,0,1.3,0.2,0,23.9,851.1,24.8,24.5,59.7,502,2576,0,0,202,0.2,0.2,24.5,19,19.4
2026-05-18T09:22:09Z,0,0,0,4.1,0.2,0,24.6,851,25.4,24.9,55.9,1014,8399,0,0.2,181,1.1,1.1,24.9,18.8,19.7
2026-05-18T09:37:16Z,0,0,0,1.3,0.2,0,24.2,850.7,24.9,24.5,59.5,503,2734,0,0.6,179,1.5,1.5,24.6,19,19.4
2026-05-18T09:52:22Z,0,0,0,3.6,0.2,0,23.5,850.5,23.8,23.5,60,924,7467,0,0.7,214,1.3,1.3,23.5,18.1,18.5
2026-05-18T10:07:29Z,0,0,0,1,0.2,0,24.2,850.3,24.9,24.7,56.9,449,2200,0,1.3,158,3.1,3.1,24.7,18.7,19.5
2026-05-18T10:22:54Z,0,0,0,3.8,0.2,0,24.1,850.1,24.6,24.3,57,972,7957,0,0,181,0.2,0.2,24.3,18.4,19.2
2026-05-18T10:38:01Z,0,0,0,1.5,0.2,0,25.4,849.9,26,25.4,55,537,2994,0,0.2,181,0.9,0.9,25.4,19.1,20.1
2026-05-18T10:53:13Z,0,0,0,3,0.2,0,25.6,849.6,26.4,26,55.4,811,6010,0,0,224,0.2,0.2,26,19.7,20.6
2026-05-18T11:08:20Z,0,0,0,2.6,0.2,0,25.3,849.4,25.7,26,47.7,750,5500,0,0,187,0.2,0.2,25.9,18.4,20.5
2026-05-18T11:23:27Z,0,0,0,3.1,0.2,0,26.7,849.1,27.5,27.3,49,836,6374,0,0,303,0.2,0.2,27.6,19.8,21.7
2026-05-18T11:38:33Z,0,0,0,1.5,0.2,0,25.3,848.8,26.1,26,49.7,541,3001,0,0.9,172,2,2,26,18.8,20.5
2026-05-18T11:54:28Z,0,0,0,3,0.2,0,26.2,848.5,26.3,27.1,46.9,808,6207,0,0.4,88,0.7,0.7,27.3,19.3,21.5
2026-05-18T12:10:22Z,0,0,0,0.9,0.2,0,26.1,848.3,26.6,26.9,50.2,426,1810,0,0.1,177,0.7,0.7,27.3,19.7,21.5
2026-05-18T12:25:28Z,0,0,0,1.1,0.2,0,25.5,848.2,25.9,26.3,48.9,471,2388,0,0.2,124,0.9,0.9,26.2,18.9,20.7
2026-05-18T12:40:35Z,0,0,0,0.4,0.2,0,25.2,848.2,25.4,25.8,55.3,332,1039,0,1.7,82,2.7,2.7,25.8,19.5,20.4
2026-05-18T12:56:00Z,0,0,0,0.7,0.2,0,24.5,848.1,24.6,25,59.7,389,1587,0,0,104,0.2,0.2,25,19.4,19.8
2026-05-18T13:11:07Z,0,0,0,0.8,0.2,0,24.6,848.2,24.8,25,58.1,400,1627,0,0.7,82,2,2,25.1,19.2,19.8
2026-05-18T13:26:14Z,0,0,0,1.6,0.2,0,24.6,848.2,24.8,25.2,59.2,557,3549,0,1.3,84,4.4,4.4,25.3,19.6,20
2026-05-18T13:41:21Z,0,0,0,1,0.2,0,24.1,848.2,24.3,24.7,61.3,440,2266,0,0.6,93,1.7,1.7,24.7,19.4,19.6
2026-05-18T13:56:27Z,0,0,0,0.5,0.2,0,23.6,848.3,23.8,24,63.8,343,1066,0,0.3,163,1.3,1.3,24.1,19.2,19
2026-05-18T14:11:34Z,0,0,0,0.3,0.2,0,23.5,848.4,23.8,24.2,63.6,316,752,0,0.1,83,0.7,0.7,24.2,19.3,19.2
2026-05-18T14:26:40Z,0,0,0,0.3,0.2,0,23.1,848.5,23.3,23.5,66.3,316,812,0,0,173,0,0,23.6,19,18.6
2026-05-18T14:42:05Z,0,0,0,0.2,0.2,0,22.7,848.5,22.9,23.1,66.5,293,569,0,0,113,0,0,23.1,18.7,18.3
2026-05-18T14:57:12Z,0,0,0,0.1,0.2,0,22.4,848.7,22.6,22.8,67.8,281,458,0,0.3,75,0.9,0.9,22.8,18.6,18
2026-05-18T15:12:18Z,0,0,0,0.1,0.2,0,22.1,848.9,22.2,22.4,69,268,319,0,0.5,59,1.1,1.1,22.4,18.4,17.7
2026-05-18T15:27:27Z,0,0,0,0,0.2,0,22,849.1,22.1,22.3,70,262,282,0,0,87,0,0,22.3,18.4,17.6
2026-05-18T15:42:34Z,0,0,0,0,0.2,0,21.7,849.2,21.9,22,70.9,259,254,0,0.3,89,1.1,1.1,22.1,18.3,17.4
2026-05-18T15:57:41Z,0,0,0,0,0.2,0,21.5,849.4,21.7,21.8,73,260,254,0,0,84,0,0,21.9,18.3,17.2
2026-05-18T16:12:48Z,0,0,0,0,0.2,0,21.3,849.5,21.4,21.6,73.2,260,252,0,0.2,134,0.9,0.9,21.6,18.2,17
2026-05-18T16:28:10Z,0,0,0,0,0.2,0,21.1,849.6,21.3,21.4,73.9,260,254,0,0.6,78,1.3,1.3,21.5,18.1,16.9
2026-05-18T16:43:17Z,0,0,0,0,0.2,0,21,849.7,21.1,21.3,74.8,260,254,0,0.2,171,1.1,1.1,21.3,18.1,16.7
2026-05-18T16:58:24Z,0,0,0,0,0.2,0,20.9,849.8,21,21.2,75,261,253,0,0.2,114,0.7,0.7,21.3,18.1,16.7
2026-05-18T17:13:30Z,0,0,0,0,0.2,0,20.7,850,20.8,21,77,259,254,0,0.1,109,0.4,0.4,21.1,18.2,16.6
2026-05-18T17:28:37Z,0,0,0,0,0.2,0,20.3,850.1,20.3,20.6,79.5,260,254,0,0,123,0,0,20.7,18,16.1
2026-05-18T17:43:44Z,0,0,0,0,0.2,0,20.1,850.2,20.2,20.4,81.4,260,254,0,0,14,0.2,0.2,20.5,18.1,16
2026-05-18T17:58:51Z,0,0,0,0,0.2,0,20,850.3,20.1,20.4,82,260,254,0,0,66,0,0,20.5,18.1,16
2026-05-18T18:14:13Z,0,0,0,0,0.2,0,20.1,850.2,20.2,20.4,81.4,260,254,0,0,106,0.2,0.2,20.5,18.1,16
2026-05-18T18:29:20Z,0,0,0,0,0.2,0,20.3,850.3,20.4,20.6,80.8,261,253,0,0.2,98,0.7,0.7,20.7,18.2,16.2
2026-05-18T18:44:20Z,0,0,0,0,0.2,0,20,850.8,19.9,20.1,84.4,263,253,0,0.3,352,1.1,1.1,20.3,18.2,15.8
2026-05-18T18:59:27Z,0,0,0.2,0,0.2,0,19,850.9,18.8,19,89.9,260,254,0,0.1,319,0.2,0.2,19.2,17.8,14.8
2026-05-18T19:14:34Z,0,0,0.4,0,0.2,0,18.4,850.9,18.5,18.6,92.2,260,253,0,0,335,0,0,18.8,17.7,14.5
2026-05-18T19:29:41Z,0,0,0.4,0,0.2,0,18.2,851,18.3,18.5,92.9,260,254,0,0.1,25,0.2,0.2,18.7,17.7,14.4
2026-05-18T19:44:48Z,0,0,0.6,0,0.2,0,18.2,851,18.2,18.5,93.9,259,254,0,0,28,0,0,18.7,17.8,14.4
2026-05-18T19:59:55Z,0,0,0.6,0,0.2,0,18.1,851,18.2,18.4,93.9,259,252,0,0,28,0,0,18.6,17.7,14.3
2026-05-18T20:15:17Z,0,0,0.6,0,0.2,0,18,851,18.1,18.3,93.7,260,253,0,0,28,0,0,18.5,17.5,14.2
2026-05-18T20:30:24Z,0,0,0.6,0,0.2,0,17.9,851,18.1,18.2,92.5,259,253,0,0,30,0,0,18.4,17.3,14.1
2026-05-18T20:45:31Z,0,0,0.6,0,0.2,0,18.1,851.1,18.2,18.5,88.3,261,253,0,0.5,179,1.5,1.5,18.6,17,14.2
2026-05-18T21:00:37Z,0,0,0.6,0,0.2,0,18.1,851,18.2,18.5,86.8,260,254,0,0,181,0.2,0.2,18.6,16.9,14.3
2026-05-18T21:15:44Z,0,0,0.6,0,0.2,0,18.2,851.1,18.2,18.6,85.2,260,253,0,0.6,179,1.5,1.5,18.7,16.8,14.3
2026-05-18T21:30:51Z,0,0,0.6,0,0.2,0,18.3,851,18.4,18.6,85.3,259,254,0,0,179,0.2,0.2,18.7,16.9,14.4
2026-05-18T21:45:59Z,0,0,0.6,0,0.2,0,18.2,850.8,18.3,18.5,85,259,253,0,0.1,201,0.2,0.2,18.6,16.7,14.3
2026-05-18T22:01:23Z,0,0,0.6,0,0.2,0,17.9,850.7,18.1,18.2,87,260,253,0,0,201,0.2,0.2,18.3,16.7,14
2026-05-18T22:16:30Z,0,0,0.6,0,0.2,0,17.9,850.8,18,18.2,87.6,260,253,0,0,201,0.2,0.2,18.3,16.7,14
2026-05-18T22:31:37Z,0,0,0.6,0,0.2,0,17.7,850.5,17.9,18.1,86.8,261,254,0,0.2,201,1.1,1.1,18.1,16.5,13.9
2026-05-18T22:46:44Z,0,0,0.6,0,0.2,0,17.4,850.4,17.5,17.8,87.8,259,254,0,0.1,201,0.4,0.4,17.8,16.3,13.6
2026-05-18T23:01:51Z,0,0,0.6,0,0.2,0,17.1,850.4,17.2,17.5,88.7,261,254,0,0.1,201,0.9,0.9,17.5,16.1,13.3
2026-05-18T23:16:58Z,0,0,0.6,0,0.2,0,17,850.3,17,17.3,89.6,261,252,0,0,200,0,0,17.4,16.1,13.1
2026-05-18T23:32:33Z,0,0,0.6,0,0.2,0,16.7,850.2,16.8,17,90.9,261,253,0,0,200,0,0,17.1,15.9,12.9
2026-05-18T23:47:39Z,0,0,0.6,0,0.2,0,16.5,850.1,16.5,16.7,91.6,260,253,0,0,200,0,0,16.8,15.7,12.6
2026-05-19T00:00:45Z,0,0,0.6,0,0.2,0,16.3,850.1,16.3,16.6,92.7,261,254,0,0,200,0,0,16.6,15.7,12.4
2026-05-19T00:15:52Z,0,0,0.6,0,0.2,0,16.2,850.2,16.2,16.5,93.8,261,254,0,0,200,0,0,16.6,15.8,12.4
2026-05-19T00:31:32Z,0,0,0.6,0,0.2,0,16.4,850.3,16.4,16.8,92.1,261,253,0,0.1,201,0.2,0.2,16.9,15.9,12.7
2026-05-19T00:46:56Z,0,0,0.6,0,0.2,0,16.7,850.4,16.8,17,91.2,260,253,0,0.3,201,1.1,1.1,17.1,16,12.9
2026-05-19T01:02:03Z,0,0,0.6,0,0.2,0,16.8,850.4,16.9,17.1,90.7,261,253,0,0,200,0,0,17.2,16,13
2026-05-19T01:17:10Z,0,0,0.6,0,0.2,0,16.9,850.4,16.9,17.2,91,259,253,0,0,201,0.2,0.2,17.3,16.1,13
2026-05-19T01:32:18Z,0,0,0.6,0,0.2,0,16.8,850.4,16.9,17.2,90.8,260,254,0,0,200,0,0,17.2,16.1,13
2026-05-19T01:47:25Z,0,0,0.6,0,0.2,0,16.8,850.5,16.9,17.1,91,260,254,0,0,200,0,0,17.2,16,12.9
2026-05-19T02:02:32Z,0,0,0.6,0,0.2,0,16.8,850.6,16.9,17.2,91.6,260,254,0,0,200,0,0,17.2,16.2,13
2026-05-19T02:17:39Z,0,0,0.6,0,0.2,0,16.8,850.7,16.9,17.1,92.4,260,253,0,0.1,201,0.4,0.4,17.2,16.2,13
2026-05-19T02:33:01Z,0,0,0.6,0,0.2,0,16.7,850.9,16.8,17,92.3,260,254,0,0,200,0,0,17.1,16.1,12.9
2026-05-19T02:48:08Z,0,0,0.6,0,0.2,0,16.6,850.9,16.6,16.9,92.4,259,254,0,0,200,0,0,16.9,16,12.7
2026-05-19T03:03:16Z,0,0,0.6,0,0.2,0,16.4,851.1,16.5,16.7,92.7,261,253,0,0,200,0,0,16.8,15.9,12.6
2026-05-19T03:18:23Z,0,0,0.6,0,0.2,0,16.2,851.1,16.2,16.5,93.2,261,262,0,0,200,0,0,16.6,15.7,12.4
2026-05-19T03:33:30Z,0,0,0.6,0.1,0.2,0,15.9,851.2,16.1,16.2,94.1,266,306,0,0,200,0,0,16.3,15.5,12.1
2026-05-19T03:48:37Z,0,0,0.6,0.1,0.2,0,15.9,851.2,16.2,16.2,94.8,279,411,0,0,200,0,0,16.3,15.6,12.1
2026-05-19T04:04:04Z,0,0,0.6,0.2,0.2,0,16.1,851.3,16.2,16.4,95.2,287,502,0,0,200,0,0,16.5,15.8,12.3
2026-05-19T04:19:10Z,0,0,0.6,0.3,0.2,0,16.6,851.2,16.7,16.7,95.5,313,756,0,0,200,0,0,16.8,16.2,12.6
2026-05-19T04:34:17Z,0,0,0.6,0.4,0.2,0,17,851.4,17.2,17.1,94.5,331,924,0,0.4,201,0.9,0.9,17.2,16.4,12.9
2026-05-19T04:49:25Z,0,0,0.6,0.8,0.2,0,18.4,851.5,18.6,17.9,91.2,401,1808,0,0.2,201,0.7,0.7,18,16.8,13.7
2026-05-19T05:04:32Z,0,0,0.6,0.9,0.2,0,19.2,851.6,19.4,18.6,89,434,2185,0,0,200,0,0,18.8,17.3,14.4
2026-05-19T05:20:13Z,0,0,0.6,1.2,0.2,0,19.9,851.8,19.8,19.4,86.2,481,2721,0,0.1,201,0.7,0.7,19.6,17.7,15.2
2026-05-19T05:35:20Z,0,0,0.6,0.9,0.2,0,21.1,851.9,21.2,20.4,81.6,417,1848,0,0.2,201,0.4,0.4,20.5,18.1,16
2026-05-19T05:50:28Z,0,0,0.6,0.9,0.2,0,20.9,851.9,21.2,20.5,79,418,1820,0,0.2,201,0.7,0.7,20.6,17.9,16.1
2026-05-19T06:05:35Z,0,0,0,2.2,0.6,0,20.6,851.8,20.9,20.3,79.6,659,4750,0,0.4,201,0.9,0.9,20.4,17.8,15.9
2026-05-19T06:20:42Z,0,0,0,1,0.6,0,20.6,851.9,20.6,20.1,78.8,451,2344,0,0.9,201,1.7,1.7,20.2,17.5,15.7
2026-05-19T06:36:09Z,0,0,0,0.9,0.6,0,20.3,851.9,20.4,20.2,78.3,426,2039,0,0.1,201,0.7,0.7,20.3,17.5,15.8
2026-05-19T06:51:16Z,0,0,0,0.9,0.6,0,20,851.8,20.4,20.1,78.5,431,1987,0,0.2,201,0.7,0.7,20.2,17.4,15.7
2026-05-19T07:06:23Z,0,0,0,1.4,0.6,0,21.1,851.7,21.4,21.1,73.2,508,2865,0,0.5,201,1.1,1.1,21.2,17.7,16.6
2026-05-19T07:21:29Z,0,0,0,3.1,0.6,0,21.8,851.7,21.9,21.6,72.2,841,6675,0,0.1,201,0.7,0.7,21.7,18.1,17.1
2026-05-19T07:36:36Z,0,0,0,1.3,0.6,0,22.7,851.6,23.2,22.6,70.1,498,2711,0,0.2,201,0.7,0.7,22.7,18.7,17.9
2026-05-19T07:51:42Z,0,0,0,2.5,0.6,0,21.9,851.5,21.9,21.6,71.7,719,5167,0,0.2,201,0.7,0.7,21.7,18,17
2026-05-19T08:06:49Z,0,0,0,3.4,0.6,0,24.7,851.5,25,24.7,67.5,896,7110,0,0.2,201,0.9,0.9,24.8,20.3,19.6
2026-05-19T08:22:13Z,0,0,0,4.2,0.6,0,25,851.3,25.2,24.5,60.3,1041,8792,0,1.6,201,2.3,2.3,24.6,19.1,19.4
2026-05-19T08:37:20Z,0,0,0,1.3,0.6,0,23.2,851.2,24.1,23.6,61.7,494,2658,0,0.2,201,0.4,0.4,23.6,18.5,18.7
2026-05-19T08:52:26Z,0,0,0,4.3,0.6,0,23.8,851,24.1,23.9,61,1065,8990,0,0.6,201,1.3,1.3,23.9,18.6,18.9
2026-05-19T09:07:33Z,0,0,0,4.2,0.6,0,25.7,850.8,26.4,26.1,55.7,1043,8677,0,0.5,201,1.7,1.7,26.1,19.8,20.6
2026-05-19T09:22:40Z,0,0,0,1.6,0.6,0,24.8,850.5,25.8,25.3,58,561,3171,0,0,197,0.2,0.2,25.4,19.5,20.1
2026-05-19T09:37:47Z,0,0,0,4,0.6,0,25.1,850.3,25.8,25.5,57,1009,8267,0,0,189,0.4,0.4,25.6,19.5,20.2
2026-05-19T09:52:53Z,0,0,0,0.9,0.6,0,25.1,850.3,25.8,25.8,54.5,429,1829,0,0.1,216,0.4,0.4,25.9,19.4,20.4
2026-05-19T10:08:19Z,0,0,0,2.6,0.6,0,25.2,849.9,25.9,25.6,55.2,737,5245,0,0,133,0,0,25.6,19.3,20.3
2026-05-19T10:23:25Z,0,0,0,3.9,0.6,0,25.1,849.8,25.6,25.8,54.5,988,8099,0,0.4,109,2.2,2.2,25.8,19.4,20.4
2026-05-19T10:38:32Z,0,0,0,3.8,0.6,0,26.8,849.6,27.2,27.5,48.4,960,7737,0,0.3,203,1.3,1.3,27.8,19.9,21.9
2026-05-19T10:53:39Z,0,0,0,1.4,0.6,0,26.1,849.6,26.8,26.9,52.9,512,2736,0,0.1,95,0.7,0.7,27.5,20.1,21.7
2026-05-19T11:08:45Z,0,0,0,3.3,0.6,0,26.7,849.3,27.2,27.7,49.7,881,6910,0,0.1,70,1.1,1.1,28.1,20.2,22.1
2026-05-19T11:23:51Z,0,0,0,1.3,0.6,0,27.5,849.1,27.6,28.7,47.2,507,2683,0,0.7,73,1.9,1.9,29,20.7,22.7
2026-05-19T11:38:58Z,0,0,0,3,0.6,0,26.4,849,26.8,27.2,49.4,826,6290,0,0.7,194,1.3,1.3,27.6,19.8,21.7
2026-05-19T11:54:22Z,0,0,0,2.9,0.6,0,27,848.8,27.6,27.8,48.4,797,5983,0,1.2,197,3.1,3.1,28.1,20.2,22.1
2026-05-19T12:09:28Z,0,0,0,2.5,0.6,0,27.7,848.6,28,28.6,44.5,732,5334,0,0.2,30,0.7,0.7,28.6,20.1,22.4
2026-05-19T12:24:35Z,0,0,0,2,0.6,0,26.2,848.4,26.6,27.1,46.6,638,4289,0,0.7,149,2,2,27.3,19.3,21.5
2026-05-19T12:39:41Z,0,0,0,2,0.6,0,26.5,848.4,26.6,27.5,46,635,4275,0,1.2,73,3.1,3.1,27.7,19.5,21.8
2026-05-19T12:54:48Z,0,0,0,1.8,0.6,0,26.9,848.4,27.6,28,46.5,596,3846,0,0.3,171,1.3,1.3,28.2,20,22.2
2026-05-19T13:09:54Z,0,0,0,1.6,0.6,0,26.3,848.4,26.8,27.6,46.7,555,3449,0,0.9,81,2.4,2.4,27.8,19.7,21.9
2026-05-19T13:25:01Z,0,0,0,1.5,0.6,0,25.4,848.5,26,26.4,51.4,528,3164,0,0.5,187,2,2,26.4,19.4,20.8
2026-05-19T13:40:26Z,0,0,0,0.9,0.6,0,25.3,848.6,26,26.3,51.4,422,1897,0,0.5,199,1.7,1.7,26.3,19.3,20.8
2026-05-19T13:55:33Z,0,0,0,0.9,0.6,0,25.2,848.7,26.1,26.2,52.8,422,1985,0,0.7,199,3.1,3.1,26.2,19.5,20.7
2026-05-19T14:10:40Z,0,0,0,0.8,0.6,0,25.1,848.8,25.6,26.4,52.7,402,1815,0,0.1,59,0.4,0.4,26.5,19.6,20.9
2026-05-19T14:25:47Z,0,0,0,0.5,0.6,0,24.6,848.9,25.2,25.8,55.5,343,1161,0,0.2,155,0.7,0.7,25.9,19.5,20.4
2026-05-19T14:40:53Z,0,0,0,0.2,0.6,0,23.5,848.9,23.8,24.1,58.2,293,506,0,0.7,131,1.1,1.1,24.1,18.4,19
2026-05-19T14:56:00Z,0,0,0,0.1,0.6,0,22.9,849.1,23.1,23.3,62.3,281,411,0,0.2,101,1.1,1.1,23.3,18.3,18.4
2026-05-19T15:11:06Z,0,0,0,0.1,0.6,0,22.4,849.3,22.6,22.8,63.6,271,322,0,0.3,92,1.1,1.1,22.8,18,18
2026-05-19T15:26:30Z,0,0,0,0,0.6,0,21.9,849.4,22.1,22.2,65.8,263,280,0,0.2,92,0.7,0.7,22.2,17.8,17.5
2026-05-19T15:41:36Z,0,0,0,0,0.6,0,21.4,849.5,21.5,21.7,68.1,260,256,0,0,129,0,0,21.7,17.6,17.1
2026-05-19T15:56:43Z,0,0,0,0,0.6,0,20.9,849.6,21.1,21.2,70.3,259,253,0,0,129,0,0,21.2,17.4,16.6
2026-05-19T16:11:50Z,0,0,0,0,0.6,0,20.9,849.6,21.1,21.1,71.9,261,254,0,0.1,148,0.4,0.4,21.2,17.6,16.6
2026-05-19T16:26:57Z,0,0,0,0,0.6,0,20.9,849.6,21,21.1,73.1,261,253,0,0.1,159,0.2,0.2,21.2,17.7,16.6
2026-05-19T16:42:03Z,0,0,0,0,0.6,0,20.6,849.7,20.7,20.9,74.6,261,255,0,0,106,0,0,20.9,17.7,16.4
2026-05-19T16:57:09Z,0,0,0,0,0.6,0,20.3,849.9,20.4,20.6,76.1,261,253,0,0,136,0.4,0.4,20.6,17.6,16.1
2026-05-19T17:12:36Z,0,0,0,0,0.6,0,20.3,850,20.4,20.6,76.2,261,254,0,0,119,0.4,0.4,20.6,17.6,16.1
2026-05-19T17:27:42Z,0,0,0,0,0.6,0,20,850.1,20.2,20.4,76.8,260,253,0,0,129,0,0,20.4,17.5,15.9
2026-05-19T17:42:49Z,0,0,0,0,0.6,0,19.7,850.1,19.8,20,78,259,254,0,0,129,0,0,20.1,17.3,15.6
2026-05-19T17:57:55Z,0,0,0,0,0.6,0,19.4,850.3,19.6,19.8,78.6,261,253,0,0.1,129,0.7,0.7,19.8,17.1,15.4
2026-05-19T18:13:02Z,0,0,0,0,0.6,0,19.2,850.5,19.3,19.5,80.9,262,254,0,0,129,0,0,19.5,17.1,15.1
2026-05-19T18:28:08Z,0,0,0,0,0.6,0,18.9,850.7,19.1,19.3,81.8,259,255,0,0,129,0,0,19.3,17,14.9
2026-05-19T18:43:15Z,0,0,0,0,0.6,0,19,850.9,19.2,19.4,83.7,260,253,0,0,129,0,0,19.5,17.4,15.1
2026-05-19T18:58:38Z,0,0,0,0,0.6,0,18.9,850.7,19.1,19.2,83.7,260,253,0,0,129,0,0,19.3,17.2,14.9
2026-05-19T19:13:45Z,0,0,0,0,0.6,0,18.6,851,18.7,18.9,85.6,261,253,0,0,129,0,0,19,17.2,14.7
2026-05-19T19:28:52Z,0,0,0,0,0.6,0,18.6,850.9,18.8,19,85.2,261,252,0,0,129,0.2,0.2,19.1,17.2,14.7
2026-05-19T19:43:59Z,0,0,0,0,0.6,0,18.6,851.1,18.8,19,84.9,260,253,0,0,129,0,0,19.1,17.2,14.7
2026-05-19T19:59:05Z,0,0,0,0,0.6,0,18.8,851.1,19.1,19.2,85.1,260,253,0,0,78,0,0,19.3,17.4,14.9
2026-05-19T20:14:11Z,0,0,0,0,0.6,0,18.9,851.1,19.1,19.2,84.2,260,253,0,0.1,96,0.4,0.4,19.3,17.3,15
2026-05-19T20:29:19Z,0,0,0,0,0.6,0,18.9,851,19,19.2,84,259,253,0,0,64,0.2,0.2,19.3,17.3,14.9
2026-05-19T20:44:42Z,0,0,0,0,0.6,0,18.9,850.9,19.1,19.2,84.5,262,254,0,0,107,0.2,0.2,19.3,17.3,14.9
2026-05-19T20:59:49Z,0,0,0,0,0.6,0,19,851,19.1,19.3,84.8,262,254,0,0,68,0.2,0.2,19.4,17.5,15
2026-05-19T21:14:56Z,0,0,0,0,0.6,0,19.1,850.9,19.2,19.4,83.7,261,253,0,0.7,86,1.6,1.6,19.5,17.4,15.1
2026-05-19T21:30:02Z,0,0,0,0,0.6,0,19,850.7,19.2,19.4,82.5,260,253,0,0,158,0.4,0.4,19.5,17.2,15.1
2026-05-19T21:45:09Z,0,0,0,0,0.6,0,18.5,850.4,18.6,18.9,84.2,260,253,0,0.2,156,0.7,0.7,19,17,14.7
2026-05-19T22:00:16Z,0,0,0,0,0.6,0,18,850.6,18.1,18.4,86.1,260,254,0,0,156,0.2,0.2,18.5,16.7,14.2
2026-05-19T22:15:23Z,0,0,0,0,0.6,0,17.9,850.6,18.1,18.3,87.3,260,254,0,0,156,0,0,18.4,16.8,14.1
2026-05-19T22:30:47Z,0,0,0,0,0.6,0,17.7,850.4,17.8,18,89.1,260,254,0,0.5,156,0.7,0.7,18.1,16.7,13.8
2026-05-19T22:45:54Z,0,0,0,0,0.6,0,17.5,850.2,17.6,17.8,89.5,262,253,0,0,156,0.7,0.7,17.9,16.6,13.6
2026-05-19T23:01:01Z,0,0,0,0,0.6,0,17.6,850.4,17.8,17.9,89.5,260,254,0,0,156,0,0,18,16.7,13.8
2026-05-19T23:16:28Z,0,0,0,0,0.6,0,17.6,850.4,17.8,18,89.3,259,253,0,0.6,174,1.3,1.3,18,16.7,13.8
2026-05-19T23:31:53Z,0,0,0,0,0.6,0,17.6,850.4,17.8,18,88.9,260,254,0,0.2,174,0.8,0.8,18,16.6,13.8
2026-05-19T23:47:00Z,0,0,0,0,0.6,0,17.5,850.2,17.7,17.9,89,260,254,0,0.2,201,1.3,1.3,17.9,16.5,13.7
2026-05-20T00:00:05Z,0,0,0,0,0.6,0,17.3,850.2,17.4,17.6,89.7,259,253,0,0,200,0,0,17.7,16.4,13.4
2026-05-20T00:15:12Z,0,0,0,0,0.6,0,17,850.4,17.1,17.3,90.5,260,254,0,0,200,0,0,17.4,16.2,13.2
2026-05-20T00:30:19Z,0,0,0,0,0.6,0,17,850.3,17.1,17.3,91.6,260,253,0,0,200,0,0,17.4,16.3,13.2
2026-05-20T00:45:27Z,0,0,0,0,0.6,0,16.9,850.3,17.1,17.2,91.9,260,255,0,0,200,0,0,17.3,16.3,13.1
2026-05-20T01:00:34Z,0,0,0,0,0.6,0,16.7,850.4,16.8,16.9,92.7,259,253,0,0,200,0,0,17,16.1,12.8
2026-05-20T01:15:41Z,0,0,0,0,0.6,0,16.4,850.6,16.5,16.7,93.4,261,252,0,0,200,0,0,16.8,15.9,12.6
2026-05-20T01:31:03Z,0,0,0,0,0.6,0,16.5,850.6,16.6,16.9,93.9,261,253,0,0,200,0,0,17,16.2,12.8
2026-05-20T01:46:10Z,0,0,0,0,0.6,0,16.9,850.6,16.9,17.2,93.3,261,253,0,0,200,0,0,17.3,16.4,13.1
2026-05-20T02:01:17Z,0,0,0,0,0.6,0,17.1,850.6,17.2,17.4,91.9,260,253,0,0,200,0,0,17.5,16.5,13.3
2026-05-20T02:16:24Z,0,0,0,0,0.6,0,17.1,850.7,17.2,17.5,91.1,261,254,0,0,200,0,0,17.6,16.4,13.3
2026-05-20T02:31:31Z,0,0,0,0,0.6,0,17.2,850.7,17.2,17.5,91,262,254,0,0,200,0,0,17.6,16.4,13.4
2026-05-20T02:46:38Z,0,0,0,0,0.6,0,17.2,850.9,17.2,17.5,90.7,260,254,0,0,200,0,0,17.6,16.4,13.4
2026-05-20T03:02:01Z,0,0,0,0,0.6,0,17.2,851,17.3,17.5,90.4,261,253,0,0,200,0,0,17.6,16.4,13.4
2026-05-20T03:17:08Z,0,0,0,0,0.6,0,17.2,851.2,17.4,17.6,90.1,259,256,0,0,200,0,0,17.7,16.4,13.4
2026-05-20T03:32:15Z,0,0,0,0,0.6,0,17.2,851.2,17.4,17.5,89.4,263,266,0,0,200,0,0,17.6,16.3,13.4
2026-05-20T03:47:23Z,0,0,0,0.1,0.6,0,17.3,851.4,17.4,17.6,89.3,266,304,0,0,200,0,0,17.7,16.3,13.4
2026-05-20T04:02:30Z,0,0,0,0.1,0.6,0,17.4,851.3,17.5,17.7,89.4,274,393,0,0,200,0,0,17.8,16.4,13.5
2026-05-20T04:17:38Z,0,0,0,0.2,0.6,0,17.6,851.4,17.8,17.9,89.3,297,624,0,0.5,201,1.3,1.3,18,16.6,13.7
2026-05-20T04:33:05Z,0,0,0,0.5,0.6,0,17.8,851.5,18,18,90.2,346,1159,0,0,201,0.2,0.2,18.1,16.8,13.8
2026-05-20T04:48:12Z,0,0,0,0.9,0.6,0,18.5,851.8,19.1,18.5,89.3,420,2185,0,0.2,201,0.9,0.9,18.6,17.2,14.3
2026-05-20T05:03:19Z,0,0,0,0.6,0.6,0,19.7,852,20.4,19.4,85.3,377,1443,0,0.1,201,0.4,0.4,19.5,17.6,15.1
2026-05-20T05:18:26Z,0,0,0,0.7,0.6,0,19.2,852.1,19.9,19,83.9,388,1541,0,0,200,0,0,19.1,17.1,14.7
2026-05-20T05:33:34Z,0,0,0,0.7,0.6,0,19.4,852.4,19.9,19.3,82.1,384,1526,0,0.3,201,1.1,1.1,19.3,17.1,15
2026-05-20T05:48:41Z,0,0,0,0.8,0.6,0,19.4,852.4,19.8,19.4,80,409,1716,0,1.2,201,2.4,2.4,19.4,16.9,15
2026-05-20T06:04:08Z,0,0,0,1.5,0,0,19.8,852.5,20.2,19.8,81.2,532,3130,0,0.5,201,1.1,1.1,19.9,17.5,15.5
2026-05-20T06:19:15Z,0,0,0,2.2,0,0,21.1,852.4,21.8,20.9,75.2,668,4761,0,0.4,201,0.9,0.9,21,17.8,16.4
2026-05-20T06:34:21Z,0,0,0,2.4,0,0,21.5,852.4,22,21.3,72.8,712,5192,0,0.6,201,1.7,1.7,21.4,17.9,16.8
2026-05-20T06:49:28Z,0,0,0,2.9,0,0,21.5,852.5,22.2,21.6,70.6,798,6264,0,1.4,201,2.6,2.6,21.7,17.9,17
2026-05-20T07:04:35Z,0,0,0,1,0,0,22.1,852.3,22.4,21.9,69.2,443,2250,0,1.4,201,2.8,2.8,21.9,17.9,17.2
2026-05-20T07:19:42Z,0,0,0,2.9,0,0,21.2,852.2,21.6,21.2,72.4,791,6026,0,0.1,201,0.7,0.7,21.3,17.8,16.7
2026-05-20T07:34:50Z,0,0,0,3.1,0,0,22.1,852,22.7,22,66.2,843,6594,0,1.8,199,2.6,2.6,22,17.7,17.3
2026-05-20T07:50:12Z,0,0,0,1.3,0,0,23.7,852,24.4,24,62.1,493,2555,0,1,200,2,2,24,18.9,19
2026-05-20T08:05:19Z,0,0,0,0.9,0,0,22.7,851.8,22.8,22.5,66.8,431,1977,0,0.8,249,2,2,22.5,18.2,17.8
2026-05-20T08:20:26Z,0,0,0,3.6,0,0,23.6,851.7,24.2,23.6,65.3,937,7675,0,0,211,0.2,0.2,23.7,19,18.7
2026-05-20T08:35:33Z,0,0,0,3.7,0,0,23.5,851.8,24.4,23.8,61.6,951,7672,0,0.5,210,2.4,2.4,23.9,18.7,18.9
2026-05-20T08:50:40Z,0,0,0,4.2,0,0,23.9,851.7,24.7,24.1,62.5,1042,8913,0,0.8,225,1.5,1.5,24.2,19.1,19.1
2026-05-20T09:05:47Z,0,0,0,4.1,0,0,23.5,851.7,24.1,23.9,59.7,1012,8459,0,0.3,213,0.9,0.9,23.8,18.4,18.8
2026-05-20T09:21:18Z,0,0,0,4.2,0,0,25.4,851.4,26.1,25.7,54.4,1040,8704,0,0.2,211,0.9,0.9,25.8,19.3,20.3
2026-05-20T09:36:25Z,0,0,0,1.1,0,0,24.4,851.2,25.1,24.8,58.9,456,2213,0,0.1,212,0.7,0.7,24.8,19.1,19.6
2026-05-20T09:51:32Z,0,0,0,4.1,0,0,26.2,850.9,26.8,26.5,54.9,1014,8500,0,0.3,212,1.1,1.1,26.5,20,20.9
2026-05-20T10:06:39Z,0,0,0,2.5,0,0,24.8,850.7,25.5,25.1,55.7,722,5196,0,0.4,210,0.7,0.7,25.1,19,19.8
2026-05-20T10:21:46Z,0,0,0,3.8,0,0,26.3,850.3,26.8,26.5,50.6,961,7824,0,0,210,0.2,0.2,26.5,19.4,20.9
2026-05-20T10:36:53Z,0,0,0,1.2,0,0,25.6,850.3,26.7,26.3,49.2,491,2469,0,0.9,211,2.6,2.6,26.3,19,20.8
2026-05-20T10:52:18Z,0,0,0,3.5,0,0,26.7,849.9,27.3,27,49,919,7337,0,0.2,212,0.9,0.9,27.3,19.5,21.5
2026-05-20T11:07:25Z,0,0,0,3.5,0,0,26.2,849.7,27.1,27,53.1,909,7169,0,0,199,0,0,27.6,20.2,21.7
2026-05-20T11:22:32Z,0,0,0,2.7,0,0,27.8,849.5,28.1,28.1,46.7,763,5581,0,0.5,200,1.3,1.3,28.3,20.1,22.2
2026-05-20T11:37:39Z,0,0,0,1,0,0,26,849.4,26.8,26.6,48,445,2170,0,0,197,0.4,0.4,26.6,19,21
2026-05-20T11:52:46Z,0,0,0,1.1,0,0,26.7,849,27.1,27.6,46.6,467,2289,0,0.1,101,0.5,0.5,27.8,19.7,21.8
2026-05-20T12:07:52Z,0,0,0,3,0,0,27.3,848.9,27.8,27.7,47.4,827,6506,0,0,306,0.2,0.2,27.9,19.9,22
2026-05-20T12:22:59Z,0,0,0,1,0,0,27,848.7,27.5,28,46.8,451,2267,0,0.3,87,1.3,1.3,28.2,20,22.2
2026-05-20T12:38:23Z,0,0,0,2.1,0,0,25.9,848.5,26.4,26.6,51.3,651,4472,0,0.7,179,2.2,2.2,26.7,19.6,21
2026-05-20T12:53:30Z,0,0,0,0.9,0,0,26.4,848.4,27.1,27.1,50,427,1960,0,0.1,192,0.7,0.7,27.5,19.8,21.7
2026-05-20T13:08:37Z,0,0,0,1.4,0,0,25.6,848.5,25.9,26.4,51.9,515,2964,0,1,91,2,2,26.4,19.5,20.9
2026-05-20T13:23:44Z,0,0,0,0.8,0,0,26.2,848.4,26.3,27.1,51.7,401,1669,0,1.1,105,2.6,2.6,27.7,20.1,21.8
2026-05-20T13:38:50Z,0,0,0,0.6,0,0,24.9,848.6,25.2,25.5,57.1,367,1403,0,0.1,186,0.4,0.4,25.5,19.5,20.2
2026-05-20T13:53:57Z,0,0,0,0.6,0,0,24.9,848.6,25.2,25.4,56.7,370,1442,0,0.1,187,0.7,0.7,25.4,19.3,20.1
2026-05-20T14:09:03Z,0,0,0,0.3,0,0,24.5,848.7,24.8,25,57,320,862,0,0,119,0.2,0.2,25.1,19.1,19.8
2026-05-20T14:24:27Z,0,0,0,0.3,0,0,24.2,848.9,24.4,24.6,57.6,308,759,0,0.5,197,0.9,0.9,24.6,18.8,19.5
2026-05-20T14:39:33Z,0,0,0,0.2,0,0,23.6,848.9,23.8,24.1,59.1,296,561,0,0.2,130,0.8,0.8,24.1,18.5,19
2026-05-20T14:54:40Z,0,0,0,0.1,0,0,23.1,849,23.2,23.5,61.6,278,373,0,0.8,92,2.6,2.6,23.5,18.3,18.5
2026-05-20T15:09:47Z,0,0,0,0.1,0,0,22.6,849.2,22.8,23,63.5,271,343,0,0.2,144,0.9,0.9,23,18.1,18.1
2026-05-20T15:24:54Z,0,0,0,0,0,0,22.3,849.2,22.4,22.6,64.6,265,280,0,0,125,0.2,0.2,22.6,18,17.8
2026-05-20T15:40:01Z,0,0,0,0,0,0,22,849.4,22.2,22.3,65.4,261,256,0,0,144,0.2,0.2,22.3,17.8,17.6
2026-05-20T15:55:09Z,0,0,0,0,0,0,21.7,849.5,21.9,22,67.3,260,254,0,0,117,0.2,0.2,22,17.8,17.3
2026-05-20T16:10:31Z,0,0,0,0,0,0,21.3,849.7,21.4,21.6,68.7,261,253,0,0,123,0,0,21.7,17.6,17
2026-05-20T16:25:38Z,0,0,0,0,0,0,21,849.8,21.2,21.4,70.2,261,253,0,0.1,151,0.7,0.7,21.4,17.6,16.8
2026-05-20T16:40:45Z,0,0,0,0,0,0,20.7,849.9,20.8,21,71.7,260,253,0,0,110,0,0,21,17.5,16.5
2026-05-20T16:55:52Z,0,0,0,0,0,0,20.4,850.2,20.5,20.7,72.7,261,252,0,0,145,0,0,20.7,17.3,16.2
2026-05-20T17:10:59Z,0,0,0,0,0,0,20.3,850.4,20.4,20.6,73.2,261,253,0,0,145,0,0,20.6,17.2,16.1
2026-05-20T17:26:06Z,0,0,0,0,0,0,20.3,850.5,20.4,20.6,73.1,260,253,0,0,145,0,0,20.6,17.2,16.1
2026-05-20T17:41:13Z,0,0,0,0,0,0,20.1,850.6,20.2,20.4,73.8,260,253,0,0,145,0,0,20.4,17.1,15.9
2026-05-20T17:56:35Z,0,0,0,0,0,0,19.8,850.7,20,20.2,75.8,260,252,0,0,145,0,0,20.2,17.2,15.7
2026-05-20T18:11:43Z,0,0,0,0,0,0,19.7,850.8,19.9,20.1,75.8,261,253,0,0,145,0,0,20.1,17.1,15.6
2026-05-20T18:26:50Z,0,0,0,0,0,0,19.8,850.8,19.9,20.1,76.5,259,253,0,0,145,0,0,20.2,17.2,15.7
2026-05-20T18:41:57Z,0,0,0,0,0,0,19.8,851,19.9,20.1,76,260,253,0,0,145,0,0,20.2,17.2,15.7
2026-05-20T18:57:44Z,0,0,0,0,0,0,19.6,851,19.8,20,77.1,260,254,0,0,145,0,0,20,17.1,15.5
2026-05-20T19:12:51Z,0,0,0,0,0,0,19.3,851.1,19.4,19.6,80.4,261,254,0,0,145,0.2,0.2,19.7,17.2,15.3
2026-05-20T19:27:57Z,0,0,0,0,0,0,19.2,851.1,19.3,19.5,81.4,261,252,0,0,145,0,0,19.5,17.2,15.1
2026-05-20T19:43:04Z,0,0,0,0,0,0,19.2,851.2,19.4,19.5,81.4,262,253,0,0,145,0,0,19.6,17.3,15.2
2026-05-20T19:58:11Z,0,0,0,0,0,0,19.2,851.2,19.4,19.6,81,260,253,0,0,145,0.2,0.2,19.7,17.3,15.3
2026-05-20T20:13:18Z,0,0,0,0,0,0,19.3,851.2,19.4,19.6,81.8,259,254,0,0,145,0.2,0.2,19.7,17.4,15.3
2026-05-20T20:28:42Z,0,0,0,0,0,0,19.3,851.3,19.5,19.7,81.4,260,254,0,0.1,144,0.4,0.4,19.7,17.4,15.3
2026-05-20T20:43:49Z,0,0,0,0,0,0,19.3,851.3,19.5,19.7,81.4,261,254,0,0,145,0,0,19.8,17.4,15.3
2026-05-20T20:58:56Z,0,0,0,0,0,0,19.5,851.3,19.6,19.8,76.5,260,254,0,0.3,189,1.3,1.3,19.9,16.9,15.4
2026-05-20T21:14:03Z,0,0,0,0,0,0,19.1,851.3,19.3,19.5,79.2,261,253,0,0,164,0.2,0.2,19.5,16.9,15.1
2026-05-20T21:29:31Z,0,0,0,0,0,0,18.7,851.3,18.9,19.1,81.3,262,254,0,1.7,177,3.7,3.7,19.1,16.8,14.8
2026-05-20T21:44:44Z,0,0,0,0,0,0,18.5,851.2,18.7,18.9,82.4,261,254,0,0.5,198,1.3,1.3,18.9,16.7,14.6
2026-05-20T21:59:51Z,0,0,0,0,0,0,18.3,851.1,18.4,18.7,83.8,260,253,0,0.2,201,1.1,1.1,18.7,16.7,14.4
2026-05-20T22:15:42Z,0,0,0,0,0,0,18,851.1,18.2,18.5,85,261,253,0,0.2,201,1.1,1.1,18.5,16.6,14.2
2026-05-20T22:31:07Z,0,0,0,0,0,0,18,850.8,18.1,18.4,85.9,259,253,0,0.4,201,0.9,0.9,18.4,16.6,14.1
2026-05-20T22:46:14Z,0,0,0,0,0,0,18,850.8,18.2,18.4,86,259,253,0,0.2,201,0.9,0.9,18.5,16.7,14.2
2026-05-20T23:01:21Z,0,0,0,0,0,0,18,850.9,18.2,18.4,86.4,261,254,0,0,200,0,0,18.5,16.8,14.2
2026-05-20T23:16:28Z,0,0,0,0,0,0,18,850.7,18.2,18.4,86.6,259,254,0,0,201,0.2,0.2,18.5,16.8,14.2
2026-05-20T23:31:35Z,0,0,0,0,0,0,17.9,850.6,18.1,18.3,86.2,259,254,0,0,201,0.2,0.2,18.4,16.7,14.1
2026-05-20T23:46:42Z,0,0,0,0,0,0,17.8,850.6,18,18.2,86.6,260,253,0,0.1,201,0.4,0.4,18.3,16.6,14
2026-05-21T00:00:07Z,0,0,0,0,0,0,17.8,850.5,18.1,18.2,87.3,261,253,0,0.4,201,1.1,1.1,18.3,16.7,14
2026-05-21T00:15:14Z,0,0,0,0,0,0,17.7,850.5,17.9,18.1,87.8,260,254,0,0,200,0,0,18.2,16.6,13.9
2026-05-21T00:30:21Z,0,0,0,0,0,0,17.7,850.7,17.8,18,88.2,261,254,0,0,200,0,0,18.1,16.6,13.8
2026-05-21T00:45:28Z,0,0,0,0,0,0,17.6,850.7,17.8,18,87.9,261,254,0,0,201,0.2,0.2,18,16.5,13.8
2026-05-21T01:00:36Z,0,0,0,0,0,0,17.7,850.9,17.9,18.1,88.4,261,254,0,0,200,0,0,18.1,16.7,13.9
2026-05-21T01:15:43Z,0,0,0,0,0,0,17.7,850.7,17.8,18,87.9,259,253,0,0,201,0.2,0.2,18.1,16.6,13.8
2026-05-21T01:30:50Z,0,0,0,0,0,0,17.7,850.6,17.8,18,88.4,260,254,0,0,200,0,0,18.1,16.6,13.8
2026-05-21T01:46:12Z,0,0,0,0,0,0,17.7,850.9,17.9,18,88.6,260,253,0,0,201,0.2,0.2,18.1,16.7,13.9
2026-05-21T02:01:19Z,0,0,0,0,0,0,17.6,850.9,17.8,18,88.8,261,253,0,0.1,201,0.4,0.4,18.1,16.6,13.8
2026-05-21T02:16:26Z,0,0,0,0,0,0,17.6,851.1,17.7,17.9,89.1,261,254,0,0,200,0,0,18,16.6,13.7
2026-05-21T02:31:33Z,0,0,0,0,0,0,17.6,851.3,17.8,18,89.4,259,253,0,0.1,201,0.7,0.7,18,16.7,13.8
2026-05-21T02:46:40Z,0,0,0,0,0,0,17.6,851.5,17.8,18,89.7,260,254,0,0.1,201,0.4,0.4,18.1,16.7,13.8
2026-05-21T03:01:47Z,0,0,0,0,0,0,17.5,851.5,17.7,17.9,90.9,260,254,0,0,201,0.2,0.2,18,16.8,13.7
2026-05-21T03:16:54Z,0,0,0,0,0,0,17.4,851.7,17.6,17.8,91.6,262,259,0,0,200,0,0,17.9,16.8,13.7
2026-05-21T03:32:16Z,0,0,0,0,0,0,17.4,851.9,17.6,17.8,91.9,263,290,0,0.1,201,0.4,0.4,17.9,16.8,13.6
2026-05-21T03:47:24Z,0,0,0,0.1,0,0,17.5,851.9,17.6,17.8,92.2,274,392,0,0,200,0,0,17.9,16.9,13.7
2026-05-21T04:02:31Z,0,0,0,0.1,0,0,17.4,852.1,17.6,17.8,91.5,281,456,0,0.1,201,0.7,0.7,17.9,16.8,13.6
2026-05-21T04:17:38Z,0,0,0,0.2,0,0,17.5,852.2,17.7,17.8,91.1,292,554,0,0,200,0,0,17.9,16.8,13.7
2026-05-21T04:32:45Z,0,0,0,0.5,0,0,17.9,852,18.1,18.1,89.7,346,1153,0,0.1,201,0.9,0.9,18.3,16.9,14
2026-05-21T04:47:52Z,0,0,0,0.7,0,0,18.3,852.3,18.6,18.6,88.6,384,1621,0,0,200,0,0,18.8,17.3,14.4
2026-05-21T05:03:19Z,0,0,0,0.2,0,0,18.8,852.5,19.1,19.2,84.3,301,715,0,0.1,201,0.2,0.2,19.3,17.3,14.9
2026-05-21T05:18:26Z,0,0,0,0.2,0,0,18.8,852.7,19,19.2,84.4,287,531,0,0,201,0.2,0.2,19.2,17.3,14.9
2026-05-21T05:33:33Z,0,0,0,0.3,0,0,18.4,852.8,18.7,18.8,85.6,304,700,0,0.1,201,0.9,0.9,18.8,17,14.5
2026-05-21T05:48:40Z,0,0,0,0.3,0,0,18.4,852.9,18.7,18.8,85.7,322,926,0,0.5,201,1.7,1.7,18.8,17,14.5
2026-05-21T06:03:47Z,0,0,0,0.4,0,0,18.4,853,18.7,18.8,85.5,336,1062,0,0.4,201,1.1,1.1,18.9,17,14.5
2026-05-21T06:18:54Z,0,0,0,0.7,0,0,19.1,853.1,19.3,19.5,83.4,380,1551,0,0,200,0,0,19.6,17.5,15.2
2026-05-21T06:34:02Z,0,0,0,1.2,0,0,19.2,853.1,19.5,19.6,82.1,477,2617,0,0,200,0,0,19.7,17.4,15.3
2026-05-21T06:49:24Z,0,0,0,1.4,0,0,20.4,853.1,21,20.7,76.6,513,3013,0,0.4,201,0.9,0.9,20.8,17.8,16.3
2026-05-21T07:04:31Z,0,0,0,1.3,0,0,20.1,853,20.4,20.1,78.4,499,2875,0,1.2,201,2,2,20.1,17.4,15.7
2026-05-21T07:19:38Z,0,0,0,1.7,0,0,20.8,852.9,21.2,21.1,75.2,566,3551,0,0.1,201,0.5,0.5,21.1,17.9,16.6
2026-05-21T07:34:45Z,0,0,0,1.5,0,0,21,852.8,21.4,20.9,75.4,531,3121,0,0.5,201,1.5,1.5,21,17.8,16.4
2026-05-21T07:49:52Z,0,0,0,1.6,0,0,21.7,852.7,22.1,21.7,73.3,561,3416,0,0.7,201,1.7,1.7,21.8,18.3,17.1
2026-05-21T08:04:59Z,0,0,0,1.9,0,0,21.6,852.6,22.1,21.8,71.5,619,3943,0,0,200,0,0,21.8,18.1,17.2
2026-05-21T08:20:06Z,0,0,0,2,0,0,22.4,852.3,23.5,22.8,66.2,633,4036,0,0.1,201,0.4,0.4,22.9,18.4,18
2026-05-21T08:35:28Z,0,0,0,3.7,0,0,23.2,852.2,24.1,23.4,64.5,954,7648,0,0.4,201,2.4,2.4,23.4,18.7,18.5
2026-05-21T08:50:34Z,0,0,0,3.8,0,0,25,852,25.6,25.5,59.4,962,7681,0,0.1,201,0.7,0.7,25.6,19.9,20.2
2026-05-21T09:05:40Z,0,0,0,4,0,0,25.7,851.8,26.4,26.4,56.5,1005,8158,0,0,200,0,0,26.5,20.2,20.9
2026-05-21T09:20:47Z,0,0,0,3.2,0,0,26.4,851.6,26.8,27,55.6,860,6575,0,0,200,0,0,27.8,20.6,21.9
2026-05-21T09:35:54Z,0,0,0,1.5,0,0,24.3,851.4,24.9,24.4,61.1,538,3148,0,0.1,201,0.4,0.4,24.5,19.1,19.3
2026-05-21T09:51:01Z,0,0,0,4.1,0,0,24.8,851.2,25.4,24.9,61.3,1016,8613,0,0.1,201,0.7,0.7,24.9,19.6,19.7
2026-05-21T10:06:40Z,0,0,0,3.9,0,0,24,851,24.7,24.4,60.3,992,8287,0,0.3,197,1.1,1.1,24.4,19,19.3
2026-05-21T10:21:46Z,0,0,0,3,0,0,25.8,850.8,26.6,26.2,56.4,808,6108,0,1.4,199,2,2,26.3,20,20.7
2026-05-21T10:36:53Z,0,0,0,1.1,0,0,25.2,850.5,25.6,25.2,56.9,458,2204,0,0.1,200,0.7,0.7,25.3,19.3,20
2026-05-21T10:52:00Z,0,0,0,1.4,0,0,25.9,850.4,26.4,26.5,52.7,511,2779,0,0.7,195,1.3,1.3,26.5,19.7,20.9
2026-05-21T11:07:07Z,0,0,0,1,0,0,25.4,850.1,25.8,25.5,55.4,443,2016,0,0.3,195,1.5,1.5,25.5,19.3,20.2
2026-05-21T11:22:28Z,0,0,0,3.4,0,0,25.8,849.8,26.3,26.4,52.9,885,6935,0,0.4,82,1.1,1.1,26.4,19.6,20.8
2026-05-21T11:37:36Z,0,0,0,0.8,0,0,27,849.6,27.9,27.7,50.3,398,1606,0,0.2,114,2,2,28.2,20.4,22.2
2026-05-21T11:52:42Z,0,0,0,2.9,0,0,25.2,849.6,25.9,25.7,55.4,804,6208,0,0.1,174,0.7,0.7,25.7,19.4,20.3
2026-05-21T12:07:49Z,0,0,0,2.5,0,0,26.3,849.4,26.7,26.4,51.4,728,5258,0,0.5,200,0.9,0.9,26.5,19.5,20.9
2026-05-21T12:22:56Z,0,0,0,2.5,0,0,27.4,849.2,27.8,27.9,47.8,723,5222,0,0.3,200,0.9,0.9,28.2,20.1,22.1
2026-05-21T12:38:03Z,0,0,0,2.4,0,0,27.9,849,28.6,28.2,45.5,712,5326,0,0.1,200,0.2,0.2,28.3,20,22.2
2026-05-21T12:53:10Z,0,0,0,1.2,0,0,28.1,849.1,28.5,29.1,47,481,2726,0,0.1,132,0.8,0.8,29.5,21,23.1
2026-05-21T13:08:33Z,0,0,0,0.6,0,0,25.8,849.1,26.1,26.6,54.8,360,1339,0,0.5,93,1.7,1.7,26.7,20.1,21
2026-05-21T13:23:40Z,0,0,0,0.4,0,0,24.9,849.1,25.1,25.4,59.2,330,978,0,0.1,162,0.4,0.4,25.5,19.8,20.2
2026-05-21T13:38:47Z,0,0,0,0.3,0,0,24.5,849.1,24.6,24.9,62.2,312,749,0,0.2,91,0.7,0.7,25,19.7,19.7
2026-05-21T13:53:54Z,0,0,0,0.2,0,0,24.2,849.2,24.2,24.5,62.3,298,597,0,0.8,66,2.2,2.2,24.6,19.4,19.4
2026-05-21T14:09:01Z,0,0,0,0.1,0,0,23.2,849.3,23.2,23.5,66.3,280,435,0,0.2,73,0.4,0.4,23.6,19,18.6
2026-05-21T14:24:08Z,0,0,0,0.1,0,0,22.3,849.5,22.4,22.7,69.2,272,348,0,0,119,0.2,0.2,22.7,18.7,17.9
2026-05-21T14:39:15Z,0,0,0,0,0,0,21.8,850,21.8,21.9,72.4,266,305,0,0.3,326,0.7,0.7,22,18.4,17.3
2026-05-21T14:54:37Z,0,0,0,0,0,0,21.5,850,21.7,21.8,73.8,265,280,0,1.5,302,2.4,2.4,21.9,18.5,17.2
2026-05-21T15:09:44Z,0,0,0,0,0,0,21.4,850.1,21.5,21.7,75,264,302,0,0,350,0.4,0.4,21.8,18.5,17.1
2026-05-21T15:24:51Z,0,0,0,0,0,0,20.8,850.2,20.8,21.1,76.2,262,269,0,0,317,0.2,0.2,21.1,18.1,16.6
2026-05-21T15:39:58Z,0,0,0,0,0,0,20,850.3,19.8,20.1,80.2,262,256,0,0.1,349,0.7,0.7,20.2,17.6,15.7
2026-05-21T15:55:05Z,0,0,0,0,0,0,19.2,850.2,19.2,19.5,84.7,259,254,0,0,328,0,0,19.6,17.6,15.2
2026-05-21T16:10:11Z,0,0,0,0,0,0,18.6,850.5,18.8,18.8,87.7,261,254,0,0,328,0,0,18.9,17.3,14.6
2026-05-21T16:25:44Z,0,0,0.2,0,0,0,18.4,850.5,18.6,18.7,87.4,260,254,0,0,328,0,0,18.8,17.2,14.5
2026-05-21T16:40:51Z,0,0,0.2,0,0,0,18.3,850.7,18.4,18.7,86.2,259,253,0,0,328,0,0,18.7,17,14.4
2026-05-21T16:55:58Z,0,0,0.2,0,0,0,18.1,850.8,18.2,18.5,86.9,260,254,0,0,328,0,0,18.6,16.9,14.3
2026-05-21T17:11:05Z,0,0,0.2,0,0,0,18.1,850.9,18.4,18.7,85.2,260,253,0,0,328,0,0,18.7,16.9,14.4
2026-05-21T17:26:12Z,0,0,0.2,0,0,0,18.4,851.1,18.6,18.8,87.9,260,253,0,0,328,0,0,19,17.4,14.6
2026-05-21T17:41:51Z,0,0,0.2,0,0,0,18.4,851.2,18.5,18.8,87.4,259,255,0,0,328,0,0,18.9,17.2,14.5
2026-05-21T17:56:58Z,0,0,0.2,0,0,0,18.5,851.4,18.6,18.9,88.4,260,253,0,0,327,0,0,19,17.5,14.7
2026-05-21T18:12:04Z,0,0,0.2,0,0,0,18.7,851.8,18.8,19.1,89.2,261,254,0,0,327,0,0,19.2,17.8,14.8
2026-05-21T18:27:11Z,0,0,0.2,0,0,0,18.9,852,19,19.3,89,260,253,0,0.3,323,0.9,0.9,19.4,17.9,15
2026-05-21T18:42:19Z,0,0,0.2,0,0,0,19,852,19.1,19.4,88.8,261,253,0,0,318,0,0,19.5,18,15.1
2026-05-21T18:57:45Z,0,0,0.2,0,0,0,18.8,852.2,18.9,19.2,88.3,259,254,0,0,101,0,0,19.3,17.8,14.9
2026-05-21T19:12:52Z,0,0,0.2,0,0,0,18.8,852.2,18.9,19.1,87.9,260,253,0,0,139,0,0,19.2,17.6,14.9
2026-05-21T19:27:59Z,0,0,0.2,0,0,0,18.7,852.2,18.8,19.1,88.6,260,254,0,0,139,0,0,19.2,17.7,14.8
2026-05-21T19:43:06Z,0,0,0.2,0,0,0,18.7,852.2,18.8,19,89.2,260,253,0,0,139,0,0,19.2,17.7,14.8
2026-05-21T19:58:14Z,0,0,0.2,0,0,0,18.7,852.1,18.8,19,89.7,261,252,0,0,139,0,0,19.2,17.8,14.8
2026-05-21T20:13:20Z,0,0,0.2,0,0,0,18.5,852.1,18.6,18.8,90.5,260,253,0,0,139,0,0,18.9,17.6,14.6
2026-05-21T20:28:27Z,0,0,0.2,0,0,0,18.2,852.1,18.4,18.6,90,260,254,0,0,139,0,0,18.7,17.4,14.4
2026-05-21T20:43:52Z,0,0,0.2,0,0,0,18,852.1,18.2,18.4,90.8,261,253,0,0,139,0,0,18.5,17.2,14.2
2026-05-21T20:58:59Z,0,0,0.2,0,0,0,17.8,851.9,17.9,18.1,91.3,260,254,0,0,139,0,0,18.3,17.1,14
2026-05-21T21:14:24Z,0,0,0.2,0,0,0,17.8,851.9,17.9,18,91,261,253,0,0,139,0.2,0.2,18.2,17,13.9
2026-05-21T21:29:31Z,0,0,0.2,0,0,0,17.8,851.7,18,18.2,89.1,259,254,0,0,139,0,0,18.3,16.9,14
2026-05-21T21:44:38Z,0,0,0.2,0,0,0,17.9,851.7,18,18.2,88.3,260,254,0,0,139,0,0,18.3,16.8,14
2026-05-21T21:59:45Z,0,0,0.2,0,0,0,18.3,851.6,18.4,18.6,87.5,261,254,0,0.1,146,0.7,0.7,18.7,17.1,14.4
2026-05-21T22:14:52Z,0,0,0.2,0,0,0,18.4,851.6,18.6,18.7,89.1,261,253,0,0,169,0,0,18.9,17.4,14.5
2026-05-21T22:29:58Z,0,0,0.2,0,0,0,18.2,851.5,18.4,18.6,86.5,259,254,0,0.2,169,0.9,0.9,18.7,17,14.4
2026-05-21T22:45:06Z,0,0,0.2,0,0,0,18,851.4,18.1,18.4,83,260,253,0,0.4,131,1.7,1.7,18.4,16.4,14.1
2026-05-21T23:00:27Z,0,0,0.2,0,0,0,17.5,851.3,17.6,17.9,80.2,261,254,0,0.2,193,0.7,0.7,17.9,15.5,13.6
2026-05-21T23:15:34Z,0,0,0.2,0,0,0,17,851.4,17.2,17.4,80.8,261,254,0,0.2,187,0.4,0.4,17.4,15.1,13.1
2026-05-21T23:30:41Z,0,0,0.2,0,0,0,16.9,851.3,17,17.3,81.5,261,252,0,0,186,0,0,17.2,15.1,13
2026-05-21T23:45:48Z,0,0,0.2,0,0,0,16.6,851.1,16.8,17,82.4,260,254,0,0.3,187,1.1,1.1,17,14.9,12.7
2026-05-22T00:00:55Z,0,0,0.2,0,0,0,16.4,851.3,16.5,16.8,84,260,253,0,0,186,0,0,16.8,14.9,12.5
2026-05-22T00:16:02Z,0,0,0.2,0,0,0,16.2,851.5,16.2,16.5,85.1,260,252,0,0,186,0,0,16.5,14.8,12.3
2026-05-22T00:31:08Z,0,0,0.2,0,0,0,15.9,851.4,16.2,16.3,85.7,262,254,0,0,186,0,0,16.3,14.7,12.1
2026-05-22T00:46:32Z,0,0,0.2,0,0,0,15.6,851.6,15.9,16,87.4,259,254,0,0,186,0,0,15.9,14.5,11.7
2026-05-22T01:01:39Z,0,0,0.2,0,0,0,15.4,851.7,15.7,15.8,89.8,260,255,0,0,186,0,0,15.8,14.6,11.6
2026-05-22T01:16:46Z,0,0,0.2,0,0,0,15.3,851.8,15.6,15.6,89.7,259,253,0,0,186,0,0,15.6,14.4,11.4
2026-05-22T01:31:53Z,0,0,0.2,0,0,0,15.1,851.8,15.4,15.4,90.6,260,253,0,0,186,0,0,15.4,14.4,11.2
2026-05-22T01:47:00Z,0,0,0.2,0,0,0,15,851.9,15.2,15.4,91,259,252,0,0,186,0,0,15.4,14.4,11.2
2026-05-22T02:02:07Z,0,0,0.2,0,0,0,14.9,851.9,15.2,15.3,91.8,262,254,0,0,186,0,0,15.3,14.4,11.1
2026-05-22T02:17:15Z,0,0,0.2,0,0,0,14.9,852,15.1,15.3,92.1,261,252,0,0,186,0,0,15.3,14.4,11.1
2026-05-22T02:32:36Z,0,0,0.2,0,0,0,14.8,851.9,15.1,15.2,92.3,260,253,0,0,186,0,0,15.2,14.3,11
2026-05-22T02:47:43Z,0,0,0.2,0,0,0,14.6,852.1,14.9,15,93.2,261,254,0,0,186,0,0,15,14.2,10.8
2026-05-22T03:02:50Z,0,0,0.2,0,0,0,14.5,852.3,14.8,14.9,93.7,260,254,0,0,186,0,0,14.9,14.1,10.7
2026-05-22T03:17:57Z,0,0,0.2,0,0,0,14.4,852.4,14.6,14.8,94,261,263,0,0,186,0,0,14.8,14.1,10.6
2026-05-22T03:33:03Z,0,0,0.2,0.1,0,0,14.4,852.6,14.8,14.8,94.3,266,311,0,0,186,0,0,14.8,14.2,10.6
2026-05-22T03:48:10Z,0,0,0.2,0.1,0,0,14.6,852.7,14.9,15.1,94.2,284,522,0,0,186,0,0,15.1,14.4,10.9
2026-05-22T04:03:17Z,0,0,0.2,0.3,0,0,15.1,852.8,15.5,15.4,93.2,308,825,0,0,187,0.2,0.2,15.5,14.7,11.3
2026-05-22T04:18:40Z,0,0,0.2,0.3,0,0,16.1,852.7,16.3,16.1,90.6,320,926,0,0,186,0,0,16.1,15,11.9
2026-05-22T04:33:46Z,0,0,0.2,0.4,0,0,17,852.8,17.2,16.7,86.7,329,938,0,0,186,0,0,16.7,15.2,12.5
2026-05-22T04:48:53Z,0,0,0.2,0.6,0,0,18.4,853,18.9,18,83,361,1334,0,0,186,0,0,18,16,13.7
2026-05-22T05:04:00Z,0,0,0.2,1.1,0,0,19.2,853.2,19.4,18.8,78.9,460,2530,0,0,186,0,0,18.8,16.2,14.5
2026-05-22T05:19:07Z,0,0,0.2,1.2,0,0,19.6,853.3,19.8,19.4,75.6,478,2685,0,0.1,187,0.4,0.4,19.4,16.4,15
2026-05-22T05:34:14Z,0,0,0.2,1.4,0,0,20.2,853.2,20.5,19.3,77.6,515,3075,0,0.5,187,1,1,19.3,16.6,14.9
2026-05-22T05:49:21Z,0,0,0.2,1.6,0,0,19,853.1,19.8,18.7,79.2,565,3573,0,0.3,187,0.7,0.7,18.7,16.2,14.4
2026-05-22T06:04:56Z,0,0,0,1.9,0.2,0,20,853.1,20.9,19.6,76.7,606,4021,0,0.8,187,2,2,19.7,16.8,15.3
2026-05-22T06:20:52Z,0,0,0,2.1,0.2,0,21.2,853.1,22,21,74.8,646,4500,0,0.6,187,1.5,1.5,21,17.8,16.5
2026-05-22T06:35:58Z,0,0,0,2.2,0.2,0,21,853.1,21.3,20.7,75.5,676,4822,0,0.3,187,1.1,1.1,20.8,17.7,16.3
2026-05-22T06:51:05Z,0,0,0,2.5,0.2,0,21.3,853,21.9,21.3,71.7,727,5329,0,0.4,187,1.3,1.3,21.4,17.7,16.8
2026-05-22T07:06:12Z,0,0,0,2.7,0.2,0,21.6,852.9,22.1,21.4,72.2,758,5657,0,0.3,187,0.7,0.7,21.5,17.9,16.8
2026-05-22T07:21:50Z,0,0,0,2.9,0.2,0,21.9,852.8,22.8,22.2,69.8,790,6007,0,0.7,187,1.7,1.7,22.3,18.3,17.5
2026-05-22T07:36:57Z,0,0,0,3,0.2,0,22.4,852.7,22.9,22.1,69.9,825,6395,0,0.7,187,1.7,1.7,22.2,18.3,17.5
2026-05-22T07:52:04Z,0,0,0,3.2,0.2,0,23.6,852.7,24.4,23.9,65.1,855,6699,0,0.2,187,1.1,1.1,23.9,19.2,18.9
2026-05-22T08:07:11Z,0,0,0,3.3,0.2,0,23.8,852.5,24.8,24,66.1,867,6835,0,0,191,0,0,24.1,19.5,19.1
2026-05-22T08:22:18Z,0,0,0,2.9,0.2,0,23.2,852.4,24.1,23.9,63.9,803,6173,0,0.5,183,2.3,2.3,24,19.1,18.9
2026-05-22T08:37:25Z,0,0,0,3.6,0.2,0,23.4,852.3,24,23.4,66.6,924,7338,0,0.1,193,0.7,0.7,23.5,19,18.5
2026-05-22T08:52:51Z,0,0,0,3.7,0.2,0,24.8,852.2,25.6,25.3,63.3,939,7529,0,0.7,193,1.3,1.3,25.4,20.2,20.1
2026-05-22T09:07:58Z,0,0,0,4,0.2,0,24.5,851.9,25.5,24.9,60.1,997,8146,0,1.1,193,1.7,1.7,25,19.4,19.7
2026-05-22T09:23:04Z,0,0,0,1.1,0.2,0,24.1,851.7,24.8,24.1,63,456,2221,0,0.5,193,1.7,1.7,24.2,19.1,19.1
2026-05-22T09:38:10Z,0,0,0,1.5,0.2,0,24.7,851.6,25.2,25.2,60.7,544,3157,0,1.1,193,2.6,2.6,25.3,19.8,20
2026-05-22T09:53:17Z,0,0,0,3.8,0.2,0,25.1,851.4,25.9,25.6,59,976,7893,0,0.1,193,0.7,0.7,25.7,19.9,20.3
2026-05-22T10:08:24Z,0,0,0,4,0.2,0,26.3,851.1,27,27,54.1,996,8153,0,0.1,193,1.1,1.1,27.7,20.4,21.8
2026-05-22T10:23:47Z,0,0,0,2.4,0.2,0,26.5,850.9,27.3,27.2,53.7,697,4652,0,0.3,175,1.7,1.7,27.9,20.5,21.9
2026-05-22T10:39:55Z,0,0,0,3.9,0.2,0,25.9,850.6,26.5,26.5,55.6,976,7951,0,0.2,175,0.9,0.9,26.6,20.2,21
2026-05-22T10:55:02Z,0,0,0,3.6,0.2,0,26.6,850.4,27.4,27.1,54,923,7325,0,0,176,0.2,0.2,27.8,20.4,21.8
2026-05-22T11:10:09Z,0,0,0,3.3,0.2,0,27.8,850.3,28.2,28.5,45.9,869,6732,0,0.6,189,1.1,1.1,28.6,20.3,22.5
2026-05-22T11:25:16Z,0,0,0,3.1,0.2,0,27.6,850,28.1,28.7,46.5,833,6339,0,0.7,191,1.1,1.1,28.9,20.6,22.7
2026-05-22T11:40:23Z,0,0,0,2.8,0.2,0,27.5,849.8,27.5,28.4,48.4,782,5801,0,1.6,68,3.5,3.5,28.7,20.6,22.5
2026-05-22T11:55:29Z,0,0,0,2.6,0.2,0,26.9,849.4,27.1,27.9,48.6,747,5433,0,0.1,152,0.7,0.7,28.3,20.3,22.2
2026-05-22T12:10:53Z,0,0,0,2.4,0.2,0,27.1,849.4,27.4,28,47.8,704,4967,0,0.9,52,2.9,2.9,28.3,20.2,22.2
2026-05-22T12:26:00Z,0,0,0,2.2,0.2,0,27.9,849.3,27.9,29.1,47.2,672,4630,0,0.6,84,1.5,1.5,29.4,21,23
2026-05-22T12:41:07Z,0,0,0,2,0.2,0,27.7,849.2,28.1,28.9,46.3,622,4117,0,0.4,143,1.1,1.1,29.1,20.7,22.8
2026-05-22T12:56:13Z,0,0,0,1.8,0.2,0,27.3,849.3,27.6,28.5,47.3,582,3700,0,0,126,0.4,0.4,28.8,20.6,22.6
2026-05-22T13:11:20Z,0,0,0,1.5,0.2,0,26.7,849.2,27.1,28.1,47.5,543,3279,0,0.6,104,1.1,1.1,28.3,20.2,22.3
2026-05-22T13:27:02Z,0,0,0,1.2,0.2,0,26.8,849.3,27.6,27.9,50.3,473,2523,0,0,189,0.2,0.2,28.4,20.6,22.3
2026-05-22T13:43:01Z,0,0,0,1.1,0.2,0,26.5,849.3,27.2,27.8,48.2,454,2341,0,0.2,159,1.1,1.1,28.1,20.1,22.1
2026-05-22T13:58:08Z,0,0,0,0.9,0.2,0,26.3,849.5,27,27.6,49.9,425,2036,0,0.3,149,1.1,1.1,28,20.2,22
2026-05-22T14:13:14Z,0,0,0,0.7,0.2,0,25.3,849.5,25.7,26.3,53.6,380,1581,0,1.6,68,2.6,2.6,26.4,19.7,20.8
2026-05-22T14:28:21Z,0,0,0,0.4,0.2,0,24.9,849.8,25.3,25.8,55.9,337,1093,0,1,83,2.2,2.2,25.9,19.6,20.4
2026-05-22T14:43:28Z,0,0,0,0.2,0.2,0,24.3,849.9,24.5,24.8,59.6,300,664,0,0.1,134,0.9,0.9,24.8,19.3,19.6
2026-05-22T14:58:36Z,0,0,0,0.1,0.2,0,23.7,850.1,23.9,24.1,61,271,315,0,0.4,144,1.3,1.3,24.2,18.9,19.1
2026-05-22T15:14:02Z,0,0,0,0,0.2,0,23.3,850.4,23.5,23.7,63.4,265,282,0,0.2,166,1.1,1.1,23.7,18.8,18.7
2026-05-22T15:29:08Z,0,0,0,0,0.2,0,22.9,850.4,23.1,23.3,66.7,263,266,0,0.3,166,0.7,0.7,23.3,18.9,18.4
2026-05-22T15:44:22Z,0,0,0,0,0.2,0,22.7,850.7,22.8,23,67.2,260,255,0,0.2,166,0.7,0.7,23.1,18.7,18.2
2026-05-22T15:59:29Z,0,0,0,0,0.2,0,22.4,850.6,22.6,22.7,67.9,261,253,0,0.5,166,2.2,2.2,22.8,18.5,18
2026-05-22T16:14:36Z,0,0,0,0,0.2,0,22.1,850.8,22.2,22.4,69.8,260,253,0,0.7,165,2.2,2.2,22.5,18.5,17.7
2026-05-22T16:30:03Z,0,0,0,0,0.2,0,22,850.8,22.1,22.3,70.3,260,254,0,0.3,115,0.9,0.9,22.3,18.4,17.6
2026-05-22T16:45:10Z,0,0,0,0,0.2,0,21.8,851.1,22,22.1,71,261,254,0,0.1,122,1.3,1.3,22.2,18.4,17.5
2026-05-22T17:00:18Z,0,0,0,0,0.2,0,21.6,851.2,21.8,22,72.1,261,254,0,0.3,73,1.3,1.3,22,18.4,17.3
2026-05-22T17:15:25Z,0,0,0,0,0.2,0,21.3,851.2,21.5,21.6,73.1,260,253,0,0.7,73,1.5,1.5,21.7,18.2,17.1
2026-05-22T17:31:13Z,0,0,0,0,0.2,0,21.1,851.3,21.2,21.5,73.5,260,254,0,0.8,73,2.4,2.4,21.5,18.1,16.9
2026-05-22T17:46:20Z,0,0,0,0,0.2,0,21.1,851.6,21.2,21.5,74,262,253,0,0.3,74,0.7,0.7,21.5,18.2,16.9
2026-05-22T18:02:15Z,0,0,0,0,0.2,0,21,851.6,21.2,21.4,75.2,260,253,0,0.4,148,1.3,1.3,21.4,18.2,16.8
2026-05-22T18:17:22Z,0,0,0,0,0.2,0,20.7,851.7,20.9,21.1,76.2,262,254,0,0.5,77,1.3,1.3,21.2,18.1,16.6
2026-05-22T18:32:28Z,0,0,0,0,0.2,0,20.4,851.9,20.6,20.8,77.4,261,252,0,1.1,77,2.6,2.6,20.9,18,16.3
2026-05-22T18:48:16Z,0,0,0,0,0.2,0,20.2,852,20.3,20.6,78.1,261,254,0,0.3,77,0.7,0.7,20.7,17.9,16.2
2026-05-22T19:04:15Z,0,0,0,0,0.2,0,20.1,852,20.2,20.5,78.6,260,254,0,0.1,77,0.4,0.4,20.5,17.8,16
2026-05-22T19:19:21Z,0,0,0,0,0.2,0,20,852,20.2,20.4,78.9,261,254,0,0,77,0.2,0.2,20.5,17.8,16
2026-05-22T19:34:28Z,0,0,0,0,0.2,0,19.9,852,20.1,20.3,79.1,260,253,0,0.4,76,1.1,1.1,20.4,17.7,15.9
2026-05-22T19:50:18Z,0,0,0,0,0.2,0,19.9,852.1,20,20.2,79.5,259,254,0,0.2,77,0.9,0.9,20.3,17.7,15.8
2026-05-22T20:05:42Z,0,0,0,0,0.2,0,19.8,852.1,19.9,20.1,79.5,261,253,0,0.1,161,0.4,0.4,20.2,17.6,15.8
2026-05-22T20:20:49Z,0,0,0,0,0.2,0,19.7,852,19.8,20,79.1,261,254,0,0.8,71,2,2,20.1,17.5,15.7
2026-05-22T20:35:56Z,0,0,0,0,0.2,0,19.6,852.1,19.8,19.9,79.6,260,254,0,0,79,0.2,0.2,20,17.4,15.5
2026-05-22T20:51:50Z,0,0,0,0,0.2,0,19.4,852,19.6,19.8,78.7,259,253,0,1.1,157,2.2,2.2,19.8,17.2,15.4
2026-05-22T21:06:57Z,0,0,0,0,0.2,0,19.1,852,19.2,19.5,78.6,259,254,0,0,100,0.2,0.2,19.6,16.9,15.2
2026-05-22T21:22:05Z,0,0,0,0,0.2,0,18.8,852.1,19.1,19.2,78.8,260,253,0,0.9,188,3.3,3.3,19.3,16.6,14.9
2026-05-22T21:37:12Z,0,0,0,0,0.2,0,18.6,852,18.8,19,79.3,260,253,0,0.2,164,0.7,0.7,19,16.5,14.7
2026-05-22T21:52:18Z,0,0,0,0,0.2,0,18.5,851.9,18.6,18.8,80.4,260,253,0,0,112,0.4,0.4,18.9,16.5,14.5
2026-05-22T22:07:45Z,0,0,0,0,0.2,0,18.1,851.9,18.2,18.5,81.2,260,253,0,0.3,143,1.1,1.1,18.5,16.2,14.2
2026-05-22T22:22:52Z,0,0,0,0,0.2,0,17.8,852,18,18.2,82.2,261,253,0,0.6,135,1.3,1.3,18.3,16.1,14
2026-05-22T22:37:59Z,0,0,0,0,0.2,0,17.6,851.8,17.8,18,83.3,259,254,0,0,207,0.2,0.2,18,16,13.7
2026-05-22T22:53:06Z,0,0,0,0,0.2,0,17.3,851.6,17.5,17.7,84.7,260,254,0,0.7,161,2,2,17.7,15.9,13.5
2026-05-22T23:08:13Z,0,0,0,0,0.2,0,17.3,851.7,17.4,17.7,85.1,260,253,0,0.4,169,1.1,1.1,17.7,15.9,13.4
2026-05-22T23:23:20Z,0,0,0,0,0.2,0,17.2,851.7,17.3,17.5,85.6,261,252,0,1,169,2.6,2.6,17.6,15.8,13.3
2026-05-22T23:38:27Z,0,0,0,0,0.2,0,17.1,851.7,17.3,17.5,85.8,260,254,0,0.1,170,0.7,0.7,17.6,15.9,13.3
2026-05-22T23:53:49Z,0,0,0,0,0.2,0,17.1,851.7,17.3,17.5,86.2,260,254,0,0.3,170,1.5,1.5,17.5,15.9,13.3
